[INFO] 10-07-2025 16:04:28 [main] LogUtils - ⚙\uFE0F Thời gian chạy toàn bộ test:Thu Jul 10 16:04:27 ICT 2025
[INFO] 10-07-2025 16:04:28 [main] LogUtils - ⚙️ Bắt đầu test suite cho class: UserLoginTest
[INFO] 10-07-2025 16:04:30 [TestNG-test=User Login Test-3] LogUtils - Login Data from Excel: [[Ljava.lang.Object;@2f647c35
[INFO] 10-07-2025 16:04:30 [TestNG-test=User Login Test-1] LogUtils - Login Data from Excel: [[Ljava.lang.Object;@3480213a
[INFO] 10-07-2025 16:04:30 [TestNG-test=User Login Test-2] LogUtils - Login Data from Excel: [[Ljava.lang.Object;@729c5809
[INFO] 10-07-2025 16:04:34 [TestNG-test=User Login Test-2] LogUtils - Run with Edge browser
[INFO] 10-07-2025 16:04:34 [TestNG-test=User Login Test-1] LogUtils - Run with Edge browser
[INFO] 10-07-2025 16:04:34 [TestNG-test=User Login Test-2] LogUtils - Bắt đầu chạy test: testUserLoginPageFailWithInvalidEmail
[INFO] 10-07-2025 16:04:35 [TestNG-test=User Login Test-3] LogUtils - Run with Edge browser
[INFO] 10-07-2025 16:04:35 [TestNG-test=User Login Test-1] LogUtils - Bắt đầu chạy test: testUserLoginPageSuccess
[INFO] 10-07-2025 16:04:35 [TestNG-test=User Login Test-3] LogUtils - Bắt đầu chạy test: testUserLoginPageFailWithInvalidPassword
[INFO] 10-07-2025 16:04:37 [TestNG-test=User Login Test-2] LogUtils - 🌐 Open URL: https://cms.anhtester.com/
[INFO] 10-07-2025 16:04:38 [TestNG-test=User Login Test-1] LogUtils - 🌐 Open URL: https://cms.anhtester.com/
[INFO] 10-07-2025 16:04:38 [TestNG-test=User Login Test-2] LogUtils - checkElementExist: true --- By.xpath: //b[normalize-space()='Website Demo']
[INFO] 10-07-2025 16:04:38 [TestNG-test=User Login Test-1] LogUtils - checkElementExist: true --- By.xpath: //b[normalize-space()='Website Demo']
[INFO] 10-07-2025 16:04:38 [TestNG-test=User Login Test-3] LogUtils - 🌐 Open URL: https://cms.anhtester.com/
[INFO] 10-07-2025 16:04:38 [TestNG-test=User Login Test-3] LogUtils - checkElementExist: true --- By.xpath: //b[normalize-space()='Website Demo']
[INFO] 10-07-2025 16:04:39 [TestNG-test=User Login Test-1] LogUtils - Click on element By.xpath: //b[normalize-space()='Website Demo']/following::button[@data-value='removed']
[INFO] 10-07-2025 16:04:39 [TestNG-test=User Login Test-2] LogUtils - Click on element By.xpath: //b[normalize-space()='Website Demo']/following::button[@data-value='removed']
[INFO] 10-07-2025 16:04:39 [TestNG-test=User Login Test-3] LogUtils - Click on element By.xpath: //b[normalize-space()='Website Demo']/following::button[@data-value='removed']
[INFO] 10-07-2025 16:04:40 [TestNG-test=User Login Test-2] LogUtils - Click on element By.xpath: (//a[normalize-space()='Login'])[1]
[INFO] 10-07-2025 16:04:40 [TestNG-test=User Login Test-1] LogUtils - Click on element By.xpath: (//a[normalize-space()='Login'])[1]
[INFO] 10-07-2025 16:04:40 [TestNG-test=User Login Test-2] LogUtils - checkElementExist: true --- By.xpath: //a[contains(normalize-space(), 'Forgot password')]
[INFO] 10-07-2025 16:04:40 [TestNG-test=User Login Test-1] LogUtils - checkElementExist: true --- By.xpath: //a[contains(normalize-space(), 'Forgot password')]
[INFO] 10-07-2025 16:04:40 [TestNG-test=User Login Test-3] LogUtils - Click on element By.xpath: (//a[normalize-space()='Login'])[1]
[INFO] 10-07-2025 16:04:40 [TestNG-test=User Login Test-3] LogUtils - checkElementExist: true --- By.xpath: //a[contains(normalize-space(), 'Forgot password')]
[INFO] 10-07-2025 16:04:40 [TestNG-test=User Login Test-2] LogUtils - Clear text on element By.xpath: //input[@id='email']
[INFO] 10-07-2025 16:04:40 [TestNG-test=User Login Test-1] LogUtils - Clear text on element By.xpath: //input[@id='email']
[INFO] 10-07-2025 16:04:41 [TestNG-test=User Login Test-3] LogUtils - Clear text on element By.xpath: //input[@id='email']
[INFO] 10-07-2025 16:04:41 [TestNG-test=User Login Test-2] LogUtils - Set text [customer123@example.com] on element: By.xpath: //input[@id='email']
[INFO] 10-07-2025 16:04:41 [TestNG-test=User Login Test-1] LogUtils - Set text [customer@example.com] on element: By.xpath: //input[@id='email']
[INFO] 10-07-2025 16:04:41 [TestNG-test=User Login Test-2] LogUtils - Clear text on element By.xpath: //input[@id='password']
[INFO] 10-07-2025 16:04:41 [TestNG-test=User Login Test-3] LogUtils - Set text [customer@example.com] on element: By.xpath: //input[@id='email']
[INFO] 10-07-2025 16:04:41 [TestNG-test=User Login Test-1] LogUtils - Clear text on element By.xpath: //input[@id='password']
[INFO] 10-07-2025 16:04:42 [TestNG-test=User Login Test-3] LogUtils - Clear text on element By.xpath: //input[@id='password']
[INFO] 10-07-2025 16:04:42 [TestNG-test=User Login Test-2] LogUtils - Set text [123456] on element: By.xpath: //input[@id='password']
[INFO] 10-07-2025 16:04:42 [TestNG-test=User Login Test-1] LogUtils - Set text [123456] on element: By.xpath: //input[@id='password']
[INFO] 10-07-2025 16:04:42 [TestNG-test=User Login Test-3] LogUtils - Set text [123] on element: By.xpath: //input[@id='password']
[INFO] 10-07-2025 16:04:43 [TestNG-test=User Login Test-2] LogUtils - Click on element By.xpath: //button[normalize-space()='Login']
[INFO] 10-07-2025 16:04:44 [TestNG-test=User Login Test-3] LogUtils - Click on element By.xpath: //button[normalize-space()='Login']
[INFO] 10-07-2025 16:04:44 [TestNG-test=User Login Test-1] LogUtils - Click on element By.xpath: //button[normalize-space()='Login']
[INFO] 10-07-2025 16:04:45 [TestNG-test=User Login Test-2] LogUtils - Get text of element: By.xpath: //span[contains(normalize-space(), 'Invalid login')] || ==> Text Return: Invalid login credentials
[INFO] 10-07-2025 16:04:45 [TestNG-test=User Login Test-2] LogUtils - Verify login fail success !
[INFO] 10-07-2025 16:04:45 [TestNG-test=User Login Test-2] LogUtils - ✅ Đây là Test case chạy thành công: testUserLoginPageFailWithInvalidEmail
[INFO] 10-07-2025 16:04:46 [TestNG-test=User Login Test-3] LogUtils - Get text of element: By.xpath: //span[contains(normalize-space(), 'Invalid login')] || ==> Text Return: Invalid login credentials
[INFO] 10-07-2025 16:04:46 [TestNG-test=User Login Test-3] LogUtils - Verify login fail success !
[INFO] 10-07-2025 16:04:46 [TestNG-test=User Login Test-3] LogUtils - ✅ Đây là Test case chạy thành công: testUserLoginPageFailWithInvalidPassword
[INFO] 10-07-2025 16:04:46 [TestNG-test=User Login Test-1] LogUtils - checkElementExist: true --- By.xpath: (//span[normalize-space()='Dashboard'])[1]
[INFO] 10-07-2025 16:04:46 [TestNG-test=User Login Test-1] LogUtils - Verify login success !
[INFO] 10-07-2025 16:04:46 [TestNG-test=User Login Test-1] LogUtils - ✅ Đây là Test case chạy thành công: testUserLoginPageSuccess
[INFO] 10-07-2025 16:04:47 [main] LogUtils - ⭐️ Total test: 3
[INFO] 10-07-2025 16:04:47 [main] LogUtils - ⭐️ Passed: 3
[INFO] 10-07-2025 16:04:47 [main] LogUtils - ⭐️ Failed: 0
[INFO] 10-07-2025 16:04:47 [main] LogUtils - ⭐️ Skipped: 0
[INFO] 10-07-2025 16:04:47 [main] LogUtils - 🟢 Kết thúc toàn bộ suite: User Login Test
[INFO] 10-07-2025 16:04:51 [main] LogUtils - ✅ Email with attachments sent!
[INFO] 10-07-2025 16:04:51 [main] LogUtils - ⚙\uFE0F Thời gian chạy toàn bộ test:Thu Jul 10 16:04:51 ICT 2025
[INFO] 10-07-2025 16:04:51 [main] LogUtils - ⚙️ Bắt đầu test suite cho class: UserUpdateProfileTest
[INFO] 10-07-2025 16:04:53 [main] LogUtils - Run with Edge browser
[INFO] 10-07-2025 16:04:53 [main] LogUtils - Bắt đầu chạy test: testUpdateUserWithAddNewName
[INFO] 10-07-2025 16:04:59 [main] LogUtils - 🌐 Open URL: https://cms.anhtester.com/
[INFO] 10-07-2025 16:04:59 [main] LogUtils - checkElementExist: true --- By.xpath: //b[normalize-space()='Website Demo']
[INFO] 10-07-2025 16:05:00 [main] LogUtils - Click on element By.xpath: //b[normalize-space()='Website Demo']/following::button[@data-value='removed']
[INFO] 10-07-2025 16:05:03 [main] LogUtils - Click on element By.xpath: (//a[normalize-space()='Login'])[1]
[INFO] 10-07-2025 16:05:03 [main] LogUtils - checkElementExist: true --- By.xpath: //a[contains(normalize-space(), 'Forgot password')]
[INFO] 10-07-2025 16:05:03 [main] LogUtils - Clear text on element By.xpath: //input[@id='email']
[INFO] 10-07-2025 16:05:03 [main] LogUtils - Set text [customer@example.com] on element: By.xpath: //input[@id='email']
[INFO] 10-07-2025 16:05:04 [main] LogUtils - Clear text on element By.xpath: //input[@id='password']
[INFO] 10-07-2025 16:05:04 [main] LogUtils - Set text [123456] on element: By.xpath: //input[@id='password']
[INFO] 10-07-2025 16:05:05 [main] LogUtils - Click on element By.xpath: //button[normalize-space()='Login']
[INFO] 10-07-2025 16:05:05 [main] LogUtils - checkElementExist: true --- By.xpath: (//span[normalize-space()='Dashboard'])[1]
[INFO] 10-07-2025 16:05:05 [main] LogUtils - Verify login success !
[INFO] 10-07-2025 16:05:06 [main] LogUtils - checkElementExist: true --- By.xpath: (//span[normalize-space()='Manage Profile'])[1]
[INFO] 10-07-2025 16:05:08 [main] LogUtils - Click on element By.xpath: (//span[normalize-space()='Manage Profile'])[1]
[INFO] 10-07-2025 16:05:08 [main] LogUtils - Get current url: https://cms.anhtester.com/profile
[INFO] 10-07-2025 16:05:08 [main] LogUtils - checkElementExist: true --- By.xpath: //button[normalize-space()='Update Profile']
[INFO] 10-07-2025 16:05:09 [main] LogUtils - checkElementExist: true --- By.xpath: //input[@placeholder='Your name' and @name='name']
[INFO] 10-07-2025 16:05:09 [main] LogUtils - Get attribute of element By.xpath: //input[@placeholder='Your name' and @name='name']
[INFO] 10-07-2025 16:05:09 [main] LogUtils - ==> Attribute value: 
[INFO] 10-07-2025 16:05:09 [main] LogUtils - Clear text on element By.xpath: //input[@placeholder='Your name' and @name='name']
[INFO] 10-07-2025 16:05:09 [main] LogUtils - Set text [ Hoàng] on element: By.xpath: //input[@placeholder='Your name' and @name='name']
[INFO] 10-07-2025 16:05:09 [main] LogUtils - checkElementExist: true --- By.xpath: //button[normalize-space()='Update Profile']
[INFO] 10-07-2025 16:05:11 [main] LogUtils - Click on element By.xpath: //button[normalize-space()='Update Profile']
[INFO] 10-07-2025 16:05:12 [main] LogUtils - checkElementExist: true --- By.xpath: //input[@placeholder='Your name' and @name='name']
[INFO] 10-07-2025 16:05:12 [main] LogUtils - Get attribute of element By.xpath: //input[@placeholder='Your name' and @name='name']
[INFO] 10-07-2025 16:05:12 [main] LogUtils - ==> Attribute value: Hoàng
[INFO] 10-07-2025 16:05:12 [main] LogUtils - checkElementExist: true --- By.xpath: //span[contains(normalize-space(), 'updated successfully')]
[INFO] 10-07-2025 16:05:12 [main] LogUtils - verifyUpdateUserProfileSuccess: profile updated successfully!
[INFO] 10-07-2025 16:05:12 [main] LogUtils - checkElementExist: true --- By.xpath: //span[contains(normalize-space(), 'updated successfully')]
[INFO] 10-07-2025 16:05:12 [main] LogUtils - verifyUpdateUserProfileSuccess: profile updated successfully!
[INFO] 10-07-2025 16:05:12 [main] LogUtils - ✅ Đây là Test case chạy thành công: testUpdateUserWithAddNewName
[INFO] 10-07-2025 16:05:15 [main] LogUtils - Run with Edge browser
[INFO] 10-07-2025 16:05:15 [main] LogUtils - Bắt đầu chạy test: testUpdateUserWithChangeValue
[INFO] 10-07-2025 16:05:17 [main] LogUtils - 🌐 Open URL: https://cms.anhtester.com/
[INFO] 10-07-2025 16:05:17 [main] LogUtils - checkElementExist: true --- By.xpath: //b[normalize-space()='Website Demo']
[INFO] 10-07-2025 16:05:17 [main] LogUtils - Click on element By.xpath: //b[normalize-space()='Website Demo']/following::button[@data-value='removed']
[INFO] 10-07-2025 16:05:18 [main] LogUtils - Click on element By.xpath: (//a[normalize-space()='Login'])[1]
[INFO] 10-07-2025 16:05:18 [main] LogUtils - checkElementExist: true --- By.xpath: //a[contains(normalize-space(), 'Forgot password')]
[INFO] 10-07-2025 16:05:19 [main] LogUtils - Clear text on element By.xpath: //input[@id='email']
[INFO] 10-07-2025 16:05:19 [main] LogUtils - Set text [customer@example.com] on element: By.xpath: //input[@id='email']
[INFO] 10-07-2025 16:05:19 [main] LogUtils - Clear text on element By.xpath: //input[@id='password']
[INFO] 10-07-2025 16:05:20 [main] LogUtils - Set text [123456] on element: By.xpath: //input[@id='password']
[INFO] 10-07-2025 16:05:21 [main] LogUtils - Click on element By.xpath: //button[normalize-space()='Login']
[INFO] 10-07-2025 16:05:21 [main] LogUtils - checkElementExist: true --- By.xpath: (//span[normalize-space()='Dashboard'])[1]
[INFO] 10-07-2025 16:05:21 [main] LogUtils - Verify login success !
[INFO] 10-07-2025 16:05:22 [main] LogUtils - checkElementExist: true --- By.xpath: (//span[normalize-space()='Manage Profile'])[1]
[INFO] 10-07-2025 16:05:24 [main] LogUtils - Click on element By.xpath: (//span[normalize-space()='Manage Profile'])[1]
[INFO] 10-07-2025 16:05:24 [main] LogUtils - Get current url: https://cms.anhtester.com/profile
[INFO] 10-07-2025 16:05:24 [main] LogUtils - checkElementExist: true --- By.xpath: //button[normalize-space()='Update Profile']
[INFO] 10-07-2025 16:05:24 [main] LogUtils - checkElementExist: true --- By.xpath: //input[@placeholder='Your name' and @name='name']
[INFO] 10-07-2025 16:05:24 [main] LogUtils - Get attribute of element By.xpath: //input[@placeholder='Your name' and @name='name']
[INFO] 10-07-2025 16:05:24 [main] LogUtils - ==> Attribute value: Hoàng
[INFO] 10-07-2025 16:05:24 [main] LogUtils - Clear text on element By.xpath: //input[@placeholder='Your name' and @name='name']
[INFO] 10-07-2025 16:05:25 [main] LogUtils - Set text [Tài] on element: By.xpath: //input[@placeholder='Your name' and @name='name']
[INFO] 10-07-2025 16:05:25 [main] LogUtils - checkElementExist: true --- By.xpath: //button[normalize-space()='Update Profile']
[INFO] 10-07-2025 16:05:26 [main] LogUtils - Click on element By.xpath: //button[normalize-space()='Update Profile']
[INFO] 10-07-2025 16:05:27 [main] LogUtils - checkElementExist: true --- By.xpath: //input[@placeholder='Your name' and @name='name']
[INFO] 10-07-2025 16:05:27 [main] LogUtils - Get attribute of element By.xpath: //input[@placeholder='Your name' and @name='name']
[INFO] 10-07-2025 16:05:27 [main] LogUtils - ==> Attribute value: Tài
[INFO] 10-07-2025 16:05:27 [main] LogUtils - checkElementExist: true --- By.xpath: //span[contains(normalize-space(), 'updated successfully')]
[INFO] 10-07-2025 16:05:27 [main] LogUtils - verifyUpdateUserProfileSuccess: profile updated successfully!
[INFO] 10-07-2025 16:05:27 [main] LogUtils - checkElementExist: true --- By.xpath: //span[contains(normalize-space(), 'updated successfully')]
[INFO] 10-07-2025 16:05:27 [main] LogUtils - verifyUpdateUserProfileSuccess: profile updated successfully!
[INFO] 10-07-2025 16:05:27 [main] LogUtils - ✅ Đây là Test case chạy thành công: testUpdateUserWithChangeValue
[INFO] 10-07-2025 16:05:30 [main] LogUtils - Run with Edge browser
[INFO] 10-07-2025 16:05:30 [main] LogUtils - Bắt đầu chạy test: testUpdateUserWithDeletePart
[INFO] 10-07-2025 16:05:32 [main] LogUtils - 🌐 Open URL: https://cms.anhtester.com/
[INFO] 10-07-2025 16:05:32 [main] LogUtils - checkElementExist: true --- By.xpath: //b[normalize-space()='Website Demo']
[INFO] 10-07-2025 16:05:32 [main] LogUtils - Click on element By.xpath: //b[normalize-space()='Website Demo']/following::button[@data-value='removed']
[INFO] 10-07-2025 16:05:33 [main] LogUtils - Click on element By.xpath: (//a[normalize-space()='Login'])[1]
[INFO] 10-07-2025 16:05:33 [main] LogUtils - checkElementExist: true --- By.xpath: //a[contains(normalize-space(), 'Forgot password')]
[INFO] 10-07-2025 16:05:34 [main] LogUtils - Clear text on element By.xpath: //input[@id='email']
[INFO] 10-07-2025 16:05:34 [main] LogUtils - Set text [customer@example.com] on element: By.xpath: //input[@id='email']
[INFO] 10-07-2025 16:05:34 [main] LogUtils - Clear text on element By.xpath: //input[@id='password']
[INFO] 10-07-2025 16:05:35 [main] LogUtils - Set text [123456] on element: By.xpath: //input[@id='password']
[INFO] 10-07-2025 16:05:36 [main] LogUtils - Click on element By.xpath: //button[normalize-space()='Login']
[INFO] 10-07-2025 16:05:36 [main] LogUtils - checkElementExist: true --- By.xpath: (//span[normalize-space()='Dashboard'])[1]
[INFO] 10-07-2025 16:05:36 [main] LogUtils - Verify login success !
[INFO] 10-07-2025 16:05:37 [main] LogUtils - checkElementExist: true --- By.xpath: (//span[normalize-space()='Manage Profile'])[1]
[INFO] 10-07-2025 16:05:38 [main] LogUtils - Click on element By.xpath: (//span[normalize-space()='Manage Profile'])[1]
[INFO] 10-07-2025 16:05:38 [main] LogUtils - Get current url: https://cms.anhtester.com/profile
[INFO] 10-07-2025 16:05:39 [main] LogUtils - checkElementExist: true --- By.xpath: //button[normalize-space()='Update Profile']
[INFO] 10-07-2025 16:05:39 [main] LogUtils - checkElementExist: true --- By.xpath: //input[@placeholder='Your name' and @name='name']
[INFO] 10-07-2025 16:05:39 [main] LogUtils - Get attribute of element By.xpath: //input[@placeholder='Your name' and @name='name']
[INFO] 10-07-2025 16:05:39 [main] LogUtils - ==> Attribute value: Tài
[INFO] 10-07-2025 16:05:39 [main] LogUtils - Clear text on element By.xpath: //input[@placeholder='Your name' and @name='name']
[INFO] 10-07-2025 16:05:39 [main] LogUtils - Set text [] on element: By.xpath: //input[@placeholder='Your name' and @name='name']
[INFO] 10-07-2025 16:05:39 [main] LogUtils - checkElementExist: true --- By.xpath: //button[normalize-space()='Update Profile']
[INFO] 10-07-2025 16:05:41 [main] LogUtils - Click on element By.xpath: //button[normalize-space()='Update Profile']
[INFO] 10-07-2025 16:05:42 [main] LogUtils - checkElementExist: true --- By.xpath: //input[@placeholder='Your name' and @name='name']
[INFO] 10-07-2025 16:05:42 [main] LogUtils - checkElementExist: true --- By.xpath: //span[contains(normalize-space(), 'updated successfully')]
[INFO] 10-07-2025 16:05:42 [main] LogUtils - verifyUpdateUserProfileSuccess: profile updated successfully!
[INFO] 10-07-2025 16:05:42 [main] LogUtils - ✅ Đây là Test case chạy thành công: testUpdateUserWithDeletePart
[INFO] 10-07-2025 16:05:43 [main] LogUtils - ⭐️ Total test: 6
[INFO] 10-07-2025 16:05:43 [main] LogUtils - ⭐️ Passed: 6
[INFO] 10-07-2025 16:05:43 [main] LogUtils - ⭐️ Failed: 0
[INFO] 10-07-2025 16:05:43 [main] LogUtils - ⭐️ Skipped: 0
[INFO] 10-07-2025 16:05:43 [main] LogUtils - 🟢 Kết thúc toàn bộ suite: Update User Profile Test
[INFO] 10-07-2025 16:05:46 [main] LogUtils - ✅ Email with attachments sent!
[INFO] 10-07-2025 16:05:47 [main] LogUtils - ⚙\uFE0F Thời gian chạy toàn bộ test:Thu Jul 10 16:05:47 ICT 2025
[INFO] 10-07-2025 16:05:47 [main] LogUtils - ⚙️ Bắt đầu test suite cho class: UserSetInfoProductToExcelTest
[INFO] 10-07-2025 16:05:48 [TestNG-test=Save Data Product To Excel Test-1] LogUtils - Run with Edge browser
[INFO] 10-07-2025 16:05:48 [TestNG-test=Save Data Product To Excel Test-1] LogUtils - Bắt đầu chạy test: testSetInfoProduct
[INFO] 10-07-2025 16:05:50 [TestNG-test=Save Data Product To Excel Test-1] LogUtils - 🌐 Open URL: https://cms.anhtester.com/
[INFO] 10-07-2025 16:05:50 [TestNG-test=Save Data Product To Excel Test-1] LogUtils - checkElementExist: true --- By.xpath: //b[normalize-space()='Website Demo']
[INFO] 10-07-2025 16:05:51 [TestNG-test=Save Data Product To Excel Test-1] LogUtils - Click on element By.xpath: //b[normalize-space()='Website Demo']/following::button[@data-value='removed']
[INFO] 10-07-2025 16:05:52 [TestNG-test=Save Data Product To Excel Test-1] LogUtils - Click on element By.xpath: (//a[normalize-space()='Login'])[1]
[INFO] 10-07-2025 16:05:52 [TestNG-test=Save Data Product To Excel Test-1] LogUtils - checkElementExist: true --- By.xpath: //a[contains(normalize-space(), 'Forgot password')]
[INFO] 10-07-2025 16:05:52 [TestNG-test=Save Data Product To Excel Test-1] LogUtils - Clear text on element By.xpath: //input[@id='email']
[INFO] 10-07-2025 16:05:53 [TestNG-test=Save Data Product To Excel Test-1] LogUtils - Set text [customer@example.com] on element: By.xpath: //input[@id='email']
[INFO] 10-07-2025 16:05:53 [TestNG-test=Save Data Product To Excel Test-1] LogUtils - Clear text on element By.xpath: //input[@id='password']
[INFO] 10-07-2025 16:05:53 [TestNG-test=Save Data Product To Excel Test-1] LogUtils - Set text [123456] on element: By.xpath: //input[@id='password']
[INFO] 10-07-2025 16:05:55 [TestNG-test=Save Data Product To Excel Test-1] LogUtils - Click on element By.xpath: //button[normalize-space()='Login']
[INFO] 10-07-2025 16:05:55 [TestNG-test=Save Data Product To Excel Test-1] LogUtils - checkElementExist: true --- By.xpath: (//span[normalize-space()='Dashboard'])[1]
[INFO] 10-07-2025 16:05:55 [TestNG-test=Save Data Product To Excel Test-1] LogUtils - Verify login success !
[INFO] 10-07-2025 16:05:55 [TestNG-test=Save Data Product To Excel Test-1] LogUtils - Clear text on element By.xpath: //input[@id='search' and @name='keyword']
[INFO] 10-07-2025 16:05:55 [TestNG-test=Save Data Product To Excel Test-1] LogUtils - Set text [Laptop asus] on element: By.xpath: //input[@id='search' and @name='keyword']
[INFO] 10-07-2025 16:05:59 [TestNG-test=Save Data Product To Excel Test-1] LogUtils - Click on element By.xpath: (//div[normalize-space()='Products']/following-sibling::ul/li)[1]
[INFO] 10-07-2025 16:05:59 [TestNG-test=Save Data Product To Excel Test-1] LogUtils - Get current url: https://cms.anhtester.com/product/laptop-asus
[INFO] 10-07-2025 16:06:00 [TestNG-test=Save Data Product To Excel Test-1] LogUtils - formatSlug: laptop asus
[INFO] 10-07-2025 16:06:00 [TestNG-test=Save Data Product To Excel Test-1] LogUtils - Product Name: laptop asus
[INFO] 10-07-2025 16:06:00 [TestNG-test=Save Data Product To Excel Test-1] LogUtils - Search Words: [laptop, asus]
[INFO] 10-07-2025 16:06:00 [TestNG-test=Save Data Product To Excel Test-1] LogUtils - Matched Words: [laptop, laptop, asus, asus]
[INFO] 10-07-2025 16:06:00 [TestNG-test=Save Data Product To Excel Test-1] LogUtils - Total Matches: 4
[INFO] 10-07-2025 16:06:00 [TestNG-test=Save Data Product To Excel Test-1] LogUtils - verifyInfoProductPage: Passed - Product is correctly displayed on the page!
[INFO] 10-07-2025 16:06:00 [TestNG-test=Save Data Product To Excel Test-1] LogUtils - checkElementExist: true --- By.xpath: (//div[contains(normalize-space(), 'Price:')]/following-sibling::div/div/strong)[1]
[INFO] 10-07-2025 16:06:00 [TestNG-test=Save Data Product To Excel Test-1] LogUtils - checkElementExist: true --- By.xpath: (//div[contains(normalize-space(), 'Price:')]/following-sibling::div/div/strong)[1]
[INFO] 10-07-2025 16:06:01 [TestNG-test=Save Data Product To Excel Test-1] LogUtils - Get text of element: By.xpath: (//div[contains(normalize-space(), 'Price:')]/following-sibling::div/div/strong)[1] || ==> Text Return: $3,000.00
[INFO] 10-07-2025 16:06:01 [TestNG-test=Save Data Product To Excel Test-1] LogUtils - Get text of element: By.xpath: //div[@id='order_details']/following::div[@class='text-left']/h1 || ==> Text Return: Laptop Asus
[INFO] 10-07-2025 16:06:01 [TestNG-test=Save Data Product To Excel Test-1] LogUtils - Get text of element: By.xpath: //span[@id='available-quantity'] || ==> Text Return: 499
[INFO] 10-07-2025 16:06:01 [TestNG-test=Save Data Product To Excel Test-1] LogUtils - Get text of element: By.xpath: //div[@id='tab_default_1']/descendant::p || ==> Text Return: Laptop asus vừa mạnh vừa đẹp
[INFO] 10-07-2025 16:06:01 [TestNG-test=Save Data Product To Excel Test-1] LogUtils - Get attribute of element By.xpath: (//div[@data-fade='true']/descendant::img)[1]
[INFO] 10-07-2025 16:06:01 [TestNG-test=Save Data Product To Excel Test-1] LogUtils - ==> Attribute value: https://cms.anhtester.com/public/uploads/all/2S6eZZGA1BeFKFx17nPI6L4sxZSdPQG8DMKAm8e1.webp
[INFO] 10-07-2025 16:06:01 [TestNG-test=Save Data Product To Excel Test-1] LogUtils - Data written successfully to Excel!
[INFO] 10-07-2025 16:06:01 [TestNG-test=Save Data Product To Excel Test-1] LogUtils - checkElementExist: true --- By.xpath: (//div[contains(normalize-space(), 'Price:')]/following-sibling::div/div/strong)[1]
[INFO] 10-07-2025 16:06:01 [TestNG-test=Save Data Product To Excel Test-1] LogUtils - checkElementExist: true --- By.xpath: (//div[contains(normalize-space(), 'Price:')]/following-sibling::div/div/strong)[1]
[INFO] 10-07-2025 16:06:01 [TestNG-test=Save Data Product To Excel Test-1] LogUtils - Get text of element: By.xpath: (//div[contains(normalize-space(), 'Price:')]/following-sibling::div/div/strong)[1] || ==> Text Return: $3,000.00
[INFO] 10-07-2025 16:06:01 [TestNG-test=Save Data Product To Excel Test-1] LogUtils - Get text of element: By.xpath: //div[@id='order_details']/following::div[@class='text-left']/h1 || ==> Text Return: Laptop Asus
[INFO] 10-07-2025 16:06:01 [TestNG-test=Save Data Product To Excel Test-1] LogUtils - Get text of element: By.xpath: //span[@id='available-quantity'] || ==> Text Return: 499
[INFO] 10-07-2025 16:06:02 [TestNG-test=Save Data Product To Excel Test-1] LogUtils - Get text of element: By.xpath: //div[@id='tab_default_1']/descendant::p || ==> Text Return: Laptop asus vừa mạnh vừa đẹp
[INFO] 10-07-2025 16:06:02 [TestNG-test=Save Data Product To Excel Test-1] LogUtils - Get attribute of element By.xpath: (//div[@data-fade='true']/descendant::img)[1]
[INFO] 10-07-2025 16:06:02 [TestNG-test=Save Data Product To Excel Test-1] LogUtils - ==> Attribute value: https://cms.anhtester.com/public/uploads/all/2S6eZZGA1BeFKFx17nPI6L4sxZSdPQG8DMKAm8e1.webp
[INFO] 10-07-2025 16:06:02 [TestNG-test=Save Data Product To Excel Test-1] LogUtils - expectedDataProduct: {URL image=https://cms.anhtester.com/public/uploads/all/2S6eZZGA1BeFKFx17nPI6L4sxZSdPQG8DMKAm8e1.webp, Description=Laptop asus vừa mạnh vừa đẹp, Price=$3,000.00, Available Quantity=499, Product Name=Laptop Asus, Time=10/07/2025 16:06, Color =Aqua}
[INFO] 10-07-2025 16:06:02 [TestNG-test=Save Data Product To Excel Test-1] LogUtils - actualData: {URL image=https://cms.anhtester.com/public/uploads/all/2S6eZZGA1BeFKFx17nPI6L4sxZSdPQG8DMKAm8e1.webp, Description=Laptop asus vừa mạnh vừa đẹp, Price=$3,000.00, Available Quantity=499, Product Name=Laptop Asus, Time=10/07/2025 16:06, Color =Aqua}
[INFO] 10-07-2025 16:06:02 [TestNG-test=Save Data Product To Excel Test-1] LogUtils - ✅ Đây là Test case chạy thành công: testSetInfoProduct
[INFO] 10-07-2025 16:06:03 [main] LogUtils - ⭐️ Total test: 7
[INFO] 10-07-2025 16:06:03 [main] LogUtils - ⭐️ Passed: 7
[INFO] 10-07-2025 16:06:03 [main] LogUtils - ⭐️ Failed: 0
[INFO] 10-07-2025 16:06:03 [main] LogUtils - ⭐️ Skipped: 0
[INFO] 10-07-2025 16:06:03 [main] LogUtils - 🟢 Kết thúc toàn bộ suite: Save Data Product To Excel Test
[INFO] 10-07-2025 16:06:06 [main] LogUtils - ✅ Email with attachments sent!
[INFO] 10-07-2025 16:06:06 [main] LogUtils - ⚙\uFE0F Thời gian chạy toàn bộ test:Thu Jul 10 16:06:06 ICT 2025
[INFO] 10-07-2025 16:06:06 [main] LogUtils - ⚙️ Bắt đầu test suite cho class: UserAddCartTest
[INFO] 10-07-2025 16:06:06 [TestNG-test=User Add Product Test-1] LogUtils - Run with Edge browser (default)
[INFO] 10-07-2025 16:06:08 [TestNG-test=User Add Product Test-1] LogUtils - Bắt đầu chạy test: testAddCart
[INFO] 10-07-2025 16:06:10 [TestNG-test=User Add Product Test-1] LogUtils - 🌐 Open URL: https://cms.anhtester.com/
[INFO] 10-07-2025 16:06:10 [TestNG-test=User Add Product Test-1] LogUtils - checkElementExist: true --- By.xpath: //b[normalize-space()='Website Demo']
[INFO] 10-07-2025 16:06:10 [TestNG-test=User Add Product Test-1] LogUtils - Click on element By.xpath: //b[normalize-space()='Website Demo']/following::button[@data-value='removed']
[INFO] 10-07-2025 16:06:11 [TestNG-test=User Add Product Test-1] LogUtils - Click on element By.xpath: (//a[normalize-space()='Login'])[1]
[INFO] 10-07-2025 16:06:11 [TestNG-test=User Add Product Test-1] LogUtils - checkElementExist: true --- By.xpath: //a[contains(normalize-space(), 'Forgot password')]
[INFO] 10-07-2025 16:06:12 [TestNG-test=User Add Product Test-1] LogUtils - Clear text on element By.xpath: //input[@id='email']
[INFO] 10-07-2025 16:06:12 [TestNG-test=User Add Product Test-1] LogUtils - Set text [customer@example.com] on element: By.xpath: //input[@id='email']
[INFO] 10-07-2025 16:06:12 [TestNG-test=User Add Product Test-1] LogUtils - Clear text on element By.xpath: //input[@id='password']
[INFO] 10-07-2025 16:06:13 [TestNG-test=User Add Product Test-1] LogUtils - Set text [123456] on element: By.xpath: //input[@id='password']
[INFO] 10-07-2025 16:06:14 [TestNG-test=User Add Product Test-1] LogUtils - Click on element By.xpath: //button[normalize-space()='Login']
[INFO] 10-07-2025 16:06:14 [TestNG-test=User Add Product Test-1] LogUtils - Clear text on element By.xpath: //input[@id='search' and @name='keyword']
[INFO] 10-07-2025 16:06:15 [TestNG-test=User Add Product Test-1] LogUtils - Set text [laptop asus] on element: By.xpath: //input[@id='search' and @name='keyword']
[INFO] 10-07-2025 16:06:16 [TestNG-test=User Add Product Test-1] LogUtils - Click on element By.xpath: //input[@id='search' and @name='keyword']/following-sibling::div/button[@type='submit']
[INFO] 10-07-2025 16:06:17 [TestNG-test=User Add Product Test-1] LogUtils - Get current url: https://cms.anhtester.com/search?keyword=laptop+asus
[INFO] 10-07-2025 16:06:17 [TestNG-test=User Add Product Test-1] LogUtils - verifyUserProductListPage: Passed - This Is Product List Page
[INFO] 10-07-2025 16:06:17 [TestNG-test=User Add Product Test-1] LogUtils - Get text of element: By.xpath: //div[@id='cart_items']//span[contains(@class, 'badge') and contains(@class, 'cart-count')] || ==> Text Return: 0
[INFO] 10-07-2025 16:06:18 [TestNG-test=User Add Product Test-1] LogUtils - Click on element By.xpath: ((//form[@id='search-form']/descendant::div[@class='col'])[1]/descendant::a[@data-title='Add to cart'])[1]
[INFO] 10-07-2025 16:06:18 [TestNG-test=User Add Product Test-1] LogUtils - Get text of element: By.xpath: (//form[@id='search-form']/descendant::div[@class='col'])[1]/descendant::div[contains(@class, 'rating')]/following-sibling::h3/a || ==> Text Return: Laptop Asus
[INFO] 10-07-2025 16:06:18 [TestNG-test=User Add Product Test-1] LogUtils - Get text of element: By.xpath: (//form[@id='search-form']/descendant::div[@class='col'])[2]/descendant::div[contains(@class, 'rating')]/following-sibling::h3/a || ==> Text Return: Laptop Asus
[INFO] 10-07-2025 16:06:18 [TestNG-test=User Add Product Test-1] LogUtils - Get text of element: By.xpath: //div[@id='addToCart-modal-body']//h2 || ==> Text Return: Laptop Asus
[INFO] 10-07-2025 16:06:18 [TestNG-test=User Add Product Test-1] LogUtils - ✅ verifyPopupAddCart: verify success !
[INFO] 10-07-2025 16:06:19 [TestNG-test=User Add Product Test-1] LogUtils - Get text of element: By.xpath: (//div[@id='addToCart-modal-body']//strong)[1] || ==> Text Return: $3,000.00
[INFO] 10-07-2025 16:06:19 [TestNG-test=User Add Product Test-1] LogUtils - 🔍 Raw price (popup): $3,000.00
[INFO] 10-07-2025 16:06:19 [TestNG-test=User Add Product Test-1] LogUtils - 💡 Formatted price range: 3000.00
[INFO] 10-07-2025 16:06:19 [TestNG-test=User Add Product Test-1] LogUtils - 📌 prices[0]: 3000.00
[INFO] 10-07-2025 16:06:19 [TestNG-test=User Add Product Test-1] LogUtils - 💲 Chỉ có một mức giá: 3000.0
[INFO] 10-07-2025 16:06:19 [TestNG-test=User Add Product Test-1] LogUtils - Get attribute of element By.xpath: //input[@name='quantity']
[INFO] 10-07-2025 16:06:19 [TestNG-test=User Add Product Test-1] LogUtils - ==> Attribute value: 1
[INFO] 10-07-2025 16:06:19 [TestNG-test=User Add Product Test-1] LogUtils - Get text of element: By.xpath: //div[@id='addToCart-modal-body']//h2 || ==> Text Return: Laptop Asus
[INFO] 10-07-2025 16:06:19 [TestNG-test=User Add Product Test-1] LogUtils - Click on element By.xpath: //span[normalize-space()='Add to cart']
[INFO] 10-07-2025 16:06:19 [TestNG-test=User Add Product Test-1] LogUtils - Click button add cart in popup add cart
[INFO] 10-07-2025 16:06:20 [TestNG-test=User Add Product Test-1] LogUtils - checkElementExist: true --- By.xpath: //h3[normalize-space()='Item added to your cart!']
[INFO] 10-07-2025 16:06:20 [TestNG-test=User Add Product Test-1] LogUtils - checkElementExist: true --- By.xpath: //span[normalize-space()='Frequently Bought Together']
[INFO] 10-07-2025 16:06:20 [TestNG-test=User Add Product Test-1] LogUtils - checkElementExist: true --- By.xpath: //h3[normalize-space()='Item added to your cart!']
[INFO] 10-07-2025 16:06:20 [TestNG-test=User Add Product Test-1] LogUtils - checkElementExist: true --- By.xpath: //span[normalize-space()='Frequently Bought Together']
[INFO] 10-07-2025 16:06:20 [TestNG-test=User Add Product Test-1] LogUtils - Get text of element: By.xpath: //div[@id='cart_items']//span[contains(@class, 'badge') and contains(@class, 'cart-count')] || ==> Text Return: 1
[INFO] 10-07-2025 16:06:20 [TestNG-test=User Add Product Test-1] LogUtils - verifyPopupAddCartSuccess countProductCart: 1
[INFO] 10-07-2025 16:06:20 [TestNG-test=User Add Product Test-1] LogUtils - verifyPopupAddCartSuccess getCartCount: 1
[INFO] 10-07-2025 16:06:20 [TestNG-test=User Add Product Test-1] LogUtils - verifyPopupAddCartSuccess: popup add cart success!
[INFO] 10-07-2025 16:06:20 [TestNG-test=User Add Product Test-1] LogUtils - Click on element By.xpath: //div[@id='addToCart']/descendant::button[contains(@class, 'close') and @aria-label='Close']
[INFO] 10-07-2025 16:06:20 [TestNG-test=User Add Product Test-1] LogUtils - Click button close popup add cart
[INFO] 10-07-2025 16:06:23 [TestNG-test=User Add Product Test-1] LogUtils - Click on element By.xpath: ((//form[@id='search-form']/descendant::div[@class='col'])[2]/descendant::a[@data-title='Add to cart'])[1]
[INFO] 10-07-2025 16:06:23 [TestNG-test=User Add Product Test-1] LogUtils - Get text of element: By.xpath: (//form[@id='search-form']/descendant::div[@class='col'])[1]/descendant::div[contains(@class, 'rating')]/following-sibling::h3/a || ==> Text Return: Laptop Asus
[INFO] 10-07-2025 16:06:23 [TestNG-test=User Add Product Test-1] LogUtils - Get text of element: By.xpath: (//form[@id='search-form']/descendant::div[@class='col'])[2]/descendant::div[contains(@class, 'rating')]/following-sibling::h3/a || ==> Text Return: Laptop Asus
[INFO] 10-07-2025 16:06:23 [TestNG-test=User Add Product Test-1] LogUtils - Get text of element: By.xpath: //div[@id='addToCart-modal-body']//h2 || ==> Text Return: Laptop Asus
[INFO] 10-07-2025 16:06:23 [TestNG-test=User Add Product Test-1] LogUtils - ✅ verifyPopupAddCart: verify success !
[INFO] 10-07-2025 16:06:23 [TestNG-test=User Add Product Test-1] LogUtils - Get text of element: By.xpath: (//div[@id='addToCart-modal-body']//strong)[1] || ==> Text Return: $3,000.00
[INFO] 10-07-2025 16:06:23 [TestNG-test=User Add Product Test-1] LogUtils - 🔍 Raw price (popup): $3,000.00
[INFO] 10-07-2025 16:06:23 [TestNG-test=User Add Product Test-1] LogUtils - 💡 Formatted price range: 3000.00
[INFO] 10-07-2025 16:06:23 [TestNG-test=User Add Product Test-1] LogUtils - 📌 prices[0]: 3000.00
[INFO] 10-07-2025 16:06:23 [TestNG-test=User Add Product Test-1] LogUtils - 💲 Chỉ có một mức giá: 3000.0
[INFO] 10-07-2025 16:06:23 [TestNG-test=User Add Product Test-1] LogUtils - Get attribute of element By.xpath: //input[@name='quantity']
[INFO] 10-07-2025 16:06:23 [TestNG-test=User Add Product Test-1] LogUtils - ==> Attribute value: 1
[INFO] 10-07-2025 16:06:23 [TestNG-test=User Add Product Test-1] LogUtils - Get text of element: By.xpath: //div[@id='addToCart-modal-body']//h2 || ==> Text Return: Laptop Asus
[INFO] 10-07-2025 16:06:24 [TestNG-test=User Add Product Test-1] LogUtils - Click on element By.xpath: //span[normalize-space()='Add to cart']
[INFO] 10-07-2025 16:06:24 [TestNG-test=User Add Product Test-1] LogUtils - Click button add cart in popup add cart
[INFO] 10-07-2025 16:06:24 [TestNG-test=User Add Product Test-1] LogUtils - checkElementExist: true --- By.xpath: //h3[normalize-space()='Item added to your cart!']
[INFO] 10-07-2025 16:06:24 [TestNG-test=User Add Product Test-1] LogUtils - checkElementExist: true --- By.xpath: //span[normalize-space()='Frequently Bought Together']
[INFO] 10-07-2025 16:06:25 [TestNG-test=User Add Product Test-1] LogUtils - checkElementExist: true --- By.xpath: //h3[normalize-space()='Item added to your cart!']
[INFO] 10-07-2025 16:06:25 [TestNG-test=User Add Product Test-1] LogUtils - checkElementExist: true --- By.xpath: //span[normalize-space()='Frequently Bought Together']
[INFO] 10-07-2025 16:06:25 [TestNG-test=User Add Product Test-1] LogUtils - Get text of element: By.xpath: //div[@id='cart_items']//span[contains(@class, 'badge') and contains(@class, 'cart-count')] || ==> Text Return: 2
[INFO] 10-07-2025 16:06:25 [TestNG-test=User Add Product Test-1] LogUtils - verifyPopupAddCartSuccess countProductCart: 2
[INFO] 10-07-2025 16:06:25 [TestNG-test=User Add Product Test-1] LogUtils - verifyPopupAddCartSuccess getCartCount: 2
[INFO] 10-07-2025 16:06:25 [TestNG-test=User Add Product Test-1] LogUtils - verifyPopupAddCartSuccess: popup add cart success!
[INFO] 10-07-2025 16:06:25 [TestNG-test=User Add Product Test-1] LogUtils - Click on element By.xpath: //div[@id='addToCart']/descendant::button[contains(@class, 'close') and @aria-label='Close']
[INFO] 10-07-2025 16:06:25 [TestNG-test=User Add Product Test-1] LogUtils - Click button close popup add cart
[INFO] 10-07-2025 16:06:25 [TestNG-test=User Add Product Test-1] LogUtils - Click on element By.xpath: //div[@id='cart_items']
[INFO] 10-07-2025 16:06:25 [TestNG-test=User Add Product Test-1] LogUtils - checkElementExist: true --- By.xpath: //div[normalize-space()='Cart Items']
[INFO] 10-07-2025 16:06:26 [TestNG-test=User Add Product Test-1] LogUtils - checkElementExist: true --- By.xpath: //span[normalize-space()='Subtotal']
[INFO] 10-07-2025 16:06:26 [TestNG-test=User Add Product Test-1] LogUtils - checkElementExist: true --- By.xpath: //a[normalize-space()='View cart']
[INFO] 10-07-2025 16:06:26 [TestNG-test=User Add Product Test-1] LogUtils - Get text of element: By.xpath: //div[normalize-space()='Cart Items'] || ==> Text Return: Cart Items
[INFO] 10-07-2025 16:06:26 [TestNG-test=User Add Product Test-1] LogUtils - 📦 Product: Laptop Asus
[INFO] 10-07-2025 16:06:26 [TestNG-test=User Add Product Test-1] LogUtils - Quantity: 1, Price: 3000.0, Subtotal: 3000.0
[INFO] 10-07-2025 16:06:26 [TestNG-test=User Add Product Test-1] LogUtils - 📦 Product: Laptop Asus
[INFO] 10-07-2025 16:06:26 [TestNG-test=User Add Product Test-1] LogUtils - Quantity: 1, Price: 3000.0, Subtotal: 3000.0
[INFO] 10-07-2025 16:06:26 [TestNG-test=User Add Product Test-1] LogUtils - Get text of element: By.xpath: //span[normalize-space()='Subtotal']/following-sibling::span || ==> Text Return: $6,000.00
[INFO] 10-07-2025 16:06:26 [TestNG-test=User Add Product Test-1] LogUtils - 🔢 Expected total: 6000.0 | Actual total: 6000.0
[INFO] 10-07-2025 16:06:26 [TestNG-test=User Add Product Test-1] LogUtils - ✅ verifyAddCartSuccess successfully! Sản phẩm còn lại: 2
[INFO] 10-07-2025 16:06:27 [TestNG-test=User Add Product Test-1] LogUtils - Click on element By.xpath: //a[normalize-space()='View cart']
[INFO] 10-07-2025 16:06:27 [TestNG-test=User Add Product Test-1] LogUtils - Get current url: https://cms.anhtester.com/cart
[INFO] 10-07-2025 16:06:27 [TestNG-test=User Add Product Test-1] LogUtils - checkElementExist: true --- By.xpath: //h3[contains(normalize-space(),'My Cart')]
[INFO] 10-07-2025 16:06:28 [TestNG-test=User Add Product Test-1] LogUtils - checkElementExist: true --- By.xpath: //section[@id='cart-summary']/descendant::span[normalize-space()='Subtotal']
[INFO] 10-07-2025 16:06:28 [TestNG-test=User Add Product Test-1] LogUtils - Get text of element: By.xpath: //h3[contains(normalize-space(),'My Cart')] || ==> Text Return: 1. My Cart
[INFO] 10-07-2025 16:06:28 [TestNG-test=User Add Product Test-1] LogUtils - Get text of element: By.xpath: //section[@id='cart-summary']/descendant::span[normalize-space()='Subtotal'] || ==> Text Return: Subtotal
[INFO] 10-07-2025 16:06:28 [TestNG-test=User Add Product Test-1] LogUtils - 🧾 Product: Laptop Asus - Aqua | Qty: 1 | Price: $3000.0 | Subtotal: $3000.0
[INFO] 10-07-2025 16:06:28 [TestNG-test=User Add Product Test-1] LogUtils - Total price each product actual: 3000.0, expected: 3000.0
[INFO] 10-07-2025 16:06:28 [TestNG-test=User Add Product Test-1] LogUtils - 🎯 Expected → Qty: 1 | Min: 3000.0 | Max: 3000.0
[INFO] 10-07-2025 16:06:28 [TestNG-test=User Add Product Test-1] LogUtils - 🧾 Product: Laptop Asus - Aqua | Qty: 1 | Price: $3000.0 | Subtotal: $3000.0
[INFO] 10-07-2025 16:06:28 [TestNG-test=User Add Product Test-1] LogUtils - Total price each product actual: 3000.0, expected: 3000.0
[INFO] 10-07-2025 16:06:28 [TestNG-test=User Add Product Test-1] LogUtils - 🎯 Expected → Qty: 1 | Min: 3000.0 | Max: 3000.0
[INFO] 10-07-2025 16:06:28 [TestNG-test=User Add Product Test-1] LogUtils - Get text of element: By.xpath: //section[@id='cart-summary']/descendant::span[normalize-space()='Subtotal']/following-sibling::span || ==> Text Return: $6,000.00
[INFO] 10-07-2025 16:06:28 [TestNG-test=User Add Product Test-1] LogUtils - 🔢 Expected total: 6000.0 | Actual total: 6000.0
[INFO] 10-07-2025 16:06:28 [TestNG-test=User Add Product Test-1] LogUtils - ✅ verifyProductInCart hoàn tất!
[INFO] 10-07-2025 16:06:29 [TestNG-test=User Add Product Test-1] LogUtils - Click on element By.xpath: //a[normalize-space()='Continue to Shipping']
[INFO] 10-07-2025 16:06:29 [TestNG-test=User Add Product Test-1] LogUtils - 🚛 Start verify shipping page
[INFO] 10-07-2025 16:06:29 [TestNG-test=User Add Product Test-1] LogUtils - Get current url: https://cms.anhtester.com/checkout
[INFO] 10-07-2025 16:06:29 [TestNG-test=User Add Product Test-1] LogUtils - Get CSS value color of element By.xpath: //h3[contains(normalize-space(), 'Shipping info')]
[INFO] 10-07-2025 16:06:29 [TestNG-test=User Add Product Test-1] LogUtils - ==> CSS value: rgba(230, 46, 4, 1)
[INFO] 10-07-2025 16:06:29 [TestNG-test=User Add Product Test-1] LogUtils - colorHeaderShippingPage: #e62e04
[INFO] 10-07-2025 16:06:29 [TestNG-test=User Add Product Test-1] LogUtils - 🔍 Trạng thái enabled của By.xpath: (//input[@name='address_id'])[1]/ancestor::label/parent::div: true
[INFO] 10-07-2025 16:06:29 [TestNG-test=User Add Product Test-1] LogUtils - 🔍 Trạng thái enabled của By.xpath: //div[text()='Add New Address']: true
[INFO] 10-07-2025 16:06:29 [TestNG-test=User Add Product Test-1] LogUtils - 🔍 Trạng thái enabled của By.xpath: //button[normalize-space()='Continue to Delivery Info']: true
[INFO] 10-07-2025 16:06:29 [TestNG-test=User Add Product Test-1] LogUtils - Get text of element: By.xpath: //button[normalize-space()='Continue to Delivery Info'] || ==> Text Return: Continue to Delivery Info
[INFO] 10-07-2025 16:06:30 [TestNG-test=User Add Product Test-1] LogUtils - ✅ An address option is already selected. No action taken.
[INFO] 10-07-2025 16:06:38 [TestNG-test=User Add Product Test-1] LogUtils - Click on element By.xpath: //button[normalize-space()='Continue to Delivery Info']
[INFO] 10-07-2025 16:06:38 [TestNG-test=User Add Product Test-1] LogUtils - Start verify delivery page
[INFO] 10-07-2025 16:06:38 [TestNG-test=User Add Product Test-1] LogUtils - Get current url: https://cms.anhtester.com/checkout/delivery_info
[INFO] 10-07-2025 16:06:38 [TestNG-test=User Add Product Test-1] LogUtils - Get text of element: By.xpath: //h3[normalize-space()='3. Delivery info'] || ==> Text Return: 3. Delivery info
[INFO] 10-07-2025 16:06:38 [TestNG-test=User Add Product Test-1] LogUtils - Get text of element: By.xpath: //h5[normalize-space()='Active eCommerce CMS Products'] || ==> Text Return: Active eCommerce CMS Products
[INFO] 10-07-2025 16:06:38 [TestNG-test=User Add Product Test-1] LogUtils - Get CSS value color of element By.xpath: //h3[normalize-space()='3. Delivery info']
[INFO] 10-07-2025 16:06:38 [TestNG-test=User Add Product Test-1] LogUtils - ==> CSS value: rgba(230, 46, 4, 1)
[INFO] 10-07-2025 16:06:38 [TestNG-test=User Add Product Test-1] LogUtils - checkElementExist: true --- By.xpath: //h5[normalize-space()='Active eCommerce CMS Products']
[INFO] 10-07-2025 16:06:38 [TestNG-test=User Add Product Test-1] LogUtils - checkElementExist: true --- By.xpath: //h3[normalize-space()='3. Delivery info']
[INFO] 10-07-2025 16:06:38 [TestNG-test=User Add Product Test-1] LogUtils - 🔍 Trạng thái enabled của By.xpath: //button[normalize-space()='Continue to Payment']: true
[INFO] 10-07-2025 16:06:38 [TestNG-test=User Add Product Test-1] LogUtils - Get text of element: By.xpath: //button[normalize-space()='Continue to Payment'] || ==> Text Return: Continue to Payment
[INFO] 10-07-2025 16:06:38 [TestNG-test=User Add Product Test-1] LogUtils - 🚛 Start verify product in delivery page
[INFO] 10-07-2025 16:06:38 [TestNG-test=User Add Product Test-1] LogUtils - 📦 nameProductActual: Laptop Asus
[INFO] 10-07-2025 16:06:38 [TestNG-test=User Add Product Test-1] LogUtils - 📦 nameProductActual: Laptop Asus
[INFO] 10-07-2025 16:06:39 [TestNG-test=User Add Product Test-1] LogUtils - Click on element By.xpath: //button[normalize-space()='Continue to Payment']
[INFO] 10-07-2025 16:06:39 [TestNG-test=User Add Product Test-1] LogUtils - 🚛 Start verify payment page
[INFO] 10-07-2025 16:06:40 [TestNG-test=User Add Product Test-1] LogUtils - Get current url: https://cms.anhtester.com/checkout/payment_select
[INFO] 10-07-2025 16:06:40 [TestNG-test=User Add Product Test-1] LogUtils - Get CSS value color of element By.xpath: //h3[normalize-space()='4. Payment']
[INFO] 10-07-2025 16:06:40 [TestNG-test=User Add Product Test-1] LogUtils - ==> CSS value: rgba(230, 46, 4, 1)
[INFO] 10-07-2025 16:06:40 [TestNG-test=User Add Product Test-1] LogUtils - Get text of element: By.xpath: //button[normalize-space()='Complete Order'] || ==> Text Return: Complete Order
[INFO] 10-07-2025 16:06:40 [TestNG-test=User Add Product Test-1] LogUtils - 🔍 Trạng thái enabled của By.xpath: //button[normalize-space()='Complete Order']: true
[INFO] 10-07-2025 16:06:40 [TestNG-test=User Add Product Test-1] LogUtils - 🚛 Start verify product in payment page
[INFO] 10-07-2025 16:06:40 [TestNG-test=User Add Product Test-1] LogUtils - Get text of element: By.xpath: //h3[normalize-space()='Summary']/following::span[contains(normalize-space(), 'Items')] || ==> Text Return: 2 Items
[INFO] 10-07-2025 16:06:40 [TestNG-test=User Add Product Test-1] LogUtils - countProductActual: 2
[INFO] 10-07-2025 16:06:40 [TestNG-test=User Add Product Test-1] LogUtils - countProductExpected: 2
[INFO] 10-07-2025 16:06:40 [TestNG-test=User Add Product Test-1] LogUtils - 🔍 Sản phẩm: Laptop Asus
[INFO] 10-07-2025 16:06:40 [TestNG-test=User Add Product Test-1] LogUtils -    Số lượng: 1
[INFO] 10-07-2025 16:06:40 [TestNG-test=User Add Product Test-1] LogUtils -    Giá: 3000.0
[INFO] 10-07-2025 16:06:40 [TestNG-test=User Add Product Test-1] LogUtils - 🔍 Sản phẩm: Laptop Asus
[INFO] 10-07-2025 16:06:40 [TestNG-test=User Add Product Test-1] LogUtils -    Số lượng: 1
[INFO] 10-07-2025 16:06:40 [TestNG-test=User Add Product Test-1] LogUtils -    Giá: 3000.0
[INFO] 10-07-2025 16:06:41 [TestNG-test=User Add Product Test-1] LogUtils - Get text of element: By.xpath: //th[normalize-space()='Subtotal']/following-sibling::td/span || ==> Text Return: $6,000.00
[INFO] 10-07-2025 16:06:41 [TestNG-test=User Add Product Test-1] LogUtils - 💰 Tổng tiền mong đợi (calculated): 6000.0
[INFO] 10-07-2025 16:06:41 [TestNG-test=User Add Product Test-1] LogUtils - 💰 Tổng tiền hiển thị UI: 6000.0
[INFO] 10-07-2025 16:06:41 [TestNG-test=User Add Product Test-1] LogUtils - Get text of element: By.xpath: //th[normalize-space()='Total Shipping']//following-sibling::td/span || ==> Text Return: $30,000.00
[INFO] 10-07-2025 16:06:41 [TestNG-test=User Add Product Test-1] LogUtils - Get text of element: By.xpath: //tr[@class='cart-total']/td//span || ==> Text Return: $36,000.00
[INFO] 10-07-2025 16:06:41 [TestNG-test=User Add Product Test-1] LogUtils - ✅ verifyProductPaymentPage: success!
[INFO] 10-07-2025 16:06:41 [TestNG-test=User Add Product Test-1] LogUtils - Click on element By.xpath: //input[@id='agree_checkbox']/ancestor::label[@class='aiz-checkbox']
[INFO] 10-07-2025 16:06:41 [TestNG-test=User Add Product Test-1] LogUtils - Click on element By.xpath: //button[normalize-space()='Complete Order']
[INFO] 10-07-2025 16:06:45 [TestNG-test=User Add Product Test-1] LogUtils - Get current url: https://cms.anhtester.com/checkout/order-confirmed
[INFO] 10-07-2025 16:06:45 [TestNG-test=User Add Product Test-1] LogUtils - Get CSS value color of element By.xpath: //h3[normalize-space()='5. Confirmation']
[INFO] 10-07-2025 16:06:45 [TestNG-test=User Add Product Test-1] LogUtils - ==> CSS value: rgba(230, 46, 4, 1)
[INFO] 10-07-2025 16:06:45 [TestNG-test=User Add Product Test-1] LogUtils - checkElementExist: true --- By.xpath: //span[normalize-space()='Your order has been placed successfully']
[INFO] 10-07-2025 16:06:45 [TestNG-test=User Add Product Test-1] LogUtils - Get text of element: By.xpath: //span[normalize-space()='Your order has been placed successfully'] || ==> Text Return: Your order has been placed successfully
[INFO] 10-07-2025 16:06:45 [TestNG-test=User Add Product Test-1] LogUtils - Verify order confirm page successfully!
[INFO] 10-07-2025 16:06:45 [TestNG-test=User Add Product Test-1] LogUtils - addProductToCart: success
[INFO] 10-07-2025 16:06:47 [TestNG-test=User Add Product Test-1] LogUtils - ✅ Đây là Test case chạy thành công: testAddCart
[INFO] 10-07-2025 16:06:48 [main] LogUtils - ⭐️ Total test: 8
[INFO] 10-07-2025 16:06:48 [main] LogUtils - ⭐️ Passed: 8
[INFO] 10-07-2025 16:06:48 [main] LogUtils - ⭐️ Failed: 0
[INFO] 10-07-2025 16:06:48 [main] LogUtils - ⭐️ Skipped: 0
[INFO] 10-07-2025 16:06:48 [main] LogUtils - 🟢 Kết thúc toàn bộ suite: User Add Product Test
[INFO] 10-07-2025 16:06:51 [main] LogUtils - ✅ Email with attachments sent!
[INFO] 10-07-2025 16:06:51 [main] LogUtils - ⚙\uFE0F Thời gian chạy toàn bộ test:Thu Jul 10 16:06:51 ICT 2025
[INFO] 10-07-2025 16:06:51 [main] LogUtils - ⚙️ Bắt đầu test suite cho class: AdminCheckDetailProduct
[INFO] 10-07-2025 16:06:51 [TestNG-test=User Add Product Test-1] LogUtils - ✅ Read data from Excel: [[Laptop Asus, Laptop, Asus, PC, Aqua, 5, laptop asus, 3000, 500, Laptop asus vừa mạnh vừa đẹp, laptop_asus.webp]]
[INFO] 10-07-2025 16:06:51 [TestNG-test=User Add Product Test-1] LogUtils - Run with Edge browser (default)
[INFO] 10-07-2025 16:06:53 [TestNG-test=User Add Product Test-1] LogUtils - Bắt đầu chạy test: testAdminCheckDetailProduct
[INFO] 10-07-2025 16:06:55 [TestNG-test=User Add Product Test-1] LogUtils - 🌐 Open URL: https://cms.anhtester.com/
[INFO] 10-07-2025 16:06:55 [TestNG-test=User Add Product Test-1] LogUtils - checkElementExist: true --- By.xpath: //b[normalize-space()='Website Demo']
[INFO] 10-07-2025 16:06:56 [TestNG-test=User Add Product Test-1] LogUtils - Click on element By.xpath: //b[normalize-space()='Website Demo']/following::button[@data-value='removed']
[INFO] 10-07-2025 16:06:58 [TestNG-test=User Add Product Test-1] LogUtils - Click on element By.xpath: (//a[normalize-space()='Login'])[1]
[INFO] 10-07-2025 16:06:58 [TestNG-test=User Add Product Test-1] LogUtils - checkElementExist: true --- By.xpath: //a[contains(normalize-space(), 'Forgot password')]
[INFO] 10-07-2025 16:06:58 [TestNG-test=User Add Product Test-1] LogUtils - Clear text on element By.xpath: //input[@id='email']
[INFO] 10-07-2025 16:06:59 [TestNG-test=User Add Product Test-1] LogUtils - Set text [admin@example.com] on element: By.xpath: //input[@id='email']
[INFO] 10-07-2025 16:06:59 [TestNG-test=User Add Product Test-1] LogUtils - Clear text on element By.xpath: //input[@id='password']
[INFO] 10-07-2025 16:06:59 [TestNG-test=User Add Product Test-1] LogUtils - Set text [123456] on element: By.xpath: //input[@id='password']
[INFO] 10-07-2025 16:07:03 [TestNG-test=User Add Product Test-1] LogUtils - Click on element By.xpath: //button[normalize-space()='Login']
[INFO] 10-07-2025 16:07:05 [TestNG-test=User Add Product Test-1] LogUtils - Get current url: https://cms.anhtester.com/admin
[INFO] 10-07-2025 16:07:05 [TestNG-test=User Add Product Test-1] LogUtils - checkElementExist: true --- By.xpath: (//span[normalize-space()='Dashboard'])[1]
[INFO] 10-07-2025 16:07:05 [TestNG-test=User Add Product Test-1] LogUtils - checkElementExist: true --- By.xpath: //span[normalize-space()='Admin Example']
[INFO] 10-07-2025 16:07:05 [TestNG-test=User Add Product Test-1] LogUtils - checkElementExist: true --- By.xpath: //span[normalize-space()='Clear Cache']
[INFO] 10-07-2025 16:07:05 [TestNG-test=User Add Product Test-1] LogUtils - Get text of element: By.xpath: //span[normalize-space()='Clear Cache'] || ==> Text Return: Clear Cache
[INFO] 10-07-2025 16:07:06 [TestNG-test=User Add Product Test-1] LogUtils - Click on element By.xpath: //ul[@id='main-menu']//span[normalize-space()='Products']
[INFO] 10-07-2025 16:07:07 [TestNG-test=User Add Product Test-1] LogUtils - Click on element By.xpath: //span[normalize-space()='Add New Product']
[INFO] 10-07-2025 16:07:07 [TestNG-test=User Add Product Test-1] LogUtils - Get current url: https://cms.anhtester.com/admin/products/create
[INFO] 10-07-2025 16:07:07 [TestNG-test=User Add Product Test-1] LogUtils - Get text of element: By.xpath: //h5[normalize-space()='Add New Product'] || ==> Text Return: Add New Product
[INFO] 10-07-2025 16:07:07 [TestNG-test=User Add Product Test-1] LogUtils - checkElementExist: true --- By.xpath: //h5[normalize-space()='Product Information']
[INFO] 10-07-2025 16:07:07 [TestNG-test=User Add Product Test-1] LogUtils - checkElementExist: true --- By.xpath: //h5[normalize-space()='Add New Product']
[INFO] 10-07-2025 16:07:07 [TestNG-test=User Add Product Test-1] LogUtils - Verify add new product page successfully
[INFO] 10-07-2025 16:07:08 [TestNG-test=User Add Product Test-1] LogUtils - Clear text on element By.xpath: //input[@name='name']
[INFO] 10-07-2025 16:07:08 [TestNG-test=User Add Product Test-1] LogUtils - Set text [Laptop Asus] on element: By.xpath: //input[@name='name']
[INFO] 10-07-2025 16:07:09 [TestNG-test=User Add Product Test-1] LogUtils - Click on element By.xpath: //button[@data-id='category_id']
[INFO] 10-07-2025 16:07:09 [TestNG-test=User Add Product Test-1] LogUtils - Set text [Laptop] on element: By.xpath: //button[@data-id='category_id']/following-sibling::div//input
[INFO] 10-07-2025 16:07:09 [TestNG-test=User Add Product Test-1] LogUtils - Click on element By.xpath: (//div[@id='bs-select-1']//li)[1]
[INFO] 10-07-2025 16:07:10 [TestNG-test=User Add Product Test-1] LogUtils - Click on element By.xpath: //button[@data-id='brand_id']
[INFO] 10-07-2025 16:07:10 [TestNG-test=User Add Product Test-1] LogUtils - Set text [Asus] on element: By.xpath: //button[@data-id='brand_id']/following-sibling::div//input
[INFO] 10-07-2025 16:07:10 [TestNG-test=User Add Product Test-1] LogUtils - Click on element By.xpath: (//div[@id='bs-select-2']//li)[1]
[INFO] 10-07-2025 16:07:11 [TestNG-test=User Add Product Test-1] LogUtils - Clear text on element By.xpath: //input[@name='unit']
[INFO] 10-07-2025 16:07:11 [TestNG-test=User Add Product Test-1] LogUtils - Set text [PC] on element: By.xpath: //input[@name='unit']
[INFO] 10-07-2025 16:07:11 [TestNG-test=User Add Product Test-1] LogUtils - Clear text on element By.xpath: //input[@name='weight']
[INFO] 10-07-2025 16:07:12 [TestNG-test=User Add Product Test-1] LogUtils - Set text [5] on element: By.xpath: //input[@name='weight']
[INFO] 10-07-2025 16:07:12 [TestNG-test=User Add Product Test-1] LogUtils - Set text [laptop asus] on element: By.xpath: //tags[@role='tagslist']
[INFO] 10-07-2025 16:07:12 [TestNG-test=User Add Product Test-1] LogUtils - Click on element By.xpath: //label[@for='signinSrEmail' and contains(normalize-space(), 'Gallery Images ')]/following-sibling::div/div
[INFO] 10-07-2025 16:07:15 [TestNG-test=User Add Product Test-1] LogUtils - Click on element By.xpath: //a[normalize-space()='Upload New']
[INFO] 10-07-2025 16:07:15 [TestNG-test=User Add Product Test-1] LogUtils - Click on element By.xpath: //button[normalize-space()='Browse']
[INFO] 10-07-2025 16:07:17 [TestNG-test=User Add Product Test-1] LogUtils - 📁 File path để upload: D:\LearnAutomationTest\EcommerceAutomationTesting\src\test\resources\datatest\laptop_asus.webp
[INFO] 10-07-2025 16:07:17 [TestNG-test=User Add Product Test-1] LogUtils - 📋 Đã copy đường dẫn file vào clipboard
[INFO] 10-07-2025 16:07:18 [TestNG-test=User Add Product Test-1] LogUtils - ⌨️ Đã thực hiện Ctrl + V
[INFO] 10-07-2025 16:07:19 [TestNG-test=User Add Product Test-1] LogUtils - ⏎ Đã nhấn Enter để xác nhận chọn file
[INFO] 10-07-2025 16:07:22 [TestNG-test=User Add Product Test-1] LogUtils - Click on element By.xpath: //a[normalize-space()='Select File']
[INFO] 10-07-2025 16:07:23 [TestNG-test=User Add Product Test-1] LogUtils - Click element with JavaScript: By.xpath: (//div[@title='laptop_asus.webp'])[27]
[INFO] 10-07-2025 16:07:24 [TestNG-test=User Add Product Test-1] LogUtils - Click on element By.xpath: //button[normalize-space()='Add Files']
[INFO] 10-07-2025 16:07:24 [TestNG-test=User Add Product Test-1] LogUtils - ✅ Upload file thành công và đã xác nhận trong UI
[INFO] 10-07-2025 16:07:25 [TestNG-test=User Add Product Test-1] LogUtils - Click on element By.xpath: //label[@for='signinSrEmail' and contains(normalize-space(), 'Thumbnail Image ')]/following-sibling::div/div[@data-type='image']
[INFO] 10-07-2025 16:07:27 [TestNG-test=User Add Product Test-1] LogUtils - Click on element By.xpath: //a[normalize-space()='Upload New']
[INFO] 10-07-2025 16:07:27 [TestNG-test=User Add Product Test-1] LogUtils - Click on element By.xpath: //button[normalize-space()='Browse']
[INFO] 10-07-2025 16:07:29 [TestNG-test=User Add Product Test-1] LogUtils - 📁 File path để upload: D:\LearnAutomationTest\EcommerceAutomationTesting\src\test\resources\datatest\laptop_asus.webp
[INFO] 10-07-2025 16:07:29 [TestNG-test=User Add Product Test-1] LogUtils - 📋 Đã copy đường dẫn file vào clipboard
[INFO] 10-07-2025 16:07:30 [TestNG-test=User Add Product Test-1] LogUtils - ⌨️ Đã thực hiện Ctrl + V
[INFO] 10-07-2025 16:07:31 [TestNG-test=User Add Product Test-1] LogUtils - ⏎ Đã nhấn Enter để xác nhận chọn file
[INFO] 10-07-2025 16:07:34 [TestNG-test=User Add Product Test-1] LogUtils - Click on element By.xpath: //a[normalize-space()='Select File']
[INFO] 10-07-2025 16:07:35 [TestNG-test=User Add Product Test-1] LogUtils - Click element with JavaScript: By.xpath: (//div[@title='laptop_asus.webp'])[29]
[INFO] 10-07-2025 16:07:36 [TestNG-test=User Add Product Test-1] LogUtils - Click on element By.xpath: //button[normalize-space()='Add Files']
[INFO] 10-07-2025 16:07:36 [TestNG-test=User Add Product Test-1] LogUtils - ✅ Upload file thành công và đã xác nhận trong UI
[INFO] 10-07-2025 16:07:37 [TestNG-test=User Add Product Test-1] LogUtils - Click on element By.xpath: //button[@data-id='colors']/parent::div/parent::div/following-sibling::div/label
[INFO] 10-07-2025 16:07:37 [TestNG-test=User Add Product Test-1] LogUtils - Click on element By.xpath: //button[@data-id='colors']
[INFO] 10-07-2025 16:07:37 [TestNG-test=User Add Product Test-1] LogUtils - Clear text on element By.xpath: //button[@data-id='colors']/following-sibling::div//input
[INFO] 10-07-2025 16:07:38 [TestNG-test=User Add Product Test-1] LogUtils - Set text [Aqua] on element: By.xpath: //button[@data-id='colors']/following-sibling::div//input
[INFO] 10-07-2025 16:07:38 [TestNG-test=User Add Product Test-1] LogUtils - Click on element By.xpath: (//button[@data-id='colors']/following-sibling::div//ul/li)[1]
[INFO] 10-07-2025 16:07:38 [TestNG-test=User Add Product Test-1] LogUtils - Click on element By.xpath: //h5[normalize-space()='Product Variation']
[INFO] 10-07-2025 16:07:40 [TestNG-test=User Add Product Test-1] LogUtils - Clear text on element By.xpath: //input[@name='unit_price']
[INFO] 10-07-2025 16:07:40 [TestNG-test=User Add Product Test-1] LogUtils - Set text [3000] on element: By.xpath: //input[@name='unit_price']
[INFO] 10-07-2025 16:07:41 [TestNG-test=User Add Product Test-1] LogUtils - Clear text on element By.xpath: //input[@name='qty_Aqua']
[INFO] 10-07-2025 16:07:42 [TestNG-test=User Add Product Test-1] LogUtils - Set text [500] on element: By.xpath: //input[@name='qty_Aqua']
[INFO] 10-07-2025 16:07:42 [TestNG-test=User Add Product Test-1] LogUtils - Clear text on element By.xpath: //input[@name='price_Aqua']
[INFO] 10-07-2025 16:07:42 [TestNG-test=User Add Product Test-1] LogUtils - Set text [3000] on element: By.xpath: //input[@name='price_Aqua']
[INFO] 10-07-2025 16:07:45 [TestNG-test=User Add Product Test-1] LogUtils - Set text [Laptop asus vừa mạnh vừa đẹp] on element: By.xpath: //div[@role='textbox']
[INFO] 10-07-2025 16:07:45 [TestNG-test=User Add Product Test-1] LogUtils - 📝 Product Name: Laptop Asus
[INFO] 10-07-2025 16:07:45 [TestNG-test=User Add Product Test-1] LogUtils - 📂 Category: Laptop
[INFO] 10-07-2025 16:07:45 [TestNG-test=User Add Product Test-1] LogUtils - 🏷️ Brand: Asus
[INFO] 10-07-2025 16:07:45 [TestNG-test=User Add Product Test-1] LogUtils - 📏 Unit: PC
[INFO] 10-07-2025 16:07:45 [TestNG-test=User Add Product Test-1] LogUtils - ⚖️ Weight: 5
[INFO] 10-07-2025 16:07:45 [TestNG-test=User Add Product Test-1] LogUtils - 🔖 Tag: laptop asus
[INFO] 10-07-2025 16:07:45 [TestNG-test=User Add Product Test-1] LogUtils - 💵 Price: 3000
[INFO] 10-07-2025 16:07:45 [TestNG-test=User Add Product Test-1] LogUtils - 💵 Color: Aqua
[INFO] 10-07-2025 16:07:45 [TestNG-test=User Add Product Test-1] LogUtils - 📦 Quantity: 500
[INFO] 10-07-2025 16:07:45 [TestNG-test=User Add Product Test-1] LogUtils - 🧾 Description: Laptop asus vừa mạnh vừa đẹp
[INFO] 10-07-2025 16:07:45 [TestNG-test=User Add Product Test-1] LogUtils - 🖼️ Image path: laptop_asus.webp
[INFO] 10-07-2025 16:07:45 [TestNG-test=User Add Product Test-1] LogUtils - Click on element By.xpath: //button[normalize-space()='Save & Publish']
[INFO] 10-07-2025 16:07:46 [TestNG-test=User Add Product Test-1] LogUtils - Get text of element: By.xpath: //span[normalize-space()='Product has been inserted successfully'] || ==> Text Return: Product has been inserted successfully
[INFO] 10-07-2025 16:07:46 [TestNG-test=User Add Product Test-1] LogUtils - checkElementExist: true --- By.xpath: //span[normalize-space()='Product has been inserted successfully']
[INFO] 10-07-2025 16:07:46 [TestNG-test=User Add Product Test-1] LogUtils - Get current url: https://cms.anhtester.com/admin/products/admin
[INFO] 10-07-2025 16:07:47 [TestNG-test=User Add Product Test-1] LogUtils - 🔍 Tìm kiếm với từ khóa [Laptop Asus] bằng element: By.xpath: //input[@id='search']
[INFO] 10-07-2025 16:07:48 [TestNG-test=User Add Product Test-1] LogUtils - Get text of element: By.xpath: (//tbody/tr)[1]/td[2]//span || ==> Text Return: Laptop Asus
[INFO] 10-07-2025 16:07:48 [TestNG-test=User Add Product Test-1] LogUtils - checkElementExist: true --- By.xpath: //h5[normalize-space()='All Product']
[INFO] 10-07-2025 16:07:48 [TestNG-test=User Add Product Test-1] LogUtils - Get text of element: By.xpath: //h5[normalize-space()='All Product'] || ==> Text Return: All Product
[INFO] 10-07-2025 16:07:48 [TestNG-test=User Add Product Test-1] LogUtils - ✅ Verify add new product successfully !
[INFO] 10-07-2025 16:07:48 [TestNG-test=User Add Product Test-1] LogUtils - Get attribute of element By.xpath: (//a[@title='View'])[1]
[INFO] 10-07-2025 16:07:48 [TestNG-test=User Add Product Test-1] LogUtils - ==> Attribute value: https://cms.anhtester.com/product/laptop-asus-3
[INFO] 10-07-2025 16:07:48 [TestNG-test=User Add Product Test-1] LogUtils - Click on element By.xpath: (//a[@title='View'])[1]
[INFO] 10-07-2025 16:07:49 [TestNG-test=User Add Product Test-1] LogUtils - ✅ Switched to new tab with URL: https://cms.anhtester.com/product/laptop-asus-3
[INFO] 10-07-2025 16:07:49 [TestNG-test=User Add Product Test-1] LogUtils - start verifyProductDetailPage
[INFO] 10-07-2025 16:07:49 [TestNG-test=User Add Product Test-1] LogUtils - Get current url: https://cms.anhtester.com/product/laptop-asus-3
[INFO] 10-07-2025 16:07:49 [TestNG-test=User Add Product Test-1] LogUtils - currentURL verify product detail page: https://cms.anhtester.com/product/laptop-asus-3
[INFO] 10-07-2025 16:07:49 [TestNG-test=User Add Product Test-1] LogUtils - href expected verify product detail page: https://cms.anhtester.com/product/laptop-asus-3
[INFO] 10-07-2025 16:07:49 [TestNG-test=User Add Product Test-1] LogUtils - title verify product detail page: Laptop Asus
[INFO] 10-07-2025 16:07:50 [TestNG-test=User Add Product Test-1] LogUtils - Get text of element: By.xpath: //div[@class='text-left']/h1 || ==> Text Return: Laptop Asus
[INFO] 10-07-2025 16:07:50 [TestNG-test=User Add Product Test-1] LogUtils - href expected verify product detail page: https://cms.anhtester.com/product/laptop-asus-3
[INFO] 10-07-2025 16:07:50 [TestNG-test=User Add Product Test-1] LogUtils - title verify product detail page: Laptop Asus
[INFO] 10-07-2025 16:07:50 [TestNG-test=User Add Product Test-1] LogUtils - Get text of element: By.xpath: //div[@class='text-left']/h1 || ==> Text Return: Laptop Asus
[INFO] 10-07-2025 16:07:50 [TestNG-test=User Add Product Test-1] LogUtils - Get text of element: By.xpath: (//div[@class='text-left']//strong)[1] || ==> Text Return: $3,000.00
[INFO] 10-07-2025 16:07:50 [TestNG-test=User Add Product Test-1] LogUtils - Get text of element: By.xpath: (//div[@class='text-left']//strong)[1]/following-sibling::span || ==> Text Return: /PC
[INFO] 10-07-2025 16:07:50 [TestNG-test=User Add Product Test-1] LogUtils - Get text of element: By.xpath: //span[@id='available-quantity'] || ==> Text Return: 500
[INFO] 10-07-2025 16:07:50 [TestNG-test=User Add Product Test-1] LogUtils - Get text of element: By.xpath: //div[@id='tab_default_1']//p || ==> Text Return: Laptop asus vừa mạnh vừa đẹp
[INFO] 10-07-2025 16:07:50 [TestNG-test=User Add Product Test-1] LogUtils - 🔍 nameProduct UI: Laptop Asus | expected: Laptop Asus
[INFO] 10-07-2025 16:07:50 [TestNG-test=User Add Product Test-1] LogUtils - 🔍 priceProduct UI: 3000 | expected: 3000
[INFO] 10-07-2025 16:07:50 [TestNG-test=User Add Product Test-1] LogUtils - 🔍 unitProduct UI: PC | expected: PC
[INFO] 10-07-2025 16:07:50 [TestNG-test=User Add Product Test-1] LogUtils - 🔍 quantityProduct UI: 500 | expected: 500
[INFO] 10-07-2025 16:07:50 [TestNG-test=User Add Product Test-1] LogUtils - 🔍 descriptionProduct UI: Laptop asus vừa mạnh vừa đẹp | expected: Laptop asus vừa mạnh vừa đẹp
[INFO] 10-07-2025 16:07:50 [TestNG-test=User Add Product Test-1] LogUtils - ✅ Verify info product detail with excel data successfully !
[INFO] 10-07-2025 16:07:53 [TestNG-test=User Add Product Test-1] LogUtils - ✅ Đây là Test case chạy thành công: testAdminCheckDetailProduct
[INFO] 10-07-2025 16:07:54 [main] LogUtils - ⭐️ Total test: 9
[INFO] 10-07-2025 16:07:54 [main] LogUtils - ⭐️ Passed: 9
[INFO] 10-07-2025 16:07:54 [main] LogUtils - ⭐️ Failed: 0
[INFO] 10-07-2025 16:07:54 [main] LogUtils - ⭐️ Skipped: 0
[INFO] 10-07-2025 16:07:54 [main] LogUtils - 🟢 Kết thúc toàn bộ suite: User Add Product Test
[INFO] 10-07-2025 16:07:57 [main] LogUtils - ✅ Email with attachments sent!
[INFO] 10-07-2025 16:20:11 [main] LogUtils - ⚙\uFE0F Thời gian chạy toàn bộ test:Thu Jul 10 16:20:10 ICT 2025
[INFO] 10-07-2025 16:20:12 [main] LogUtils - ⚙️ Bắt đầu test suite cho class: UserLoginTest
[INFO] 10-07-2025 16:20:14 [TestNG-test=User Login Test-1] LogUtils - Login Data from Excel: [[Ljava.lang.Object;@208d788
[INFO] 10-07-2025 16:20:14 [TestNG-test=User Login Test-3] LogUtils - Login Data from Excel: [[Ljava.lang.Object;@4e3bcc87
[INFO] 10-07-2025 16:20:14 [TestNG-test=User Login Test-2] LogUtils - Login Data from Excel: [[Ljava.lang.Object;@49744acd
[INFO] 10-07-2025 16:20:18 [TestNG-test=User Login Test-3] LogUtils - Run with Edge browser
[INFO] 10-07-2025 16:20:18 [TestNG-test=User Login Test-2] LogUtils - Run with Edge browser
[INFO] 10-07-2025 16:20:18 [TestNG-test=User Login Test-1] LogUtils - Run with Edge browser
[INFO] 10-07-2025 16:20:19 [TestNG-test=User Login Test-2] LogUtils - Bắt đầu chạy test: testUserLoginPageFailWithInvalidEmail
[INFO] 10-07-2025 16:20:19 [TestNG-test=User Login Test-1] LogUtils - Bắt đầu chạy test: testUserLoginPageSuccess
[INFO] 10-07-2025 16:20:19 [TestNG-test=User Login Test-3] LogUtils - Bắt đầu chạy test: testUserLoginPageFailWithInvalidPassword
[INFO] 10-07-2025 16:20:22 [TestNG-test=User Login Test-2] LogUtils - 🌐 Open URL: https://cms.anhtester.com/
[INFO] 10-07-2025 16:20:22 [TestNG-test=User Login Test-3] LogUtils - 🌐 Open URL: https://cms.anhtester.com/
[INFO] 10-07-2025 16:20:22 [TestNG-test=User Login Test-1] LogUtils - 🌐 Open URL: https://cms.anhtester.com/
[INFO] 10-07-2025 16:20:23 [TestNG-test=User Login Test-3] LogUtils - checkElementExist: true --- By.xpath: //b[normalize-space()='Website Demo']
[INFO] 10-07-2025 16:20:23 [TestNG-test=User Login Test-2] LogUtils - checkElementExist: true --- By.xpath: //b[normalize-space()='Website Demo']
[INFO] 10-07-2025 16:20:23 [TestNG-test=User Login Test-1] LogUtils - checkElementExist: true --- By.xpath: //b[normalize-space()='Website Demo']
[INFO] 10-07-2025 16:20:23 [TestNG-test=User Login Test-3] LogUtils - Click on element By.xpath: //b[normalize-space()='Website Demo']/following::button[@data-value='removed']
[INFO] 10-07-2025 16:20:24 [TestNG-test=User Login Test-1] LogUtils - Click on element By.xpath: //b[normalize-space()='Website Demo']/following::button[@data-value='removed']
[INFO] 10-07-2025 16:20:24 [TestNG-test=User Login Test-2] LogUtils - Click on element By.xpath: //b[normalize-space()='Website Demo']/following::button[@data-value='removed']
[INFO] 10-07-2025 16:20:24 [TestNG-test=User Login Test-3] LogUtils - Click on element By.xpath: (//a[normalize-space()='Login'])[1]
[INFO] 10-07-2025 16:20:24 [TestNG-test=User Login Test-3] LogUtils - checkElementExist: true --- By.xpath: //a[contains(normalize-space(), 'Forgot password')]
[INFO] 10-07-2025 16:20:25 [TestNG-test=User Login Test-2] LogUtils - Click on element By.xpath: (//a[normalize-space()='Login'])[1]
[INFO] 10-07-2025 16:20:25 [TestNG-test=User Login Test-2] LogUtils - checkElementExist: true --- By.xpath: //a[contains(normalize-space(), 'Forgot password')]
[INFO] 10-07-2025 16:20:25 [TestNG-test=User Login Test-3] LogUtils - Clear text on element By.xpath: //input[@id='email']
[INFO] 10-07-2025 16:20:25 [TestNG-test=User Login Test-2] LogUtils - Clear text on element By.xpath: //input[@id='email']
[INFO] 10-07-2025 16:20:25 [TestNG-test=User Login Test-3] LogUtils - Set text [customer@example.com] on element: By.xpath: //input[@id='email']
[INFO] 10-07-2025 16:20:25 [TestNG-test=User Login Test-2] LogUtils - Set text [customer123@example.com] on element: By.xpath: //input[@id='email']
[INFO] 10-07-2025 16:20:26 [TestNG-test=User Login Test-3] LogUtils - Clear text on element By.xpath: //input[@id='password']
[INFO] 10-07-2025 16:20:26 [TestNG-test=User Login Test-2] LogUtils - Clear text on element By.xpath: //input[@id='password']
[INFO] 10-07-2025 16:20:26 [TestNG-test=User Login Test-3] LogUtils - Set text [123] on element: By.xpath: //input[@id='password']
[INFO] 10-07-2025 16:20:26 [TestNG-test=User Login Test-2] LogUtils - Set text [123456] on element: By.xpath: //input[@id='password']
[INFO] 10-07-2025 16:20:28 [TestNG-test=User Login Test-2] LogUtils - Click on element By.xpath: //button[normalize-space()='Login']
[INFO] 10-07-2025 16:20:28 [TestNG-test=User Login Test-3] LogUtils - Click on element By.xpath: //button[normalize-space()='Login']
[INFO] 10-07-2025 16:20:28 [TestNG-test=User Login Test-1] LogUtils - Click on element By.xpath: (//a[normalize-space()='Login'])[1]
[INFO] 10-07-2025 16:20:29 [TestNG-test=User Login Test-1] LogUtils - checkElementExist: true --- By.xpath: //a[contains(normalize-space(), 'Forgot password')]
[INFO] 10-07-2025 16:20:29 [TestNG-test=User Login Test-1] LogUtils - Clear text on element By.xpath: //input[@id='email']
[INFO] 10-07-2025 16:20:29 [TestNG-test=User Login Test-1] LogUtils - Set text [customer@example.com] on element: By.xpath: //input[@id='email']
[INFO] 10-07-2025 16:20:30 [TestNG-test=User Login Test-1] LogUtils - Clear text on element By.xpath: //input[@id='password']
[INFO] 10-07-2025 16:20:30 [TestNG-test=User Login Test-2] LogUtils - Get text of element: By.xpath: //span[contains(normalize-space(), 'Invalid login')] || ==> Text Return: Invalid login credentials
[INFO] 10-07-2025 16:20:30 [TestNG-test=User Login Test-2] LogUtils - Verify login fail success !
[INFO] 10-07-2025 16:20:30 [TestNG-test=User Login Test-2] LogUtils - ✅ Đây là Test case chạy thành công: testUserLoginPageFailWithInvalidEmail
[INFO] 10-07-2025 16:20:30 [TestNG-test=User Login Test-1] LogUtils - Set text [123456] on element: By.xpath: //input[@id='password']
[INFO] 10-07-2025 16:20:30 [TestNG-test=User Login Test-3] LogUtils - Get text of element: By.xpath: //span[contains(normalize-space(), 'Invalid login')] || ==> Text Return: Invalid login credentials
[INFO] 10-07-2025 16:20:30 [TestNG-test=User Login Test-3] LogUtils - Verify login fail success !
[INFO] 10-07-2025 16:20:30 [TestNG-test=User Login Test-3] LogUtils - ✅ Đây là Test case chạy thành công: testUserLoginPageFailWithInvalidPassword
[INFO] 10-07-2025 16:20:32 [TestNG-test=User Login Test-1] LogUtils - Click on element By.xpath: //button[normalize-space()='Login']
[INFO] 10-07-2025 16:20:34 [TestNG-test=User Login Test-1] LogUtils - checkElementExist: true --- By.xpath: (//span[normalize-space()='Dashboard'])[1]
[INFO] 10-07-2025 16:20:34 [TestNG-test=User Login Test-1] LogUtils - Verify login success !
[INFO] 10-07-2025 16:20:34 [TestNG-test=User Login Test-1] LogUtils - ✅ Đây là Test case chạy thành công: testUserLoginPageSuccess
[INFO] 10-07-2025 16:20:35 [main] LogUtils - ⭐️ Total test: 3
[INFO] 10-07-2025 16:20:35 [main] LogUtils - ⭐️ Passed: 3
[INFO] 10-07-2025 16:20:35 [main] LogUtils - ⭐️ Failed: 0
[INFO] 10-07-2025 16:20:35 [main] LogUtils - ⭐️ Skipped: 0
[INFO] 10-07-2025 16:20:35 [main] LogUtils - 🟢 Kết thúc toàn bộ suite: User Login Test
[INFO] 10-07-2025 16:20:39 [main] LogUtils - ✅ Email with attachments sent!
[INFO] 10-07-2025 16:20:39 [main] LogUtils - ⚙\uFE0F Thời gian chạy toàn bộ test:Thu Jul 10 16:20:39 ICT 2025
[INFO] 10-07-2025 16:20:39 [main] LogUtils - ⚙️ Bắt đầu test suite cho class: UserUpdateProfileTest
[INFO] 10-07-2025 16:20:41 [main] LogUtils - Run with Edge browser
[INFO] 10-07-2025 16:20:41 [main] LogUtils - Bắt đầu chạy test: testUpdateUserWithAddNewName
[INFO] 10-07-2025 16:20:43 [main] LogUtils - 🌐 Open URL: https://cms.anhtester.com/
[INFO] 10-07-2025 16:20:43 [main] LogUtils - checkElementExist: true --- By.xpath: //b[normalize-space()='Website Demo']
[INFO] 10-07-2025 16:20:44 [main] LogUtils - Click on element By.xpath: //b[normalize-space()='Website Demo']/following::button[@data-value='removed']
[INFO] 10-07-2025 16:20:45 [main] LogUtils - Click on element By.xpath: (//a[normalize-space()='Login'])[1]
[INFO] 10-07-2025 16:20:45 [main] LogUtils - checkElementExist: true --- By.xpath: //a[contains(normalize-space(), 'Forgot password')]
[INFO] 10-07-2025 16:20:45 [main] LogUtils - Clear text on element By.xpath: //input[@id='email']
[INFO] 10-07-2025 16:20:46 [main] LogUtils - Set text [customer@example.com] on element: By.xpath: //input[@id='email']
[INFO] 10-07-2025 16:20:46 [main] LogUtils - Clear text on element By.xpath: //input[@id='password']
[INFO] 10-07-2025 16:20:46 [main] LogUtils - Set text [123456] on element: By.xpath: //input[@id='password']
[INFO] 10-07-2025 16:20:47 [main] LogUtils - Click on element By.xpath: //button[normalize-space()='Login']
[INFO] 10-07-2025 16:20:47 [main] LogUtils - checkElementExist: true --- By.xpath: (//span[normalize-space()='Dashboard'])[1]
[INFO] 10-07-2025 16:20:48 [main] LogUtils - Verify login success !
[INFO] 10-07-2025 16:20:49 [main] LogUtils - checkElementExist: true --- By.xpath: (//span[normalize-space()='Manage Profile'])[1]
[INFO] 10-07-2025 16:20:50 [main] LogUtils - Click on element By.xpath: (//span[normalize-space()='Manage Profile'])[1]
[INFO] 10-07-2025 16:20:50 [main] LogUtils - Get current url: https://cms.anhtester.com/profile
[INFO] 10-07-2025 16:20:50 [main] LogUtils - checkElementExist: true --- By.xpath: //button[normalize-space()='Update Profile']
[INFO] 10-07-2025 16:20:50 [main] LogUtils - checkElementExist: true --- By.xpath: //input[@placeholder='Your name' and @name='name']
[INFO] 10-07-2025 16:20:50 [main] LogUtils - Get attribute of element By.xpath: //input[@placeholder='Your name' and @name='name']
[INFO] 10-07-2025 16:20:50 [main] LogUtils - ==> Attribute value: User Test
[INFO] 10-07-2025 16:20:50 [main] LogUtils - Clear text on element By.xpath: //input[@placeholder='Your name' and @name='name']
[INFO] 10-07-2025 16:20:51 [main] LogUtils - Set text [User Test Hoàng] on element: By.xpath: //input[@placeholder='Your name' and @name='name']
[INFO] 10-07-2025 16:20:51 [main] LogUtils - checkElementExist: true --- By.xpath: //button[normalize-space()='Update Profile']
[INFO] 10-07-2025 16:20:52 [main] LogUtils - Click on element By.xpath: //button[normalize-space()='Update Profile']
[INFO] 10-07-2025 16:20:53 [main] LogUtils - checkElementExist: true --- By.xpath: //input[@placeholder='Your name' and @name='name']
[INFO] 10-07-2025 16:20:53 [main] LogUtils - Get attribute of element By.xpath: //input[@placeholder='Your name' and @name='name']
[INFO] 10-07-2025 16:20:53 [main] LogUtils - ==> Attribute value: User Test Hoàng
[INFO] 10-07-2025 16:20:53 [main] LogUtils - checkElementExist: true --- By.xpath: //span[contains(normalize-space(), 'updated successfully')]
[INFO] 10-07-2025 16:20:53 [main] LogUtils - verifyUpdateUserProfileSuccess: profile updated successfully!
[INFO] 10-07-2025 16:20:53 [main] LogUtils - checkElementExist: true --- By.xpath: //span[contains(normalize-space(), 'updated successfully')]
[INFO] 10-07-2025 16:20:53 [main] LogUtils - verifyUpdateUserProfileSuccess: profile updated successfully!
[INFO] 10-07-2025 16:20:53 [main] LogUtils - ✅ Đây là Test case chạy thành công: testUpdateUserWithAddNewName
[INFO] 10-07-2025 16:20:56 [main] LogUtils - Run with Edge browser
[INFO] 10-07-2025 16:20:56 [main] LogUtils - Bắt đầu chạy test: testUpdateUserWithChangeValue
[INFO] 10-07-2025 16:20:58 [main] LogUtils - 🌐 Open URL: https://cms.anhtester.com/
[INFO] 10-07-2025 16:20:58 [main] LogUtils - checkElementExist: true --- By.xpath: //b[normalize-space()='Website Demo']
[INFO] 10-07-2025 16:20:59 [main] LogUtils - Click on element By.xpath: //b[normalize-space()='Website Demo']/following::button[@data-value='removed']
[INFO] 10-07-2025 16:21:00 [main] LogUtils - Click on element By.xpath: (//a[normalize-space()='Login'])[1]
[INFO] 10-07-2025 16:21:00 [main] LogUtils - checkElementExist: true --- By.xpath: //a[contains(normalize-space(), 'Forgot password')]
[INFO] 10-07-2025 16:21:00 [main] LogUtils - Clear text on element By.xpath: //input[@id='email']
[INFO] 10-07-2025 16:21:01 [main] LogUtils - Set text [customer@example.com] on element: By.xpath: //input[@id='email']
[INFO] 10-07-2025 16:21:01 [main] LogUtils - Clear text on element By.xpath: //input[@id='password']
[INFO] 10-07-2025 16:21:01 [main] LogUtils - Set text [123456] on element: By.xpath: //input[@id='password']
[INFO] 10-07-2025 16:21:03 [main] LogUtils - Click on element By.xpath: //button[normalize-space()='Login']
[INFO] 10-07-2025 16:21:03 [main] LogUtils - checkElementExist: true --- By.xpath: (//span[normalize-space()='Dashboard'])[1]
[INFO] 10-07-2025 16:21:03 [main] LogUtils - Verify login success !
[INFO] 10-07-2025 16:21:04 [main] LogUtils - checkElementExist: true --- By.xpath: (//span[normalize-space()='Manage Profile'])[1]
[INFO] 10-07-2025 16:21:05 [main] LogUtils - Click on element By.xpath: (//span[normalize-space()='Manage Profile'])[1]
[INFO] 10-07-2025 16:21:05 [main] LogUtils - Get current url: https://cms.anhtester.com/profile
[INFO] 10-07-2025 16:21:06 [main] LogUtils - checkElementExist: true --- By.xpath: //button[normalize-space()='Update Profile']
[INFO] 10-07-2025 16:21:06 [main] LogUtils - checkElementExist: true --- By.xpath: //input[@placeholder='Your name' and @name='name']
[INFO] 10-07-2025 16:21:06 [main] LogUtils - Get attribute of element By.xpath: //input[@placeholder='Your name' and @name='name']
[INFO] 10-07-2025 16:21:06 [main] LogUtils - ==> Attribute value: User Test Hoàng
[INFO] 10-07-2025 16:21:06 [main] LogUtils - Clear text on element By.xpath: //input[@placeholder='Your name' and @name='name']
[INFO] 10-07-2025 16:21:06 [main] LogUtils - Set text [User Test Tài] on element: By.xpath: //input[@placeholder='Your name' and @name='name']
[INFO] 10-07-2025 16:21:06 [main] LogUtils - checkElementExist: true --- By.xpath: //button[normalize-space()='Update Profile']
[INFO] 10-07-2025 16:21:08 [main] LogUtils - Click on element By.xpath: //button[normalize-space()='Update Profile']
[INFO] 10-07-2025 16:21:09 [main] LogUtils - checkElementExist: true --- By.xpath: //input[@placeholder='Your name' and @name='name']
[INFO] 10-07-2025 16:21:09 [main] LogUtils - Get attribute of element By.xpath: //input[@placeholder='Your name' and @name='name']
[INFO] 10-07-2025 16:21:09 [main] LogUtils - ==> Attribute value: User Test Tài
[INFO] 10-07-2025 16:21:09 [main] LogUtils - checkElementExist: true --- By.xpath: //span[contains(normalize-space(), 'updated successfully')]
[INFO] 10-07-2025 16:21:09 [main] LogUtils - verifyUpdateUserProfileSuccess: profile updated successfully!
[INFO] 10-07-2025 16:21:09 [main] LogUtils - checkElementExist: true --- By.xpath: //span[contains(normalize-space(), 'updated successfully')]
[INFO] 10-07-2025 16:21:09 [main] LogUtils - verifyUpdateUserProfileSuccess: profile updated successfully!
[INFO] 10-07-2025 16:21:09 [main] LogUtils - ✅ Đây là Test case chạy thành công: testUpdateUserWithChangeValue
[INFO] 10-07-2025 16:21:11 [main] LogUtils - Run with Edge browser
[INFO] 10-07-2025 16:21:11 [main] LogUtils - Bắt đầu chạy test: testUpdateUserWithDeletePart
[INFO] 10-07-2025 16:21:13 [main] LogUtils - 🌐 Open URL: https://cms.anhtester.com/
[INFO] 10-07-2025 16:21:13 [main] LogUtils - checkElementExist: true --- By.xpath: //b[normalize-space()='Website Demo']
[INFO] 10-07-2025 16:21:14 [main] LogUtils - Click on element By.xpath: //b[normalize-space()='Website Demo']/following::button[@data-value='removed']
[INFO] 10-07-2025 16:21:15 [main] LogUtils - Click on element By.xpath: (//a[normalize-space()='Login'])[1]
[INFO] 10-07-2025 16:21:15 [main] LogUtils - checkElementExist: true --- By.xpath: //a[contains(normalize-space(), 'Forgot password')]
[INFO] 10-07-2025 16:21:16 [main] LogUtils - Clear text on element By.xpath: //input[@id='email']
[INFO] 10-07-2025 16:21:16 [main] LogUtils - Set text [customer@example.com] on element: By.xpath: //input[@id='email']
[INFO] 10-07-2025 16:21:16 [main] LogUtils - Clear text on element By.xpath: //input[@id='password']
[INFO] 10-07-2025 16:21:17 [main] LogUtils - Set text [123456] on element: By.xpath: //input[@id='password']
[INFO] 10-07-2025 16:21:18 [main] LogUtils - Click on element By.xpath: //button[normalize-space()='Login']
[INFO] 10-07-2025 16:21:18 [main] LogUtils - checkElementExist: true --- By.xpath: (//span[normalize-space()='Dashboard'])[1]
[INFO] 10-07-2025 16:21:18 [main] LogUtils - Verify login success !
[INFO] 10-07-2025 16:21:19 [main] LogUtils - checkElementExist: true --- By.xpath: (//span[normalize-space()='Manage Profile'])[1]
[INFO] 10-07-2025 16:21:20 [main] LogUtils - Click on element By.xpath: (//span[normalize-space()='Manage Profile'])[1]
[INFO] 10-07-2025 16:21:20 [main] LogUtils - Get current url: https://cms.anhtester.com/profile
[INFO] 10-07-2025 16:21:20 [main] LogUtils - checkElementExist: true --- By.xpath: //button[normalize-space()='Update Profile']
[INFO] 10-07-2025 16:21:20 [main] LogUtils - checkElementExist: true --- By.xpath: //input[@placeholder='Your name' and @name='name']
[INFO] 10-07-2025 16:21:20 [main] LogUtils - Get attribute of element By.xpath: //input[@placeholder='Your name' and @name='name']
[INFO] 10-07-2025 16:21:20 [main] LogUtils - ==> Attribute value: User Test Tài
[INFO] 10-07-2025 16:21:21 [main] LogUtils - Clear text on element By.xpath: //input[@placeholder='Your name' and @name='name']
[INFO] 10-07-2025 16:21:21 [main] LogUtils - Set text [User Test] on element: By.xpath: //input[@placeholder='Your name' and @name='name']
[INFO] 10-07-2025 16:21:21 [main] LogUtils - checkElementExist: true --- By.xpath: //button[normalize-space()='Update Profile']
[INFO] 10-07-2025 16:21:22 [main] LogUtils - Click on element By.xpath: //button[normalize-space()='Update Profile']
[INFO] 10-07-2025 16:21:23 [main] LogUtils - checkElementExist: true --- By.xpath: //input[@placeholder='Your name' and @name='name']
[INFO] 10-07-2025 16:21:24 [main] LogUtils - checkElementExist: true --- By.xpath: //span[contains(normalize-space(), 'updated successfully')]
[INFO] 10-07-2025 16:21:24 [main] LogUtils - verifyUpdateUserProfileSuccess: profile updated successfully!
[INFO] 10-07-2025 16:21:24 [main] LogUtils - ✅ Đây là Test case chạy thành công: testUpdateUserWithDeletePart
[INFO] 10-07-2025 16:21:24 [main] LogUtils - ⭐️ Total test: 6
[INFO] 10-07-2025 16:21:24 [main] LogUtils - ⭐️ Passed: 6
[INFO] 10-07-2025 16:21:24 [main] LogUtils - ⭐️ Failed: 0
[INFO] 10-07-2025 16:21:24 [main] LogUtils - ⭐️ Skipped: 0
[INFO] 10-07-2025 16:21:24 [main] LogUtils - 🟢 Kết thúc toàn bộ suite: Update User Profile Test
[INFO] 10-07-2025 16:21:27 [main] LogUtils - ✅ Email with attachments sent!
[INFO] 10-07-2025 16:21:28 [main] LogUtils - ⚙\uFE0F Thời gian chạy toàn bộ test:Thu Jul 10 16:21:28 ICT 2025
[INFO] 10-07-2025 16:21:28 [main] LogUtils - ⚙️ Bắt đầu test suite cho class: UserSetInfoProductToExcelTest
[INFO] 10-07-2025 16:21:29 [TestNG-test=Save Data Product To Excel Test-1] LogUtils - Run with Edge browser
[INFO] 10-07-2025 16:21:29 [TestNG-test=Save Data Product To Excel Test-1] LogUtils - Bắt đầu chạy test: testSetInfoProduct
[INFO] 10-07-2025 16:21:31 [TestNG-test=Save Data Product To Excel Test-1] LogUtils - 🌐 Open URL: https://cms.anhtester.com/
[INFO] 10-07-2025 16:21:31 [TestNG-test=Save Data Product To Excel Test-1] LogUtils - checkElementExist: true --- By.xpath: //b[normalize-space()='Website Demo']
[INFO] 10-07-2025 16:21:32 [TestNG-test=Save Data Product To Excel Test-1] LogUtils - Click on element By.xpath: //b[normalize-space()='Website Demo']/following::button[@data-value='removed']
[INFO] 10-07-2025 16:21:33 [TestNG-test=Save Data Product To Excel Test-1] LogUtils - Click on element By.xpath: (//a[normalize-space()='Login'])[1]
[INFO] 10-07-2025 16:21:33 [TestNG-test=Save Data Product To Excel Test-1] LogUtils - checkElementExist: true --- By.xpath: //a[contains(normalize-space(), 'Forgot password')]
[INFO] 10-07-2025 16:21:33 [TestNG-test=Save Data Product To Excel Test-1] LogUtils - Clear text on element By.xpath: //input[@id='email']
[INFO] 10-07-2025 16:21:34 [TestNG-test=Save Data Product To Excel Test-1] LogUtils - Set text [customer@example.com] on element: By.xpath: //input[@id='email']
[INFO] 10-07-2025 16:21:34 [TestNG-test=Save Data Product To Excel Test-1] LogUtils - Clear text on element By.xpath: //input[@id='password']
[INFO] 10-07-2025 16:21:34 [TestNG-test=Save Data Product To Excel Test-1] LogUtils - Set text [123456] on element: By.xpath: //input[@id='password']
[INFO] 10-07-2025 16:21:37 [TestNG-test=Save Data Product To Excel Test-1] LogUtils - Click on element By.xpath: //button[normalize-space()='Login']
[INFO] 10-07-2025 16:21:37 [TestNG-test=Save Data Product To Excel Test-1] LogUtils - checkElementExist: true --- By.xpath: (//span[normalize-space()='Dashboard'])[1]
[INFO] 10-07-2025 16:21:37 [TestNG-test=Save Data Product To Excel Test-1] LogUtils - Verify login success !
[INFO] 10-07-2025 16:21:37 [TestNG-test=Save Data Product To Excel Test-1] LogUtils - Clear text on element By.xpath: //input[@id='search' and @name='keyword']
[INFO] 10-07-2025 16:21:37 [TestNG-test=Save Data Product To Excel Test-1] LogUtils - Set text [Laptop asus] on element: By.xpath: //input[@id='search' and @name='keyword']
[INFO] 10-07-2025 16:21:41 [TestNG-test=Save Data Product To Excel Test-1] LogUtils - Click on element By.xpath: (//div[normalize-space()='Products']/following-sibling::ul/li)[1]
[INFO] 10-07-2025 16:21:41 [TestNG-test=Save Data Product To Excel Test-1] LogUtils - Get current url: https://cms.anhtester.com/product/laptop-asus
[INFO] 10-07-2025 16:21:42 [TestNG-test=Save Data Product To Excel Test-1] LogUtils - formatSlug: laptop asus
[INFO] 10-07-2025 16:21:42 [TestNG-test=Save Data Product To Excel Test-1] LogUtils - Product Name: laptop asus
[INFO] 10-07-2025 16:21:42 [TestNG-test=Save Data Product To Excel Test-1] LogUtils - Search Words: [laptop, asus]
[INFO] 10-07-2025 16:21:42 [TestNG-test=Save Data Product To Excel Test-1] LogUtils - Matched Words: [laptop, laptop, asus, asus]
[INFO] 10-07-2025 16:21:42 [TestNG-test=Save Data Product To Excel Test-1] LogUtils - Total Matches: 4
[INFO] 10-07-2025 16:21:42 [TestNG-test=Save Data Product To Excel Test-1] LogUtils - verifyInfoProductPage: Passed - Product is correctly displayed on the page!
[INFO] 10-07-2025 16:21:42 [TestNG-test=Save Data Product To Excel Test-1] LogUtils - checkElementExist: true --- By.xpath: (//div[contains(normalize-space(), 'Price:')]/following-sibling::div/div/strong)[1]
[INFO] 10-07-2025 16:21:42 [TestNG-test=Save Data Product To Excel Test-1] LogUtils - checkElementExist: true --- By.xpath: (//div[contains(normalize-space(), 'Price:')]/following-sibling::div/div/strong)[1]
[INFO] 10-07-2025 16:21:42 [TestNG-test=Save Data Product To Excel Test-1] LogUtils - Get text of element: By.xpath: (//div[contains(normalize-space(), 'Price:')]/following-sibling::div/div/strong)[1] || ==> Text Return: $3,000.00
[INFO] 10-07-2025 16:21:42 [TestNG-test=Save Data Product To Excel Test-1] LogUtils - Get text of element: By.xpath: //div[@id='order_details']/following::div[@class='text-left']/h1 || ==> Text Return: Laptop Asus
[INFO] 10-07-2025 16:21:42 [TestNG-test=Save Data Product To Excel Test-1] LogUtils - Get text of element: By.xpath: //span[@id='available-quantity'] || ==> Text Return: 499
[INFO] 10-07-2025 16:21:42 [TestNG-test=Save Data Product To Excel Test-1] LogUtils - Get text of element: By.xpath: //div[@id='tab_default_1']/descendant::p || ==> Text Return: Laptop asus vừa mạnh vừa đẹp
[INFO] 10-07-2025 16:21:42 [TestNG-test=Save Data Product To Excel Test-1] LogUtils - Get attribute of element By.xpath: (//div[@data-fade='true']/descendant::img)[1]
[INFO] 10-07-2025 16:21:42 [TestNG-test=Save Data Product To Excel Test-1] LogUtils - ==> Attribute value: https://cms.anhtester.com/public/uploads/all/2S6eZZGA1BeFKFx17nPI6L4sxZSdPQG8DMKAm8e1.webp
[INFO] 10-07-2025 16:21:44 [TestNG-test=Save Data Product To Excel Test-1] LogUtils - Data written successfully to Excel!
[INFO] 10-07-2025 16:21:44 [TestNG-test=Save Data Product To Excel Test-1] LogUtils - checkElementExist: true --- By.xpath: (//div[contains(normalize-space(), 'Price:')]/following-sibling::div/div/strong)[1]
[INFO] 10-07-2025 16:21:44 [TestNG-test=Save Data Product To Excel Test-1] LogUtils - checkElementExist: true --- By.xpath: (//div[contains(normalize-space(), 'Price:')]/following-sibling::div/div/strong)[1]
[INFO] 10-07-2025 16:21:44 [TestNG-test=Save Data Product To Excel Test-1] LogUtils - Get text of element: By.xpath: (//div[contains(normalize-space(), 'Price:')]/following-sibling::div/div/strong)[1] || ==> Text Return: $3,000.00
[INFO] 10-07-2025 16:21:44 [TestNG-test=Save Data Product To Excel Test-1] LogUtils - Get text of element: By.xpath: //div[@id='order_details']/following::div[@class='text-left']/h1 || ==> Text Return: Laptop Asus
[INFO] 10-07-2025 16:21:44 [TestNG-test=Save Data Product To Excel Test-1] LogUtils - Get text of element: By.xpath: //span[@id='available-quantity'] || ==> Text Return: 499
[INFO] 10-07-2025 16:21:44 [TestNG-test=Save Data Product To Excel Test-1] LogUtils - Get text of element: By.xpath: //div[@id='tab_default_1']/descendant::p || ==> Text Return: Laptop asus vừa mạnh vừa đẹp
[INFO] 10-07-2025 16:21:44 [TestNG-test=Save Data Product To Excel Test-1] LogUtils - Get attribute of element By.xpath: (//div[@data-fade='true']/descendant::img)[1]
[INFO] 10-07-2025 16:21:44 [TestNG-test=Save Data Product To Excel Test-1] LogUtils - ==> Attribute value: https://cms.anhtester.com/public/uploads/all/2S6eZZGA1BeFKFx17nPI6L4sxZSdPQG8DMKAm8e1.webp
[INFO] 10-07-2025 16:21:44 [TestNG-test=Save Data Product To Excel Test-1] LogUtils - expectedDataProduct: {URL image=https://cms.anhtester.com/public/uploads/all/2S6eZZGA1BeFKFx17nPI6L4sxZSdPQG8DMKAm8e1.webp, Description=Laptop asus vừa mạnh vừa đẹp, Price=$3,000.00, Available Quantity=499, Product Name=Laptop Asus, Time=10/07/2025 16:21, Color =Aqua}
[INFO] 10-07-2025 16:21:44 [TestNG-test=Save Data Product To Excel Test-1] LogUtils - actualData: {URL image=https://cms.anhtester.com/public/uploads/all/2S6eZZGA1BeFKFx17nPI6L4sxZSdPQG8DMKAm8e1.webp, Description=Laptop asus vừa mạnh vừa đẹp, Price=$3,000.00, Available Quantity=499, Product Name=Laptop Asus, Time=10/07/2025 16:21, Color =Aqua}
[INFO] 10-07-2025 16:21:44 [TestNG-test=Save Data Product To Excel Test-1] LogUtils - ✅ Đây là Test case chạy thành công: testSetInfoProduct
[INFO] 10-07-2025 16:21:47 [main] LogUtils - ⭐️ Total test: 7
[INFO] 10-07-2025 16:21:47 [main] LogUtils - ⭐️ Passed: 7
[INFO] 10-07-2025 16:21:47 [main] LogUtils - ⭐️ Failed: 0
[INFO] 10-07-2025 16:21:47 [main] LogUtils - ⭐️ Skipped: 0
[INFO] 10-07-2025 16:21:47 [main] LogUtils - 🟢 Kết thúc toàn bộ suite: Save Data Product To Excel Test
[INFO] 10-07-2025 16:21:50 [main] LogUtils - ✅ Email with attachments sent!
[INFO] 10-07-2025 16:21:50 [main] LogUtils - ⚙\uFE0F Thời gian chạy toàn bộ test:Thu Jul 10 16:21:50 ICT 2025
[INFO] 10-07-2025 16:21:50 [main] LogUtils - ⚙️ Bắt đầu test suite cho class: UserAddCartTest
[INFO] 10-07-2025 16:21:50 [TestNG-test=User Add Product Test-1] LogUtils - Run with Edge browser (default)
[INFO] 10-07-2025 16:21:52 [TestNG-test=User Add Product Test-1] LogUtils - Bắt đầu chạy test: testAddCart
[INFO] 10-07-2025 16:21:54 [TestNG-test=User Add Product Test-1] LogUtils - 🌐 Open URL: https://cms.anhtester.com/
[INFO] 10-07-2025 16:21:54 [TestNG-test=User Add Product Test-1] LogUtils - checkElementExist: true --- By.xpath: //b[normalize-space()='Website Demo']
[INFO] 10-07-2025 16:21:55 [TestNG-test=User Add Product Test-1] LogUtils - Click on element By.xpath: //b[normalize-space()='Website Demo']/following::button[@data-value='removed']
[INFO] 10-07-2025 16:21:56 [TestNG-test=User Add Product Test-1] LogUtils - Click on element By.xpath: (//a[normalize-space()='Login'])[1]
[INFO] 10-07-2025 16:21:56 [TestNG-test=User Add Product Test-1] LogUtils - checkElementExist: true --- By.xpath: //a[contains(normalize-space(), 'Forgot password')]
[INFO] 10-07-2025 16:21:56 [TestNG-test=User Add Product Test-1] LogUtils - Clear text on element By.xpath: //input[@id='email']
[INFO] 10-07-2025 16:21:56 [TestNG-test=User Add Product Test-1] LogUtils - Set text [customer@example.com] on element: By.xpath: //input[@id='email']
[INFO] 10-07-2025 16:21:57 [TestNG-test=User Add Product Test-1] LogUtils - Clear text on element By.xpath: //input[@id='password']
[INFO] 10-07-2025 16:21:57 [TestNG-test=User Add Product Test-1] LogUtils - Set text [123456] on element: By.xpath: //input[@id='password']
[INFO] 10-07-2025 16:21:58 [TestNG-test=User Add Product Test-1] LogUtils - Click on element By.xpath: //button[normalize-space()='Login']
[INFO] 10-07-2025 16:21:59 [TestNG-test=User Add Product Test-1] LogUtils - Clear text on element By.xpath: //input[@id='search' and @name='keyword']
[INFO] 10-07-2025 16:21:59 [TestNG-test=User Add Product Test-1] LogUtils - Set text [laptop asus] on element: By.xpath: //input[@id='search' and @name='keyword']
[INFO] 10-07-2025 16:22:01 [TestNG-test=User Add Product Test-1] LogUtils - Click on element By.xpath: //input[@id='search' and @name='keyword']/following-sibling::div/button[@type='submit']
[INFO] 10-07-2025 16:22:02 [TestNG-test=User Add Product Test-1] LogUtils - Get current url: https://cms.anhtester.com/search?keyword=laptop+asus
[INFO] 10-07-2025 16:22:02 [TestNG-test=User Add Product Test-1] LogUtils - verifyUserProductListPage: Passed - This Is Product List Page
[INFO] 10-07-2025 16:22:02 [TestNG-test=User Add Product Test-1] LogUtils - Get text of element: By.xpath: //div[@id='cart_items']//span[contains(@class, 'badge') and contains(@class, 'cart-count')] || ==> Text Return: 0
[INFO] 10-07-2025 16:22:03 [TestNG-test=User Add Product Test-1] LogUtils - Click on element By.xpath: ((//form[@id='search-form']/descendant::div[@class='col'])[1]/descendant::a[@data-title='Add to cart'])[1]
[INFO] 10-07-2025 16:22:03 [TestNG-test=User Add Product Test-1] LogUtils - Get text of element: By.xpath: (//form[@id='search-form']/descendant::div[@class='col'])[1]/descendant::div[contains(@class, 'rating')]/following-sibling::h3/a || ==> Text Return: Laptop Asus
[INFO] 10-07-2025 16:22:03 [TestNG-test=User Add Product Test-1] LogUtils - Get text of element: By.xpath: (//form[@id='search-form']/descendant::div[@class='col'])[2]/descendant::div[contains(@class, 'rating')]/following-sibling::h3/a || ==> Text Return: Laptop Asus
[INFO] 10-07-2025 16:22:03 [TestNG-test=User Add Product Test-1] LogUtils - Get text of element: By.xpath: //div[@id='addToCart-modal-body']//h2 || ==> Text Return: Laptop Asus
[INFO] 10-07-2025 16:22:03 [TestNG-test=User Add Product Test-1] LogUtils - ✅ verifyPopupAddCart: verify success !
[INFO] 10-07-2025 16:22:03 [TestNG-test=User Add Product Test-1] LogUtils - Get text of element: By.xpath: (//div[@id='addToCart-modal-body']//strong)[1] || ==> Text Return: $3,000.00
[INFO] 10-07-2025 16:22:03 [TestNG-test=User Add Product Test-1] LogUtils - 🔍 Raw price (popup): $3,000.00
[INFO] 10-07-2025 16:22:03 [TestNG-test=User Add Product Test-1] LogUtils - 💡 Formatted price range: 3000.00
[INFO] 10-07-2025 16:22:03 [TestNG-test=User Add Product Test-1] LogUtils - 📌 prices[0]: 3000.00
[INFO] 10-07-2025 16:22:03 [TestNG-test=User Add Product Test-1] LogUtils - 💲 Chỉ có một mức giá: 3000.0
[INFO] 10-07-2025 16:22:03 [TestNG-test=User Add Product Test-1] LogUtils - Get attribute of element By.xpath: //input[@name='quantity']
[INFO] 10-07-2025 16:22:03 [TestNG-test=User Add Product Test-1] LogUtils - ==> Attribute value: 1
[INFO] 10-07-2025 16:22:04 [TestNG-test=User Add Product Test-1] LogUtils - Get text of element: By.xpath: //div[@id='addToCart-modal-body']//h2 || ==> Text Return: Laptop Asus
[INFO] 10-07-2025 16:22:04 [TestNG-test=User Add Product Test-1] LogUtils - Click on element By.xpath: //span[normalize-space()='Add to cart']
[INFO] 10-07-2025 16:22:04 [TestNG-test=User Add Product Test-1] LogUtils - Click button add cart in popup add cart
[INFO] 10-07-2025 16:22:04 [TestNG-test=User Add Product Test-1] LogUtils - checkElementExist: true --- By.xpath: //h3[normalize-space()='Item added to your cart!']
[INFO] 10-07-2025 16:22:05 [TestNG-test=User Add Product Test-1] LogUtils - checkElementExist: true --- By.xpath: //span[normalize-space()='Frequently Bought Together']
[INFO] 10-07-2025 16:22:05 [TestNG-test=User Add Product Test-1] LogUtils - checkElementExist: true --- By.xpath: //h3[normalize-space()='Item added to your cart!']
[INFO] 10-07-2025 16:22:05 [TestNG-test=User Add Product Test-1] LogUtils - checkElementExist: true --- By.xpath: //span[normalize-space()='Frequently Bought Together']
[INFO] 10-07-2025 16:22:05 [TestNG-test=User Add Product Test-1] LogUtils - Get text of element: By.xpath: //div[@id='cart_items']//span[contains(@class, 'badge') and contains(@class, 'cart-count')] || ==> Text Return: 1
[INFO] 10-07-2025 16:22:05 [TestNG-test=User Add Product Test-1] LogUtils - verifyPopupAddCartSuccess countProductCart: 1
[INFO] 10-07-2025 16:22:05 [TestNG-test=User Add Product Test-1] LogUtils - verifyPopupAddCartSuccess getCartCount: 1
[INFO] 10-07-2025 16:22:05 [TestNG-test=User Add Product Test-1] LogUtils - verifyPopupAddCartSuccess: popup add cart success!
[INFO] 10-07-2025 16:22:05 [TestNG-test=User Add Product Test-1] LogUtils - Click on element By.xpath: //div[@id='addToCart']/descendant::button[contains(@class, 'close') and @aria-label='Close']
[INFO] 10-07-2025 16:22:05 [TestNG-test=User Add Product Test-1] LogUtils - Click button close popup add cart
[INFO] 10-07-2025 16:22:08 [TestNG-test=User Add Product Test-1] LogUtils - Click on element By.xpath: ((//form[@id='search-form']/descendant::div[@class='col'])[2]/descendant::a[@data-title='Add to cart'])[1]
[INFO] 10-07-2025 16:22:08 [TestNG-test=User Add Product Test-1] LogUtils - Get text of element: By.xpath: (//form[@id='search-form']/descendant::div[@class='col'])[1]/descendant::div[contains(@class, 'rating')]/following-sibling::h3/a || ==> Text Return: Laptop Asus
[INFO] 10-07-2025 16:22:08 [TestNG-test=User Add Product Test-1] LogUtils - Get text of element: By.xpath: (//form[@id='search-form']/descendant::div[@class='col'])[2]/descendant::div[contains(@class, 'rating')]/following-sibling::h3/a || ==> Text Return: Laptop Asus
[INFO] 10-07-2025 16:22:08 [TestNG-test=User Add Product Test-1] LogUtils - Get text of element: By.xpath: //div[@id='addToCart-modal-body']//h2 || ==> Text Return: Laptop Asus
[INFO] 10-07-2025 16:22:08 [TestNG-test=User Add Product Test-1] LogUtils - ✅ verifyPopupAddCart: verify success !
[INFO] 10-07-2025 16:22:08 [TestNG-test=User Add Product Test-1] LogUtils - Get text of element: By.xpath: (//div[@id='addToCart-modal-body']//strong)[1] || ==> Text Return: $3,000.00
[INFO] 10-07-2025 16:22:08 [TestNG-test=User Add Product Test-1] LogUtils - 🔍 Raw price (popup): $3,000.00
[INFO] 10-07-2025 16:22:08 [TestNG-test=User Add Product Test-1] LogUtils - 💡 Formatted price range: 3000.00
[INFO] 10-07-2025 16:22:08 [TestNG-test=User Add Product Test-1] LogUtils - 📌 prices[0]: 3000.00
[INFO] 10-07-2025 16:22:08 [TestNG-test=User Add Product Test-1] LogUtils - 💲 Chỉ có một mức giá: 3000.0
[INFO] 10-07-2025 16:22:08 [TestNG-test=User Add Product Test-1] LogUtils - Get attribute of element By.xpath: //input[@name='quantity']
[INFO] 10-07-2025 16:22:08 [TestNG-test=User Add Product Test-1] LogUtils - ==> Attribute value: 1
[INFO] 10-07-2025 16:22:09 [TestNG-test=User Add Product Test-1] LogUtils - Get text of element: By.xpath: //div[@id='addToCart-modal-body']//h2 || ==> Text Return: Laptop Asus
[INFO] 10-07-2025 16:22:09 [TestNG-test=User Add Product Test-1] LogUtils - Click on element By.xpath: //span[normalize-space()='Add to cart']
[INFO] 10-07-2025 16:22:09 [TestNG-test=User Add Product Test-1] LogUtils - Click button add cart in popup add cart
[INFO] 10-07-2025 16:22:09 [TestNG-test=User Add Product Test-1] LogUtils - checkElementExist: true --- By.xpath: //h3[normalize-space()='Item added to your cart!']
[INFO] 10-07-2025 16:22:09 [TestNG-test=User Add Product Test-1] LogUtils - checkElementExist: true --- By.xpath: //span[normalize-space()='Frequently Bought Together']
[INFO] 10-07-2025 16:22:10 [TestNG-test=User Add Product Test-1] LogUtils - checkElementExist: true --- By.xpath: //h3[normalize-space()='Item added to your cart!']
[INFO] 10-07-2025 16:22:10 [TestNG-test=User Add Product Test-1] LogUtils - checkElementExist: true --- By.xpath: //span[normalize-space()='Frequently Bought Together']
[INFO] 10-07-2025 16:22:10 [TestNG-test=User Add Product Test-1] LogUtils - Get text of element: By.xpath: //div[@id='cart_items']//span[contains(@class, 'badge') and contains(@class, 'cart-count')] || ==> Text Return: 2
[INFO] 10-07-2025 16:22:10 [TestNG-test=User Add Product Test-1] LogUtils - verifyPopupAddCartSuccess countProductCart: 2
[INFO] 10-07-2025 16:22:10 [TestNG-test=User Add Product Test-1] LogUtils - verifyPopupAddCartSuccess getCartCount: 2
[INFO] 10-07-2025 16:22:10 [TestNG-test=User Add Product Test-1] LogUtils - verifyPopupAddCartSuccess: popup add cart success!
[INFO] 10-07-2025 16:22:10 [TestNG-test=User Add Product Test-1] LogUtils - Click on element By.xpath: //div[@id='addToCart']/descendant::button[contains(@class, 'close') and @aria-label='Close']
[INFO] 10-07-2025 16:22:10 [TestNG-test=User Add Product Test-1] LogUtils - Click button close popup add cart
[INFO] 10-07-2025 16:22:10 [TestNG-test=User Add Product Test-1] LogUtils - Click on element By.xpath: //div[@id='cart_items']
[INFO] 10-07-2025 16:22:10 [TestNG-test=User Add Product Test-1] LogUtils - checkElementExist: true --- By.xpath: //div[normalize-space()='Cart Items']
[INFO] 10-07-2025 16:22:11 [TestNG-test=User Add Product Test-1] LogUtils - checkElementExist: true --- By.xpath: //span[normalize-space()='Subtotal']
[INFO] 10-07-2025 16:22:11 [TestNG-test=User Add Product Test-1] LogUtils - checkElementExist: true --- By.xpath: //a[normalize-space()='View cart']
[INFO] 10-07-2025 16:22:11 [TestNG-test=User Add Product Test-1] LogUtils - Get text of element: By.xpath: //div[normalize-space()='Cart Items'] || ==> Text Return: Cart Items
[INFO] 10-07-2025 16:22:11 [TestNG-test=User Add Product Test-1] LogUtils - 📦 Product: Laptop Asus
[INFO] 10-07-2025 16:22:11 [TestNG-test=User Add Product Test-1] LogUtils - Quantity: 1, Price: 3000.0, Subtotal: 3000.0
[INFO] 10-07-2025 16:22:11 [TestNG-test=User Add Product Test-1] LogUtils - 📦 Product: Laptop Asus
[INFO] 10-07-2025 16:22:11 [TestNG-test=User Add Product Test-1] LogUtils - Quantity: 1, Price: 3000.0, Subtotal: 3000.0
[INFO] 10-07-2025 16:22:11 [TestNG-test=User Add Product Test-1] LogUtils - Get text of element: By.xpath: //span[normalize-space()='Subtotal']/following-sibling::span || ==> Text Return: $6,000.00
[INFO] 10-07-2025 16:22:11 [TestNG-test=User Add Product Test-1] LogUtils - 🔢 Expected total: 6000.0 | Actual total: 6000.0
[INFO] 10-07-2025 16:22:11 [TestNG-test=User Add Product Test-1] LogUtils - ✅ verifyAddCartSuccess successfully! Sản phẩm còn lại: 2
[INFO] 10-07-2025 16:22:12 [TestNG-test=User Add Product Test-1] LogUtils - Click on element By.xpath: //a[normalize-space()='View cart']
[INFO] 10-07-2025 16:22:12 [TestNG-test=User Add Product Test-1] LogUtils - Get current url: https://cms.anhtester.com/cart
[INFO] 10-07-2025 16:22:12 [TestNG-test=User Add Product Test-1] LogUtils - checkElementExist: true --- By.xpath: //h3[contains(normalize-space(),'My Cart')]
[INFO] 10-07-2025 16:22:12 [TestNG-test=User Add Product Test-1] LogUtils - checkElementExist: true --- By.xpath: //section[@id='cart-summary']/descendant::span[normalize-space()='Subtotal']
[INFO] 10-07-2025 16:22:12 [TestNG-test=User Add Product Test-1] LogUtils - Get text of element: By.xpath: //h3[contains(normalize-space(),'My Cart')] || ==> Text Return: 1. My Cart
[INFO] 10-07-2025 16:22:13 [TestNG-test=User Add Product Test-1] LogUtils - Get text of element: By.xpath: //section[@id='cart-summary']/descendant::span[normalize-space()='Subtotal'] || ==> Text Return: Subtotal
[INFO] 10-07-2025 16:22:13 [TestNG-test=User Add Product Test-1] LogUtils - 🧾 Product: Laptop Asus - Aqua | Qty: 1 | Price: $3000.0 | Subtotal: $3000.0
[INFO] 10-07-2025 16:22:13 [TestNG-test=User Add Product Test-1] LogUtils - Total price each product actual: 3000.0, expected: 3000.0
[INFO] 10-07-2025 16:22:13 [TestNG-test=User Add Product Test-1] LogUtils - 🎯 Expected → Qty: 1 | Min: 3000.0 | Max: 3000.0
[INFO] 10-07-2025 16:22:13 [TestNG-test=User Add Product Test-1] LogUtils - 🧾 Product: Laptop Asus - Aqua | Qty: 1 | Price: $3000.0 | Subtotal: $3000.0
[INFO] 10-07-2025 16:22:13 [TestNG-test=User Add Product Test-1] LogUtils - Total price each product actual: 3000.0, expected: 3000.0
[INFO] 10-07-2025 16:22:13 [TestNG-test=User Add Product Test-1] LogUtils - 🎯 Expected → Qty: 1 | Min: 3000.0 | Max: 3000.0
[INFO] 10-07-2025 16:22:13 [TestNG-test=User Add Product Test-1] LogUtils - Get text of element: By.xpath: //section[@id='cart-summary']/descendant::span[normalize-space()='Subtotal']/following-sibling::span || ==> Text Return: $6,000.00
[INFO] 10-07-2025 16:22:13 [TestNG-test=User Add Product Test-1] LogUtils - 🔢 Expected total: 6000.0 | Actual total: 6000.0
[INFO] 10-07-2025 16:22:13 [TestNG-test=User Add Product Test-1] LogUtils - ✅ verifyProductInCart hoàn tất!
[INFO] 10-07-2025 16:22:14 [TestNG-test=User Add Product Test-1] LogUtils - Click on element By.xpath: //a[normalize-space()='Continue to Shipping']
[INFO] 10-07-2025 16:22:14 [TestNG-test=User Add Product Test-1] LogUtils - 🚛 Start verify shipping page
[INFO] 10-07-2025 16:22:14 [TestNG-test=User Add Product Test-1] LogUtils - Get current url: https://cms.anhtester.com/checkout
[INFO] 10-07-2025 16:22:14 [TestNG-test=User Add Product Test-1] LogUtils - Get CSS value color of element By.xpath: //h3[contains(normalize-space(), 'Shipping info')]
[INFO] 10-07-2025 16:22:14 [TestNG-test=User Add Product Test-1] LogUtils - ==> CSS value: rgba(230, 46, 4, 1)
[INFO] 10-07-2025 16:22:14 [TestNG-test=User Add Product Test-1] LogUtils - colorHeaderShippingPage: #e62e04
[INFO] 10-07-2025 16:22:14 [TestNG-test=User Add Product Test-1] LogUtils - 🔍 Trạng thái enabled của By.xpath: (//input[@name='address_id'])[1]/ancestor::label/parent::div: true
[INFO] 10-07-2025 16:22:14 [TestNG-test=User Add Product Test-1] LogUtils - 🔍 Trạng thái enabled của By.xpath: //div[text()='Add New Address']: true
[INFO] 10-07-2025 16:22:14 [TestNG-test=User Add Product Test-1] LogUtils - 🔍 Trạng thái enabled của By.xpath: //button[normalize-space()='Continue to Delivery Info']: true
[INFO] 10-07-2025 16:22:14 [TestNG-test=User Add Product Test-1] LogUtils - Get text of element: By.xpath: //button[normalize-space()='Continue to Delivery Info'] || ==> Text Return: Continue to Delivery Info
[INFO] 10-07-2025 16:22:15 [TestNG-test=User Add Product Test-1] LogUtils - ✅ An address option is already selected. No action taken.
[INFO] 10-07-2025 16:22:17 [TestNG-test=User Add Product Test-1] LogUtils - Click on element By.xpath: //button[normalize-space()='Continue to Delivery Info']
[INFO] 10-07-2025 16:22:17 [TestNG-test=User Add Product Test-1] LogUtils - Start verify delivery page
[INFO] 10-07-2025 16:22:17 [TestNG-test=User Add Product Test-1] LogUtils - Get current url: https://cms.anhtester.com/checkout/delivery_info
[INFO] 10-07-2025 16:22:17 [TestNG-test=User Add Product Test-1] LogUtils - Get text of element: By.xpath: //h3[normalize-space()='3. Delivery info'] || ==> Text Return: 3. Delivery info
[INFO] 10-07-2025 16:22:17 [TestNG-test=User Add Product Test-1] LogUtils - Get text of element: By.xpath: //h5[normalize-space()='Active eCommerce CMS Products'] || ==> Text Return: Active eCommerce CMS Products
[INFO] 10-07-2025 16:22:17 [TestNG-test=User Add Product Test-1] LogUtils - Get CSS value color of element By.xpath: //h3[normalize-space()='3. Delivery info']
[INFO] 10-07-2025 16:22:17 [TestNG-test=User Add Product Test-1] LogUtils - ==> CSS value: rgba(230, 46, 4, 1)
[INFO] 10-07-2025 16:22:17 [TestNG-test=User Add Product Test-1] LogUtils - checkElementExist: true --- By.xpath: //h5[normalize-space()='Active eCommerce CMS Products']
[INFO] 10-07-2025 16:22:17 [TestNG-test=User Add Product Test-1] LogUtils - checkElementExist: true --- By.xpath: //h3[normalize-space()='3. Delivery info']
[INFO] 10-07-2025 16:22:17 [TestNG-test=User Add Product Test-1] LogUtils - 🔍 Trạng thái enabled của By.xpath: //button[normalize-space()='Continue to Payment']: true
[INFO] 10-07-2025 16:22:17 [TestNG-test=User Add Product Test-1] LogUtils - Get text of element: By.xpath: //button[normalize-space()='Continue to Payment'] || ==> Text Return: Continue to Payment
[INFO] 10-07-2025 16:22:17 [TestNG-test=User Add Product Test-1] LogUtils - 🚛 Start verify product in delivery page
[INFO] 10-07-2025 16:22:17 [TestNG-test=User Add Product Test-1] LogUtils - 📦 nameProductActual: Laptop Asus
[INFO] 10-07-2025 16:22:17 [TestNG-test=User Add Product Test-1] LogUtils - 📦 nameProductActual: Laptop Asus
[INFO] 10-07-2025 16:22:18 [TestNG-test=User Add Product Test-1] LogUtils - Click on element By.xpath: //button[normalize-space()='Continue to Payment']
[INFO] 10-07-2025 16:22:18 [TestNG-test=User Add Product Test-1] LogUtils - 🚛 Start verify payment page
[INFO] 10-07-2025 16:22:18 [TestNG-test=User Add Product Test-1] LogUtils - Get current url: https://cms.anhtester.com/checkout/payment_select
[INFO] 10-07-2025 16:22:18 [TestNG-test=User Add Product Test-1] LogUtils - Get CSS value color of element By.xpath: //h3[normalize-space()='4. Payment']
[INFO] 10-07-2025 16:22:18 [TestNG-test=User Add Product Test-1] LogUtils - ==> CSS value: rgba(230, 46, 4, 1)
[INFO] 10-07-2025 16:22:18 [TestNG-test=User Add Product Test-1] LogUtils - Get text of element: By.xpath: //button[normalize-space()='Complete Order'] || ==> Text Return: Complete Order
[INFO] 10-07-2025 16:22:18 [TestNG-test=User Add Product Test-1] LogUtils - 🔍 Trạng thái enabled của By.xpath: //button[normalize-space()='Complete Order']: true
[INFO] 10-07-2025 16:22:18 [TestNG-test=User Add Product Test-1] LogUtils - 🚛 Start verify product in payment page
[INFO] 10-07-2025 16:22:19 [TestNG-test=User Add Product Test-1] LogUtils - Get text of element: By.xpath: //h3[normalize-space()='Summary']/following::span[contains(normalize-space(), 'Items')] || ==> Text Return: 2 Items
[INFO] 10-07-2025 16:22:19 [TestNG-test=User Add Product Test-1] LogUtils - countProductActual: 2
[INFO] 10-07-2025 16:22:19 [TestNG-test=User Add Product Test-1] LogUtils - countProductExpected: 2
[INFO] 10-07-2025 16:22:19 [TestNG-test=User Add Product Test-1] LogUtils - 🔍 Sản phẩm: Laptop Asus
[INFO] 10-07-2025 16:22:19 [TestNG-test=User Add Product Test-1] LogUtils -    Số lượng: 1
[INFO] 10-07-2025 16:22:19 [TestNG-test=User Add Product Test-1] LogUtils -    Giá: 3000.0
[INFO] 10-07-2025 16:22:19 [TestNG-test=User Add Product Test-1] LogUtils - 🔍 Sản phẩm: Laptop Asus
[INFO] 10-07-2025 16:22:19 [TestNG-test=User Add Product Test-1] LogUtils -    Số lượng: 1
[INFO] 10-07-2025 16:22:19 [TestNG-test=User Add Product Test-1] LogUtils -    Giá: 3000.0
[INFO] 10-07-2025 16:22:19 [TestNG-test=User Add Product Test-1] LogUtils - Get text of element: By.xpath: //th[normalize-space()='Subtotal']/following-sibling::td/span || ==> Text Return: $6,000.00
[INFO] 10-07-2025 16:22:19 [TestNG-test=User Add Product Test-1] LogUtils - 💰 Tổng tiền mong đợi (calculated): 6000.0
[INFO] 10-07-2025 16:22:19 [TestNG-test=User Add Product Test-1] LogUtils - 💰 Tổng tiền hiển thị UI: 6000.0
[INFO] 10-07-2025 16:22:19 [TestNG-test=User Add Product Test-1] LogUtils - Get text of element: By.xpath: //th[normalize-space()='Total Shipping']//following-sibling::td/span || ==> Text Return: $30,000.00
[INFO] 10-07-2025 16:22:19 [TestNG-test=User Add Product Test-1] LogUtils - Get text of element: By.xpath: //tr[@class='cart-total']/td//span || ==> Text Return: $36,000.00
[INFO] 10-07-2025 16:22:19 [TestNG-test=User Add Product Test-1] LogUtils - ✅ verifyProductPaymentPage: success!
[INFO] 10-07-2025 16:22:19 [TestNG-test=User Add Product Test-1] LogUtils - Click on element By.xpath: //input[@id='agree_checkbox']/ancestor::label[@class='aiz-checkbox']
[INFO] 10-07-2025 16:22:22 [TestNG-test=User Add Product Test-1] LogUtils - Click on element By.xpath: //button[normalize-space()='Complete Order']
[INFO] 10-07-2025 16:22:22 [TestNG-test=User Add Product Test-1] LogUtils - Get current url: https://cms.anhtester.com/checkout/order-confirmed
[INFO] 10-07-2025 16:22:22 [TestNG-test=User Add Product Test-1] LogUtils - Get CSS value color of element By.xpath: //h3[normalize-space()='5. Confirmation']
[INFO] 10-07-2025 16:22:22 [TestNG-test=User Add Product Test-1] LogUtils - ==> CSS value: rgba(230, 46, 4, 1)
[INFO] 10-07-2025 16:22:22 [TestNG-test=User Add Product Test-1] LogUtils - checkElementExist: true --- By.xpath: //span[normalize-space()='Your order has been placed successfully']
[INFO] 10-07-2025 16:22:22 [TestNG-test=User Add Product Test-1] LogUtils - Get text of element: By.xpath: //span[normalize-space()='Your order has been placed successfully'] || ==> Text Return: Your order has been placed successfully
[INFO] 10-07-2025 16:22:22 [TestNG-test=User Add Product Test-1] LogUtils - Verify order confirm page successfully!
[INFO] 10-07-2025 16:22:22 [TestNG-test=User Add Product Test-1] LogUtils - addProductToCart: success
[INFO] 10-07-2025 16:22:24 [TestNG-test=User Add Product Test-1] LogUtils - ✅ Đây là Test case chạy thành công: testAddCart
[INFO] 10-07-2025 16:22:25 [main] LogUtils - ⭐️ Total test: 8
[INFO] 10-07-2025 16:22:25 [main] LogUtils - ⭐️ Passed: 8
[INFO] 10-07-2025 16:22:25 [main] LogUtils - ⭐️ Failed: 0
[INFO] 10-07-2025 16:22:25 [main] LogUtils - ⭐️ Skipped: 0
[INFO] 10-07-2025 16:22:25 [main] LogUtils - 🟢 Kết thúc toàn bộ suite: User Add Product Test
[INFO] 10-07-2025 16:22:28 [main] LogUtils - ✅ Email with attachments sent!
[INFO] 10-07-2025 16:22:29 [main] LogUtils - ⚙\uFE0F Thời gian chạy toàn bộ test:Thu Jul 10 16:22:29 ICT 2025
[INFO] 10-07-2025 16:22:29 [main] LogUtils - ⚙️ Bắt đầu test suite cho class: AdminCheckDetailProduct
[INFO] 10-07-2025 16:22:29 [TestNG-test=User Add Product Test-1] LogUtils - ✅ Read data from Excel: [[Laptop Asus, Laptop, Asus, PC, Aqua, 5, laptop asus, 3000, 500, Laptop asus vừa mạnh vừa đẹp, laptop_asus.webp]]
[INFO] 10-07-2025 16:22:29 [TestNG-test=User Add Product Test-1] LogUtils - Run with Edge browser (default)
[INFO] 10-07-2025 16:22:30 [TestNG-test=User Add Product Test-1] LogUtils - Bắt đầu chạy test: testAdminCheckDetailProduct
[INFO] 10-07-2025 16:22:32 [TestNG-test=User Add Product Test-1] LogUtils - 🌐 Open URL: https://cms.anhtester.com/
[INFO] 10-07-2025 16:22:32 [TestNG-test=User Add Product Test-1] LogUtils - checkElementExist: true --- By.xpath: //b[normalize-space()='Website Demo']
[INFO] 10-07-2025 16:22:33 [TestNG-test=User Add Product Test-1] LogUtils - Click on element By.xpath: //b[normalize-space()='Website Demo']/following::button[@data-value='removed']
[INFO] 10-07-2025 16:22:34 [TestNG-test=User Add Product Test-1] LogUtils - Click on element By.xpath: (//a[normalize-space()='Login'])[1]
[INFO] 10-07-2025 16:22:34 [TestNG-test=User Add Product Test-1] LogUtils - checkElementExist: true --- By.xpath: //a[contains(normalize-space(), 'Forgot password')]
[INFO] 10-07-2025 16:22:34 [TestNG-test=User Add Product Test-1] LogUtils - Clear text on element By.xpath: //input[@id='email']
[INFO] 10-07-2025 16:22:35 [TestNG-test=User Add Product Test-1] LogUtils - Set text [admin@example.com] on element: By.xpath: //input[@id='email']
[INFO] 10-07-2025 16:22:35 [TestNG-test=User Add Product Test-1] LogUtils - Clear text on element By.xpath: //input[@id='password']
[INFO] 10-07-2025 16:22:35 [TestNG-test=User Add Product Test-1] LogUtils - Set text [123456] on element: By.xpath: //input[@id='password']
[INFO] 10-07-2025 16:22:38 [TestNG-test=User Add Product Test-1] LogUtils - Click on element By.xpath: //button[normalize-space()='Login']
[INFO] 10-07-2025 16:22:40 [TestNG-test=User Add Product Test-1] LogUtils - Get current url: https://cms.anhtester.com/admin
[INFO] 10-07-2025 16:22:40 [TestNG-test=User Add Product Test-1] LogUtils - checkElementExist: true --- By.xpath: (//span[normalize-space()='Dashboard'])[1]
[INFO] 10-07-2025 16:22:40 [TestNG-test=User Add Product Test-1] LogUtils - checkElementExist: true --- By.xpath: //span[normalize-space()='Admin Example']
[INFO] 10-07-2025 16:22:40 [TestNG-test=User Add Product Test-1] LogUtils - checkElementExist: true --- By.xpath: //span[normalize-space()='Clear Cache']
[INFO] 10-07-2025 16:22:40 [TestNG-test=User Add Product Test-1] LogUtils - Get text of element: By.xpath: //span[normalize-space()='Clear Cache'] || ==> Text Return: Clear Cache
[INFO] 10-07-2025 16:22:41 [TestNG-test=User Add Product Test-1] LogUtils - Click on element By.xpath: //ul[@id='main-menu']//span[normalize-space()='Products']
[INFO] 10-07-2025 16:22:43 [TestNG-test=User Add Product Test-1] LogUtils - Click on element By.xpath: //span[normalize-space()='Add New Product']
[INFO] 10-07-2025 16:22:43 [TestNG-test=User Add Product Test-1] LogUtils - Get current url: https://cms.anhtester.com/admin/products/create
[INFO] 10-07-2025 16:22:43 [TestNG-test=User Add Product Test-1] LogUtils - Get text of element: By.xpath: //h5[normalize-space()='Add New Product'] || ==> Text Return: Add New Product
[INFO] 10-07-2025 16:22:44 [TestNG-test=User Add Product Test-1] LogUtils - checkElementExist: true --- By.xpath: //h5[normalize-space()='Product Information']
[INFO] 10-07-2025 16:22:44 [TestNG-test=User Add Product Test-1] LogUtils - checkElementExist: true --- By.xpath: //h5[normalize-space()='Add New Product']
[INFO] 10-07-2025 16:22:44 [TestNG-test=User Add Product Test-1] LogUtils - Verify add new product page successfully
[INFO] 10-07-2025 16:22:44 [TestNG-test=User Add Product Test-1] LogUtils - Clear text on element By.xpath: //input[@name='name']
[INFO] 10-07-2025 16:22:44 [TestNG-test=User Add Product Test-1] LogUtils - Set text [Laptop Asus] on element: By.xpath: //input[@name='name']
[INFO] 10-07-2025 16:22:45 [TestNG-test=User Add Product Test-1] LogUtils - Click on element By.xpath: //button[@data-id='category_id']
[INFO] 10-07-2025 16:22:45 [TestNG-test=User Add Product Test-1] LogUtils - Set text [Laptop] on element: By.xpath: //button[@data-id='category_id']/following-sibling::div//input
[INFO] 10-07-2025 16:22:46 [TestNG-test=User Add Product Test-1] LogUtils - Click on element By.xpath: (//div[@id='bs-select-1']//li)[1]
[INFO] 10-07-2025 16:22:46 [TestNG-test=User Add Product Test-1] LogUtils - Click on element By.xpath: //button[@data-id='brand_id']
[INFO] 10-07-2025 16:22:46 [TestNG-test=User Add Product Test-1] LogUtils - Set text [Asus] on element: By.xpath: //button[@data-id='brand_id']/following-sibling::div//input
[INFO] 10-07-2025 16:22:47 [TestNG-test=User Add Product Test-1] LogUtils - Click on element By.xpath: (//div[@id='bs-select-2']//li)[1]
[INFO] 10-07-2025 16:22:47 [TestNG-test=User Add Product Test-1] LogUtils - Clear text on element By.xpath: //input[@name='unit']
[INFO] 10-07-2025 16:22:47 [TestNG-test=User Add Product Test-1] LogUtils - Set text [PC] on element: By.xpath: //input[@name='unit']
[INFO] 10-07-2025 16:22:48 [TestNG-test=User Add Product Test-1] LogUtils - Clear text on element By.xpath: //input[@name='weight']
[INFO] 10-07-2025 16:22:48 [TestNG-test=User Add Product Test-1] LogUtils - Set text [5] on element: By.xpath: //input[@name='weight']
[INFO] 10-07-2025 16:22:48 [TestNG-test=User Add Product Test-1] LogUtils - Set text [laptop asus] on element: By.xpath: //tags[@role='tagslist']
[INFO] 10-07-2025 16:22:49 [TestNG-test=User Add Product Test-1] LogUtils - Click on element By.xpath: //label[@for='signinSrEmail' and contains(normalize-space(), 'Gallery Images ')]/following-sibling::div/div
[INFO] 10-07-2025 16:22:51 [TestNG-test=User Add Product Test-1] LogUtils - Click on element By.xpath: //a[normalize-space()='Upload New']
[INFO] 10-07-2025 16:22:51 [TestNG-test=User Add Product Test-1] LogUtils - Click on element By.xpath: //button[normalize-space()='Browse']
[INFO] 10-07-2025 16:22:53 [TestNG-test=User Add Product Test-1] LogUtils - 📁 File path để upload: D:\LearnAutomationTest\EcommerceAutomationTesting\src\test\resources\datatest\laptop_asus.webp
[INFO] 10-07-2025 16:22:53 [TestNG-test=User Add Product Test-1] LogUtils - 📋 Đã copy đường dẫn file vào clipboard
[INFO] 10-07-2025 16:22:54 [TestNG-test=User Add Product Test-1] LogUtils - ⌨️ Đã thực hiện Ctrl + V
[INFO] 10-07-2025 16:22:56 [TestNG-test=User Add Product Test-1] LogUtils - ⏎ Đã nhấn Enter để xác nhận chọn file
[INFO] 10-07-2025 16:22:58 [TestNG-test=User Add Product Test-1] LogUtils - Click on element By.xpath: //a[normalize-space()='Select File']
[INFO] 10-07-2025 16:22:59 [TestNG-test=User Add Product Test-1] LogUtils - Click element with JavaScript: By.xpath: (//div[@title='laptop_asus.webp'])[29]
[INFO] 10-07-2025 16:23:00 [TestNG-test=User Add Product Test-1] LogUtils - Click on element By.xpath: //button[normalize-space()='Add Files']
[INFO] 10-07-2025 16:23:00 [TestNG-test=User Add Product Test-1] LogUtils - ✅ Upload file thành công và đã xác nhận trong UI
[INFO] 10-07-2025 16:23:01 [TestNG-test=User Add Product Test-1] LogUtils - Click on element By.xpath: //label[@for='signinSrEmail' and contains(normalize-space(), 'Thumbnail Image ')]/following-sibling::div/div[@data-type='image']
[INFO] 10-07-2025 16:23:03 [TestNG-test=User Add Product Test-1] LogUtils - Click on element By.xpath: //a[normalize-space()='Upload New']
[INFO] 10-07-2025 16:23:03 [TestNG-test=User Add Product Test-1] LogUtils - Click on element By.xpath: //button[normalize-space()='Browse']
[INFO] 10-07-2025 16:23:05 [TestNG-test=User Add Product Test-1] LogUtils - 📁 File path để upload: D:\LearnAutomationTest\EcommerceAutomationTesting\src\test\resources\datatest\laptop_asus.webp
[INFO] 10-07-2025 16:23:05 [TestNG-test=User Add Product Test-1] LogUtils - 📋 Đã copy đường dẫn file vào clipboard
[INFO] 10-07-2025 16:23:06 [TestNG-test=User Add Product Test-1] LogUtils - ⌨️ Đã thực hiện Ctrl + V
[INFO] 10-07-2025 16:23:08 [TestNG-test=User Add Product Test-1] LogUtils - ⏎ Đã nhấn Enter để xác nhận chọn file
[INFO] 10-07-2025 16:23:10 [TestNG-test=User Add Product Test-1] LogUtils - Click on element By.xpath: //a[normalize-space()='Select File']
[INFO] 10-07-2025 16:23:11 [TestNG-test=User Add Product Test-1] LogUtils - Click element with JavaScript: By.xpath: (//div[@title='laptop_asus.webp'])[31]
[INFO] 10-07-2025 16:23:12 [TestNG-test=User Add Product Test-1] LogUtils - Click on element By.xpath: //button[normalize-space()='Add Files']
[INFO] 10-07-2025 16:23:12 [TestNG-test=User Add Product Test-1] LogUtils - ✅ Upload file thành công và đã xác nhận trong UI
[INFO] 10-07-2025 16:23:13 [TestNG-test=User Add Product Test-1] LogUtils - Click on element By.xpath: //button[@data-id='colors']/parent::div/parent::div/following-sibling::div/label
[INFO] 10-07-2025 16:23:14 [TestNG-test=User Add Product Test-1] LogUtils - Click on element By.xpath: //button[@data-id='colors']
[INFO] 10-07-2025 16:23:14 [TestNG-test=User Add Product Test-1] LogUtils - Clear text on element By.xpath: //button[@data-id='colors']/following-sibling::div//input
[INFO] 10-07-2025 16:23:14 [TestNG-test=User Add Product Test-1] LogUtils - Set text [Aqua] on element: By.xpath: //button[@data-id='colors']/following-sibling::div//input
[INFO] 10-07-2025 16:23:15 [TestNG-test=User Add Product Test-1] LogUtils - Click on element By.xpath: (//button[@data-id='colors']/following-sibling::div//ul/li)[1]
[INFO] 10-07-2025 16:23:15 [TestNG-test=User Add Product Test-1] LogUtils - Click on element By.xpath: //h5[normalize-space()='Product Variation']
[INFO] 10-07-2025 16:23:16 [TestNG-test=User Add Product Test-1] LogUtils - Clear text on element By.xpath: //input[@name='unit_price']
[INFO] 10-07-2025 16:23:17 [TestNG-test=User Add Product Test-1] LogUtils - Set text [3000] on element: By.xpath: //input[@name='unit_price']
[INFO] 10-07-2025 16:23:18 [TestNG-test=User Add Product Test-1] LogUtils - Clear text on element By.xpath: //input[@name='qty_Aqua']
[INFO] 10-07-2025 16:23:18 [TestNG-test=User Add Product Test-1] LogUtils - Set text [500] on element: By.xpath: //input[@name='qty_Aqua']
[INFO] 10-07-2025 16:23:19 [TestNG-test=User Add Product Test-1] LogUtils - Clear text on element By.xpath: //input[@name='price_Aqua']
[INFO] 10-07-2025 16:23:19 [TestNG-test=User Add Product Test-1] LogUtils - Set text [3000] on element: By.xpath: //input[@name='price_Aqua']
[INFO] 10-07-2025 16:23:21 [TestNG-test=User Add Product Test-1] LogUtils - Set text [Laptop asus vừa mạnh vừa đẹp] on element: By.xpath: //div[@role='textbox']
[INFO] 10-07-2025 16:23:21 [TestNG-test=User Add Product Test-1] LogUtils - 📝 Product Name: Laptop Asus
[INFO] 10-07-2025 16:23:21 [TestNG-test=User Add Product Test-1] LogUtils - 📂 Category: Laptop
[INFO] 10-07-2025 16:23:21 [TestNG-test=User Add Product Test-1] LogUtils - 🏷️ Brand: Asus
[INFO] 10-07-2025 16:23:21 [TestNG-test=User Add Product Test-1] LogUtils - 📏 Unit: PC
[INFO] 10-07-2025 16:23:21 [TestNG-test=User Add Product Test-1] LogUtils - ⚖️ Weight: 5
[INFO] 10-07-2025 16:23:21 [TestNG-test=User Add Product Test-1] LogUtils - 🔖 Tag: laptop asus
[INFO] 10-07-2025 16:23:21 [TestNG-test=User Add Product Test-1] LogUtils - 💵 Price: 3000
[INFO] 10-07-2025 16:23:21 [TestNG-test=User Add Product Test-1] LogUtils - 💵 Color: Aqua
[INFO] 10-07-2025 16:23:21 [TestNG-test=User Add Product Test-1] LogUtils - 📦 Quantity: 500
[INFO] 10-07-2025 16:23:21 [TestNG-test=User Add Product Test-1] LogUtils - 🧾 Description: Laptop asus vừa mạnh vừa đẹp
[INFO] 10-07-2025 16:23:21 [TestNG-test=User Add Product Test-1] LogUtils - 🖼️ Image path: laptop_asus.webp
[INFO] 10-07-2025 16:23:22 [TestNG-test=User Add Product Test-1] LogUtils - Click on element By.xpath: //button[normalize-space()='Save & Publish']
[INFO] 10-07-2025 16:23:23 [TestNG-test=User Add Product Test-1] LogUtils - Get text of element: By.xpath: //span[normalize-space()='Product has been inserted successfully'] || ==> Text Return: Product has been inserted successfully
[INFO] 10-07-2025 16:23:23 [TestNG-test=User Add Product Test-1] LogUtils - checkElementExist: true --- By.xpath: //span[normalize-space()='Product has been inserted successfully']
[INFO] 10-07-2025 16:23:23 [TestNG-test=User Add Product Test-1] LogUtils - Get current url: https://cms.anhtester.com/admin/products/admin
[INFO] 10-07-2025 16:23:24 [TestNG-test=User Add Product Test-1] LogUtils - 🔍 Tìm kiếm với từ khóa [Laptop Asus] bằng element: By.xpath: //input[@id='search']
[INFO] 10-07-2025 16:23:25 [TestNG-test=User Add Product Test-1] LogUtils - Get text of element: By.xpath: (//tbody/tr)[1]/td[2]//span || ==> Text Return: Laptop Asus
[INFO] 10-07-2025 16:23:25 [TestNG-test=User Add Product Test-1] LogUtils - checkElementExist: true --- By.xpath: //h5[normalize-space()='All Product']
[INFO] 10-07-2025 16:23:25 [TestNG-test=User Add Product Test-1] LogUtils - Get text of element: By.xpath: //h5[normalize-space()='All Product'] || ==> Text Return: All Product
[INFO] 10-07-2025 16:23:25 [TestNG-test=User Add Product Test-1] LogUtils - ✅ Verify add new product successfully !
[INFO] 10-07-2025 16:23:25 [TestNG-test=User Add Product Test-1] LogUtils - Get attribute of element By.xpath: (//a[@title='View'])[1]
[INFO] 10-07-2025 16:23:25 [TestNG-test=User Add Product Test-1] LogUtils - ==> Attribute value: https://cms.anhtester.com/product/laptop-asus-4
[INFO] 10-07-2025 16:23:25 [TestNG-test=User Add Product Test-1] LogUtils - Click on element By.xpath: (//a[@title='View'])[1]
[INFO] 10-07-2025 16:23:26 [TestNG-test=User Add Product Test-1] LogUtils - ✅ Switched to new tab with URL: https://cms.anhtester.com/product/laptop-asus-4
[INFO] 10-07-2025 16:23:26 [TestNG-test=User Add Product Test-1] LogUtils - start verifyProductDetailPage
[INFO] 10-07-2025 16:23:26 [TestNG-test=User Add Product Test-1] LogUtils - Get current url: https://cms.anhtester.com/product/laptop-asus-4
[INFO] 10-07-2025 16:23:26 [TestNG-test=User Add Product Test-1] LogUtils - currentURL verify product detail page: https://cms.anhtester.com/product/laptop-asus-4
[INFO] 10-07-2025 16:23:26 [TestNG-test=User Add Product Test-1] LogUtils - href expected verify product detail page: https://cms.anhtester.com/product/laptop-asus-4
[INFO] 10-07-2025 16:23:26 [TestNG-test=User Add Product Test-1] LogUtils - title verify product detail page: Laptop Asus
[INFO] 10-07-2025 16:23:27 [TestNG-test=User Add Product Test-1] LogUtils - Get text of element: By.xpath: //div[@class='text-left']/h1 || ==> Text Return: Laptop Asus
[INFO] 10-07-2025 16:23:27 [TestNG-test=User Add Product Test-1] LogUtils - href expected verify product detail page: https://cms.anhtester.com/product/laptop-asus-4
[INFO] 10-07-2025 16:23:27 [TestNG-test=User Add Product Test-1] LogUtils - title verify product detail page: Laptop Asus
[INFO] 10-07-2025 16:23:27 [TestNG-test=User Add Product Test-1] LogUtils - Get text of element: By.xpath: //div[@class='text-left']/h1 || ==> Text Return: Laptop Asus
[INFO] 10-07-2025 16:23:27 [TestNG-test=User Add Product Test-1] LogUtils - Get text of element: By.xpath: (//div[@class='text-left']//strong)[1] || ==> Text Return: $3,000.00
[INFO] 10-07-2025 16:23:27 [TestNG-test=User Add Product Test-1] LogUtils - Get text of element: By.xpath: (//div[@class='text-left']//strong)[1]/following-sibling::span || ==> Text Return: /PC
[INFO] 10-07-2025 16:23:27 [TestNG-test=User Add Product Test-1] LogUtils - Get text of element: By.xpath: //span[@id='available-quantity'] || ==> Text Return: 500
[INFO] 10-07-2025 16:23:27 [TestNG-test=User Add Product Test-1] LogUtils - Get text of element: By.xpath: //div[@id='tab_default_1']//p || ==> Text Return: Laptop asus vừa mạnh vừa đẹp
[INFO] 10-07-2025 16:23:27 [TestNG-test=User Add Product Test-1] LogUtils - 🔍 nameProduct UI: Laptop Asus | expected: Laptop Asus
[INFO] 10-07-2025 16:23:27 [TestNG-test=User Add Product Test-1] LogUtils - 🔍 priceProduct UI: 3000 | expected: 3000
[INFO] 10-07-2025 16:23:27 [TestNG-test=User Add Product Test-1] LogUtils - 🔍 unitProduct UI: PC | expected: PC
[INFO] 10-07-2025 16:23:27 [TestNG-test=User Add Product Test-1] LogUtils - 🔍 quantityProduct UI: 500 | expected: 500
[INFO] 10-07-2025 16:23:27 [TestNG-test=User Add Product Test-1] LogUtils - 🔍 descriptionProduct UI: Laptop asus vừa mạnh vừa đẹp | expected: Laptop asus vừa mạnh vừa đẹp
[INFO] 10-07-2025 16:23:27 [TestNG-test=User Add Product Test-1] LogUtils - ✅ Verify info product detail with excel data successfully !
[INFO] 10-07-2025 16:23:30 [TestNG-test=User Add Product Test-1] LogUtils - ✅ Đây là Test case chạy thành công: testAdminCheckDetailProduct
[INFO] 10-07-2025 16:23:31 [main] LogUtils - ⭐️ Total test: 9
[INFO] 10-07-2025 16:23:31 [main] LogUtils - ⭐️ Passed: 9
[INFO] 10-07-2025 16:23:31 [main] LogUtils - ⭐️ Failed: 0
[INFO] 10-07-2025 16:23:31 [main] LogUtils - ⭐️ Skipped: 0
[INFO] 10-07-2025 16:23:31 [main] LogUtils - 🟢 Kết thúc toàn bộ suite: User Add Product Test
[INFO] 10-07-2025 16:23:34 [main] LogUtils - ✅ Email with attachments sent!
[INFO] 10-07-2025 16:55:45 [main] LogUtils - ⚙\uFE0F Thời gian chạy toàn bộ test:Thu Jul 10 16:55:43 ICT 2025
[INFO] 10-07-2025 16:55:45 [main] LogUtils - ⚙️ Bắt đầu test suite cho class: UserLoginTest
[INFO] 10-07-2025 16:55:47 [TestNG-test=User Login Test-1] LogUtils - Login Data from Excel: [[Ljava.lang.Object;@28dd3d02
[INFO] 10-07-2025 16:55:47 [TestNG-test=User Login Test-3] LogUtils - Login Data from Excel: [[Ljava.lang.Object;@35b11780
[INFO] 10-07-2025 16:55:47 [TestNG-test=User Login Test-2] LogUtils - Login Data from Excel: [[Ljava.lang.Object;@a93a8a
[INFO] 10-07-2025 16:55:52 [TestNG-test=User Login Test-2] LogUtils - Run with Edge browser
[INFO] 10-07-2025 16:55:52 [TestNG-test=User Login Test-3] LogUtils - Run with Edge browser
[INFO] 10-07-2025 16:55:52 [TestNG-test=User Login Test-1] LogUtils - Run with Edge browser
[INFO] 10-07-2025 16:55:52 [TestNG-test=User Login Test-1] LogUtils - Bắt đầu chạy test: testUserLoginPageSuccess
[INFO] 10-07-2025 16:55:52 [TestNG-test=User Login Test-3] LogUtils - Bắt đầu chạy test: testUserLoginPageFailWithInvalidPassword
[INFO] 10-07-2025 16:55:52 [TestNG-test=User Login Test-2] LogUtils - Bắt đầu chạy test: testUserLoginPageFailWithInvalidEmail
[INFO] 10-07-2025 16:55:54 [TestNG-test=User Login Test-2] LogUtils - 🌐 Open URL: https://cms.anhtester.com/
[INFO] 10-07-2025 16:55:55 [TestNG-test=User Login Test-3] LogUtils - 🌐 Open URL: https://cms.anhtester.com/
[INFO] 10-07-2025 16:55:56 [TestNG-test=User Login Test-1] LogUtils - 🌐 Open URL: https://cms.anhtester.com/
[INFO] 10-07-2025 16:55:56 [TestNG-test=User Login Test-3] LogUtils - checkElementExist: true --- By.xpath: //b[normalize-space()='Website Demo']
[INFO] 10-07-2025 16:55:56 [TestNG-test=User Login Test-2] LogUtils - checkElementExist: true --- By.xpath: //b[normalize-space()='Website Demo']
[INFO] 10-07-2025 16:55:56 [TestNG-test=User Login Test-1] LogUtils - checkElementExist: true --- By.xpath: //b[normalize-space()='Website Demo']
[INFO] 10-07-2025 16:55:57 [TestNG-test=User Login Test-2] LogUtils - Click on element By.xpath: //b[normalize-space()='Website Demo']/following::button[@data-value='removed']
[INFO] 10-07-2025 16:55:57 [TestNG-test=User Login Test-1] LogUtils - Click on element By.xpath: //b[normalize-space()='Website Demo']/following::button[@data-value='removed']
[INFO] 10-07-2025 16:55:57 [TestNG-test=User Login Test-3] LogUtils - Click on element By.xpath: //b[normalize-space()='Website Demo']/following::button[@data-value='removed']
[INFO] 10-07-2025 16:55:58 [TestNG-test=User Login Test-2] LogUtils - Click on element By.xpath: (//a[normalize-space()='Login'])[1]
[INFO] 10-07-2025 16:55:58 [TestNG-test=User Login Test-1] LogUtils - Click on element By.xpath: (//a[normalize-space()='Login'])[1]
[INFO] 10-07-2025 16:55:58 [TestNG-test=User Login Test-1] LogUtils - checkElementExist: true --- By.xpath: //a[contains(normalize-space(), 'Forgot password')]
[INFO] 10-07-2025 16:55:58 [TestNG-test=User Login Test-2] LogUtils - checkElementExist: true --- By.xpath: //a[contains(normalize-space(), 'Forgot password')]
[INFO] 10-07-2025 16:55:58 [TestNG-test=User Login Test-3] LogUtils - Click on element By.xpath: (//a[normalize-space()='Login'])[1]
[INFO] 10-07-2025 16:55:58 [TestNG-test=User Login Test-3] LogUtils - checkElementExist: true --- By.xpath: //a[contains(normalize-space(), 'Forgot password')]
[INFO] 10-07-2025 16:55:59 [TestNG-test=User Login Test-2] LogUtils - Clear text on element By.xpath: //input[@id='email']
[INFO] 10-07-2025 16:55:59 [TestNG-test=User Login Test-1] LogUtils - Clear text on element By.xpath: //input[@id='email']
[INFO] 10-07-2025 16:55:59 [TestNG-test=User Login Test-3] LogUtils - Clear text on element By.xpath: //input[@id='email']
[INFO] 10-07-2025 16:55:59 [TestNG-test=User Login Test-1] LogUtils - Set text [customer@example.com] on element: By.xpath: //input[@id='email']
[INFO] 10-07-2025 16:55:59 [TestNG-test=User Login Test-2] LogUtils - Set text [customer123@example.com] on element: By.xpath: //input[@id='email']
[INFO] 10-07-2025 16:55:59 [TestNG-test=User Login Test-3] LogUtils - Set text [customer@example.com] on element: By.xpath: //input[@id='email']
[INFO] 10-07-2025 16:55:59 [TestNG-test=User Login Test-1] LogUtils - Clear text on element By.xpath: //input[@id='password']
[INFO] 10-07-2025 16:55:59 [TestNG-test=User Login Test-2] LogUtils - Clear text on element By.xpath: //input[@id='password']
[INFO] 10-07-2025 16:55:59 [TestNG-test=User Login Test-3] LogUtils - Clear text on element By.xpath: //input[@id='password']
[INFO] 10-07-2025 16:56:00 [TestNG-test=User Login Test-1] LogUtils - Set text [123456] on element: By.xpath: //input[@id='password']
[INFO] 10-07-2025 16:56:00 [TestNG-test=User Login Test-2] LogUtils - Set text [123456] on element: By.xpath: //input[@id='password']
[INFO] 10-07-2025 16:56:00 [TestNG-test=User Login Test-3] LogUtils - Set text [123] on element: By.xpath: //input[@id='password']
[INFO] 10-07-2025 16:56:00 [TestNG-test=User Login Test-1] LogUtils - Click on element By.xpath: //button[normalize-space()='Login']
[INFO] 10-07-2025 16:56:01 [TestNG-test=User Login Test-2] LogUtils - Click on element By.xpath: //button[normalize-space()='Login']
[INFO] 10-07-2025 16:56:02 [TestNG-test=User Login Test-1] LogUtils - checkElementExist: true --- By.xpath: (//span[normalize-space()='Dashboard'])[1]
[INFO] 10-07-2025 16:56:02 [TestNG-test=User Login Test-1] LogUtils - Verify login success !
[INFO] 10-07-2025 16:56:02 [TestNG-test=User Login Test-1] LogUtils - ✅ Đây là Test case chạy thành công: testUserLoginPageSuccess
[INFO] 10-07-2025 16:56:03 [TestNG-test=User Login Test-2] LogUtils - Get text of element: By.xpath: //span[contains(normalize-space(), 'Invalid login')] || ==> Text Return: Invalid login credentials
[INFO] 10-07-2025 16:56:03 [TestNG-test=User Login Test-2] LogUtils - Verify login fail success !
[INFO] 10-07-2025 16:56:03 [TestNG-test=User Login Test-2] LogUtils - ✅ Đây là Test case chạy thành công: testUserLoginPageFailWithInvalidEmail
[INFO] 10-07-2025 16:56:05 [TestNG-test=User Login Test-3] LogUtils - Click on element By.xpath: //button[normalize-space()='Login']
[INFO] 10-07-2025 16:56:07 [TestNG-test=User Login Test-3] LogUtils - Get text of element: By.xpath: //span[contains(normalize-space(), 'Invalid login')] || ==> Text Return: Invalid login credentials
[INFO] 10-07-2025 16:56:07 [TestNG-test=User Login Test-3] LogUtils - Verify login fail success !
[INFO] 10-07-2025 16:56:07 [TestNG-test=User Login Test-3] LogUtils - ✅ Đây là Test case chạy thành công: testUserLoginPageFailWithInvalidPassword
[INFO] 10-07-2025 16:56:08 [main] LogUtils - ⭐️ Total test: 3
[INFO] 10-07-2025 16:56:08 [main] LogUtils - ⭐️ Passed: 3
[INFO] 10-07-2025 16:56:08 [main] LogUtils - ⭐️ Failed: 0
[INFO] 10-07-2025 16:56:08 [main] LogUtils - ⭐️ Skipped: 0
[INFO] 10-07-2025 16:56:08 [main] LogUtils - 🟢 Kết thúc toàn bộ suite: User Login Test
[INFO] 10-07-2025 16:56:12 [main] LogUtils - ✅ Email with attachments sent!
[INFO] 10-07-2025 16:56:12 [main] LogUtils - ⚙\uFE0F Thời gian chạy toàn bộ test:Thu Jul 10 16:56:12 ICT 2025
[INFO] 10-07-2025 16:56:12 [main] LogUtils - ⚙️ Bắt đầu test suite cho class: UserUpdateProfileTest
[INFO] 10-07-2025 16:56:14 [main] LogUtils - Run with Edge browser
[INFO] 10-07-2025 16:56:14 [main] LogUtils - Bắt đầu chạy test: testUpdateUserWithAddNewName
[INFO] 10-07-2025 16:56:16 [main] LogUtils - 🌐 Open URL: https://cms.anhtester.com/
[INFO] 10-07-2025 16:56:16 [main] LogUtils - checkElementExist: true --- By.xpath: //b[normalize-space()='Website Demo']
[INFO] 10-07-2025 16:56:17 [main] LogUtils - Click on element By.xpath: //b[normalize-space()='Website Demo']/following::button[@data-value='removed']
[INFO] 10-07-2025 16:56:18 [main] LogUtils - Click on element By.xpath: (//a[normalize-space()='Login'])[1]
[INFO] 10-07-2025 16:56:18 [main] LogUtils - checkElementExist: true --- By.xpath: //a[contains(normalize-space(), 'Forgot password')]
[INFO] 10-07-2025 16:56:18 [main] LogUtils - Clear text on element By.xpath: //input[@id='email']
[INFO] 10-07-2025 16:56:18 [main] LogUtils - Set text [customer@example.com] on element: By.xpath: //input[@id='email']
[INFO] 10-07-2025 16:56:19 [main] LogUtils - Clear text on element By.xpath: //input[@id='password']
[INFO] 10-07-2025 16:56:19 [main] LogUtils - Set text [123456] on element: By.xpath: //input[@id='password']
[INFO] 10-07-2025 16:56:20 [main] LogUtils - Click on element By.xpath: //button[normalize-space()='Login']
[INFO] 10-07-2025 16:56:21 [main] LogUtils - checkElementExist: true --- By.xpath: (//span[normalize-space()='Dashboard'])[1]
[INFO] 10-07-2025 16:56:21 [main] LogUtils - Verify login success !
[INFO] 10-07-2025 16:56:22 [main] LogUtils - checkElementExist: true --- By.xpath: (//span[normalize-space()='Manage Profile'])[1]
[INFO] 10-07-2025 16:56:23 [main] LogUtils - Click on element By.xpath: (//span[normalize-space()='Manage Profile'])[1]
[INFO] 10-07-2025 16:56:23 [main] LogUtils - Get current url: https://cms.anhtester.com/profile
[INFO] 10-07-2025 16:56:23 [main] LogUtils - checkElementExist: true --- By.xpath: //button[normalize-space()='Update Profile']
[INFO] 10-07-2025 16:56:23 [main] LogUtils - checkElementExist: true --- By.xpath: //input[@placeholder='Your name' and @name='name']
[INFO] 10-07-2025 16:56:23 [main] LogUtils - Get attribute of element By.xpath: //input[@placeholder='Your name' and @name='name']
[INFO] 10-07-2025 16:56:23 [main] LogUtils - ==> Attribute value: User Test
[INFO] 10-07-2025 16:56:24 [main] LogUtils - Clear text on element By.xpath: //input[@placeholder='Your name' and @name='name']
[INFO] 10-07-2025 16:56:24 [main] LogUtils - Set text [User Test Hoàng] on element: By.xpath: //input[@placeholder='Your name' and @name='name']
[INFO] 10-07-2025 16:56:24 [main] LogUtils - checkElementExist: true --- By.xpath: //button[normalize-space()='Update Profile']
[INFO] 10-07-2025 16:56:24 [main] LogUtils - Click on element By.xpath: //button[normalize-space()='Update Profile']
[INFO] 10-07-2025 16:56:25 [main] LogUtils - checkElementExist: true --- By.xpath: //input[@placeholder='Your name' and @name='name']
[INFO] 10-07-2025 16:56:25 [main] LogUtils - Get attribute of element By.xpath: //input[@placeholder='Your name' and @name='name']
[INFO] 10-07-2025 16:56:25 [main] LogUtils - ==> Attribute value: User Test Hoàng
[INFO] 10-07-2025 16:56:26 [main] LogUtils - checkElementExist: true --- By.xpath: //span[contains(normalize-space(), 'updated successfully')]
[INFO] 10-07-2025 16:56:26 [main] LogUtils - verifyUpdateUserProfileSuccess: profile updated successfully!
[INFO] 10-07-2025 16:56:26 [main] LogUtils - checkElementExist: true --- By.xpath: //span[contains(normalize-space(), 'updated successfully')]
[INFO] 10-07-2025 16:56:26 [main] LogUtils - verifyUpdateUserProfileSuccess: profile updated successfully!
[INFO] 10-07-2025 16:56:26 [main] LogUtils - ✅ Đây là Test case chạy thành công: testUpdateUserWithAddNewName
[INFO] 10-07-2025 16:56:28 [main] LogUtils - Run with Edge browser
[INFO] 10-07-2025 16:56:28 [main] LogUtils - Bắt đầu chạy test: testUpdateUserWithChangeValue
[INFO] 10-07-2025 16:56:30 [main] LogUtils - 🌐 Open URL: https://cms.anhtester.com/
[INFO] 10-07-2025 16:56:30 [main] LogUtils - checkElementExist: true --- By.xpath: //b[normalize-space()='Website Demo']
[INFO] 10-07-2025 16:56:31 [main] LogUtils - Click on element By.xpath: //b[normalize-space()='Website Demo']/following::button[@data-value='removed']
[INFO] 10-07-2025 16:56:32 [main] LogUtils - Click on element By.xpath: (//a[normalize-space()='Login'])[1]
[INFO] 10-07-2025 16:56:32 [main] LogUtils - checkElementExist: true --- By.xpath: //a[contains(normalize-space(), 'Forgot password')]
[INFO] 10-07-2025 16:56:32 [main] LogUtils - Clear text on element By.xpath: //input[@id='email']
[INFO] 10-07-2025 16:56:32 [main] LogUtils - Set text [customer@example.com] on element: By.xpath: //input[@id='email']
[INFO] 10-07-2025 16:56:33 [main] LogUtils - Clear text on element By.xpath: //input[@id='password']
[INFO] 10-07-2025 16:56:33 [main] LogUtils - Set text [123456] on element: By.xpath: //input[@id='password']
[INFO] 10-07-2025 16:56:35 [main] LogUtils - Click on element By.xpath: //button[normalize-space()='Login']
[INFO] 10-07-2025 16:56:35 [main] LogUtils - checkElementExist: true --- By.xpath: (//span[normalize-space()='Dashboard'])[1]
[INFO] 10-07-2025 16:56:35 [main] LogUtils - Verify login success !
[INFO] 10-07-2025 16:56:36 [main] LogUtils - checkElementExist: true --- By.xpath: (//span[normalize-space()='Manage Profile'])[1]
[INFO] 10-07-2025 16:56:39 [main] LogUtils - Click on element By.xpath: (//span[normalize-space()='Manage Profile'])[1]
[INFO] 10-07-2025 16:56:39 [main] LogUtils - Get current url: https://cms.anhtester.com/profile
[INFO] 10-07-2025 16:56:39 [main] LogUtils - checkElementExist: true --- By.xpath: //button[normalize-space()='Update Profile']
[INFO] 10-07-2025 16:56:39 [main] LogUtils - checkElementExist: true --- By.xpath: //input[@placeholder='Your name' and @name='name']
[INFO] 10-07-2025 16:56:39 [main] LogUtils - Get attribute of element By.xpath: //input[@placeholder='Your name' and @name='name']
[INFO] 10-07-2025 16:56:39 [main] LogUtils - ==> Attribute value: User Test Hoàng
[INFO] 10-07-2025 16:56:39 [main] LogUtils - Clear text on element By.xpath: //input[@placeholder='Your name' and @name='name']
[INFO] 10-07-2025 16:56:39 [main] LogUtils - Set text [User Test Tài] on element: By.xpath: //input[@placeholder='Your name' and @name='name']
[INFO] 10-07-2025 16:56:40 [main] LogUtils - checkElementExist: true --- By.xpath: //button[normalize-space()='Update Profile']
[INFO] 10-07-2025 16:56:41 [main] LogUtils - Click on element By.xpath: //button[normalize-space()='Update Profile']
[INFO] 10-07-2025 16:56:43 [main] LogUtils - checkElementExist: true --- By.xpath: //input[@placeholder='Your name' and @name='name']
[INFO] 10-07-2025 16:56:43 [main] LogUtils - Get attribute of element By.xpath: //input[@placeholder='Your name' and @name='name']
[INFO] 10-07-2025 16:56:43 [main] LogUtils - ==> Attribute value: User Test Tài
[INFO] 10-07-2025 16:56:43 [main] LogUtils - checkElementExist: true --- By.xpath: //span[contains(normalize-space(), 'updated successfully')]
[INFO] 10-07-2025 16:56:43 [main] LogUtils - verifyUpdateUserProfileSuccess: profile updated successfully!
[INFO] 10-07-2025 16:56:43 [main] LogUtils - checkElementExist: true --- By.xpath: //span[contains(normalize-space(), 'updated successfully')]
[INFO] 10-07-2025 16:56:43 [main] LogUtils - verifyUpdateUserProfileSuccess: profile updated successfully!
[INFO] 10-07-2025 16:56:43 [main] LogUtils - ✅ Đây là Test case chạy thành công: testUpdateUserWithChangeValue
[INFO] 10-07-2025 16:56:46 [main] LogUtils - Run with Edge browser
[INFO] 10-07-2025 16:56:46 [main] LogUtils - Bắt đầu chạy test: testUpdateUserWithDeletePart
[INFO] 10-07-2025 16:56:48 [main] LogUtils - 🌐 Open URL: https://cms.anhtester.com/
[INFO] 10-07-2025 16:56:48 [main] LogUtils - checkElementExist: true --- By.xpath: //b[normalize-space()='Website Demo']
[INFO] 10-07-2025 16:56:49 [main] LogUtils - Click on element By.xpath: //b[normalize-space()='Website Demo']/following::button[@data-value='removed']
[INFO] 10-07-2025 16:56:50 [main] LogUtils - Click on element By.xpath: (//a[normalize-space()='Login'])[1]
[INFO] 10-07-2025 16:56:50 [main] LogUtils - checkElementExist: true --- By.xpath: //a[contains(normalize-space(), 'Forgot password')]
[INFO] 10-07-2025 16:56:50 [main] LogUtils - Clear text on element By.xpath: //input[@id='email']
[INFO] 10-07-2025 16:56:50 [main] LogUtils - Set text [customer@example.com] on element: By.xpath: //input[@id='email']
[INFO] 10-07-2025 16:56:51 [main] LogUtils - Clear text on element By.xpath: //input[@id='password']
[INFO] 10-07-2025 16:56:51 [main] LogUtils - Set text [123456] on element: By.xpath: //input[@id='password']
[INFO] 10-07-2025 16:56:53 [main] LogUtils - Click on element By.xpath: //button[normalize-space()='Login']
[INFO] 10-07-2025 16:56:53 [main] LogUtils - checkElementExist: true --- By.xpath: (//span[normalize-space()='Dashboard'])[1]
[INFO] 10-07-2025 16:56:53 [main] LogUtils - Verify login success !
[INFO] 10-07-2025 16:56:54 [main] LogUtils - checkElementExist: true --- By.xpath: (//span[normalize-space()='Manage Profile'])[1]
[INFO] 10-07-2025 16:56:55 [main] LogUtils - Click on element By.xpath: (//span[normalize-space()='Manage Profile'])[1]
[INFO] 10-07-2025 16:56:55 [main] LogUtils - Get current url: https://cms.anhtester.com/profile
[INFO] 10-07-2025 16:56:55 [main] LogUtils - checkElementExist: true --- By.xpath: //button[normalize-space()='Update Profile']
[INFO] 10-07-2025 16:56:55 [main] LogUtils - checkElementExist: true --- By.xpath: //input[@placeholder='Your name' and @name='name']
[INFO] 10-07-2025 16:56:55 [main] LogUtils - Get attribute of element By.xpath: //input[@placeholder='Your name' and @name='name']
[INFO] 10-07-2025 16:56:55 [main] LogUtils - ==> Attribute value: User Test Tài
[INFO] 10-07-2025 16:56:55 [main] LogUtils - Clear text on element By.xpath: //input[@placeholder='Your name' and @name='name']
[INFO] 10-07-2025 16:56:56 [main] LogUtils - Set text [User Test] on element: By.xpath: //input[@placeholder='Your name' and @name='name']
[INFO] 10-07-2025 16:56:56 [main] LogUtils - checkElementExist: true --- By.xpath: //button[normalize-space()='Update Profile']
[INFO] 10-07-2025 16:56:56 [main] LogUtils - Click on element By.xpath: //button[normalize-space()='Update Profile']
[INFO] 10-07-2025 16:56:58 [main] LogUtils - checkElementExist: true --- By.xpath: //input[@placeholder='Your name' and @name='name']
[INFO] 10-07-2025 16:56:58 [main] LogUtils - checkElementExist: true --- By.xpath: //span[contains(normalize-space(), 'updated successfully')]
[INFO] 10-07-2025 16:56:58 [main] LogUtils - verifyUpdateUserProfileSuccess: profile updated successfully!
[INFO] 10-07-2025 16:56:58 [main] LogUtils - ✅ Đây là Test case chạy thành công: testUpdateUserWithDeletePart
[INFO] 10-07-2025 16:56:59 [main] LogUtils - ⭐️ Total test: 6
[INFO] 10-07-2025 16:56:59 [main] LogUtils - ⭐️ Passed: 6
[INFO] 10-07-2025 16:56:59 [main] LogUtils - ⭐️ Failed: 0
[INFO] 10-07-2025 16:56:59 [main] LogUtils - ⭐️ Skipped: 0
[INFO] 10-07-2025 16:56:59 [main] LogUtils - 🟢 Kết thúc toàn bộ suite: Update User Profile Test
[INFO] 10-07-2025 16:57:03 [main] LogUtils - ✅ Email with attachments sent!
[INFO] 10-07-2025 16:57:03 [main] LogUtils - ⚙\uFE0F Thời gian chạy toàn bộ test:Thu Jul 10 16:57:03 ICT 2025
[INFO] 10-07-2025 16:57:03 [main] LogUtils - ⚙️ Bắt đầu test suite cho class: UserSetInfoProductToExcelTest
[INFO] 10-07-2025 16:57:05 [TestNG-test=Save Data Product To Excel Test-1] LogUtils - Run with Edge browser
[INFO] 10-07-2025 16:57:05 [TestNG-test=Save Data Product To Excel Test-1] LogUtils - Bắt đầu chạy test: testSetInfoProduct
[INFO] 10-07-2025 16:57:07 [TestNG-test=Save Data Product To Excel Test-1] LogUtils - 🌐 Open URL: https://cms.anhtester.com/
[INFO] 10-07-2025 16:57:07 [TestNG-test=Save Data Product To Excel Test-1] LogUtils - checkElementExist: true --- By.xpath: //b[normalize-space()='Website Demo']
[INFO] 10-07-2025 16:57:07 [TestNG-test=Save Data Product To Excel Test-1] LogUtils - Click on element By.xpath: //b[normalize-space()='Website Demo']/following::button[@data-value='removed']
[INFO] 10-07-2025 16:57:08 [TestNG-test=Save Data Product To Excel Test-1] LogUtils - Click on element By.xpath: (//a[normalize-space()='Login'])[1]
[INFO] 10-07-2025 16:57:08 [TestNG-test=Save Data Product To Excel Test-1] LogUtils - checkElementExist: true --- By.xpath: //a[contains(normalize-space(), 'Forgot password')]
[INFO] 10-07-2025 16:57:08 [TestNG-test=Save Data Product To Excel Test-1] LogUtils - Clear text on element By.xpath: //input[@id='email']
[INFO] 10-07-2025 16:57:09 [TestNG-test=Save Data Product To Excel Test-1] LogUtils - Set text [customer@example.com] on element: By.xpath: //input[@id='email']
[INFO] 10-07-2025 16:57:09 [TestNG-test=Save Data Product To Excel Test-1] LogUtils - Clear text on element By.xpath: //input[@id='password']
[INFO] 10-07-2025 16:57:09 [TestNG-test=Save Data Product To Excel Test-1] LogUtils - Set text [123456] on element: By.xpath: //input[@id='password']
[INFO] 10-07-2025 16:57:11 [TestNG-test=Save Data Product To Excel Test-1] LogUtils - Click on element By.xpath: //button[normalize-space()='Login']
[INFO] 10-07-2025 16:57:11 [TestNG-test=Save Data Product To Excel Test-1] LogUtils - checkElementExist: true --- By.xpath: (//span[normalize-space()='Dashboard'])[1]
[INFO] 10-07-2025 16:57:11 [TestNG-test=Save Data Product To Excel Test-1] LogUtils - Verify login success !
[INFO] 10-07-2025 16:57:11 [TestNG-test=Save Data Product To Excel Test-1] LogUtils - Clear text on element By.xpath: //input[@id='search' and @name='keyword']
[INFO] 10-07-2025 16:57:11 [TestNG-test=Save Data Product To Excel Test-1] LogUtils - Set text [Laptop asus] on element: By.xpath: //input[@id='search' and @name='keyword']
[INFO] 10-07-2025 16:57:15 [TestNG-test=Save Data Product To Excel Test-1] LogUtils - Click on element By.xpath: (//div[normalize-space()='Products']/following-sibling::ul/li)[1]
[INFO] 10-07-2025 16:57:15 [TestNG-test=Save Data Product To Excel Test-1] LogUtils - Get current url: https://cms.anhtester.com/product/laptop-asus
[INFO] 10-07-2025 16:57:16 [TestNG-test=Save Data Product To Excel Test-1] LogUtils - formatSlug: laptop asus
[INFO] 10-07-2025 16:57:16 [TestNG-test=Save Data Product To Excel Test-1] LogUtils - Product Name: laptop asus
[INFO] 10-07-2025 16:57:16 [TestNG-test=Save Data Product To Excel Test-1] LogUtils - Search Words: [laptop, asus]
[INFO] 10-07-2025 16:57:16 [TestNG-test=Save Data Product To Excel Test-1] LogUtils - Matched Words: [laptop, laptop, asus, asus]
[INFO] 10-07-2025 16:57:16 [TestNG-test=Save Data Product To Excel Test-1] LogUtils - Total Matches: 4
[INFO] 10-07-2025 16:57:16 [TestNG-test=Save Data Product To Excel Test-1] LogUtils - verifyInfoProductPage: Passed - Product is correctly displayed on the page!
[INFO] 10-07-2025 16:57:16 [TestNG-test=Save Data Product To Excel Test-1] LogUtils - checkElementExist: true --- By.xpath: (//div[contains(normalize-space(), 'Price:')]/following-sibling::div/div/strong)[1]
[INFO] 10-07-2025 16:57:16 [TestNG-test=Save Data Product To Excel Test-1] LogUtils - checkElementExist: true --- By.xpath: (//div[contains(normalize-space(), 'Price:')]/following-sibling::div/div/strong)[1]
[INFO] 10-07-2025 16:57:16 [TestNG-test=Save Data Product To Excel Test-1] LogUtils - Get text of element: By.xpath: (//div[contains(normalize-space(), 'Price:')]/following-sibling::div/div/strong)[1] || ==> Text Return: $3,000.00
[INFO] 10-07-2025 16:57:16 [TestNG-test=Save Data Product To Excel Test-1] LogUtils - Get text of element: By.xpath: //div[@id='order_details']/following::div[@class='text-left']/h1 || ==> Text Return: Laptop Asus
[INFO] 10-07-2025 16:57:16 [TestNG-test=Save Data Product To Excel Test-1] LogUtils - Get text of element: By.xpath: //span[@id='available-quantity'] || ==> Text Return: 499
[INFO] 10-07-2025 16:57:16 [TestNG-test=Save Data Product To Excel Test-1] LogUtils - Get text of element: By.xpath: //div[@id='tab_default_1']/descendant::p || ==> Text Return: Laptop asus vừa mạnh vừa đẹp
[INFO] 10-07-2025 16:57:16 [TestNG-test=Save Data Product To Excel Test-1] LogUtils - Get attribute of element By.xpath: (//div[@data-fade='true']/descendant::img)[1]
[INFO] 10-07-2025 16:57:16 [TestNG-test=Save Data Product To Excel Test-1] LogUtils - ==> Attribute value: https://cms.anhtester.com/public/uploads/all/2S6eZZGA1BeFKFx17nPI6L4sxZSdPQG8DMKAm8e1.webp
[INFO] 10-07-2025 16:57:17 [TestNG-test=Save Data Product To Excel Test-1] LogUtils - Data written successfully to Excel!
[INFO] 10-07-2025 16:57:17 [TestNG-test=Save Data Product To Excel Test-1] LogUtils - checkElementExist: true --- By.xpath: (//div[contains(normalize-space(), 'Price:')]/following-sibling::div/div/strong)[1]
[INFO] 10-07-2025 16:57:17 [TestNG-test=Save Data Product To Excel Test-1] LogUtils - checkElementExist: true --- By.xpath: (//div[contains(normalize-space(), 'Price:')]/following-sibling::div/div/strong)[1]
[INFO] 10-07-2025 16:57:17 [TestNG-test=Save Data Product To Excel Test-1] LogUtils - Get text of element: By.xpath: (//div[contains(normalize-space(), 'Price:')]/following-sibling::div/div/strong)[1] || ==> Text Return: $3,000.00
[INFO] 10-07-2025 16:57:17 [TestNG-test=Save Data Product To Excel Test-1] LogUtils - Get text of element: By.xpath: //div[@id='order_details']/following::div[@class='text-left']/h1 || ==> Text Return: Laptop Asus
[INFO] 10-07-2025 16:57:17 [TestNG-test=Save Data Product To Excel Test-1] LogUtils - Get text of element: By.xpath: //span[@id='available-quantity'] || ==> Text Return: 499
[INFO] 10-07-2025 16:57:17 [TestNG-test=Save Data Product To Excel Test-1] LogUtils - Get text of element: By.xpath: //div[@id='tab_default_1']/descendant::p || ==> Text Return: Laptop asus vừa mạnh vừa đẹp
[INFO] 10-07-2025 16:57:17 [TestNG-test=Save Data Product To Excel Test-1] LogUtils - Get attribute of element By.xpath: (//div[@data-fade='true']/descendant::img)[1]
[INFO] 10-07-2025 16:57:17 [TestNG-test=Save Data Product To Excel Test-1] LogUtils - ==> Attribute value: https://cms.anhtester.com/public/uploads/all/2S6eZZGA1BeFKFx17nPI6L4sxZSdPQG8DMKAm8e1.webp
[INFO] 10-07-2025 16:57:17 [TestNG-test=Save Data Product To Excel Test-1] LogUtils - expectedDataProduct: {URL image=https://cms.anhtester.com/public/uploads/all/2S6eZZGA1BeFKFx17nPI6L4sxZSdPQG8DMKAm8e1.webp, Description=Laptop asus vừa mạnh vừa đẹp, Price=$3,000.00, Available Quantity=499, Product Name=Laptop Asus, Time=10/07/2025 16:57, Color =Aqua}
[INFO] 10-07-2025 16:57:17 [TestNG-test=Save Data Product To Excel Test-1] LogUtils - actualData: {URL image=https://cms.anhtester.com/public/uploads/all/2S6eZZGA1BeFKFx17nPI6L4sxZSdPQG8DMKAm8e1.webp, Description=Laptop asus vừa mạnh vừa đẹp, Price=$3,000.00, Available Quantity=499, Product Name=Laptop Asus, Time=10/07/2025 16:57, Color =Aqua}
[INFO] 10-07-2025 16:57:17 [TestNG-test=Save Data Product To Excel Test-1] LogUtils - ✅ Đây là Test case chạy thành công: testSetInfoProduct
[INFO] 10-07-2025 16:57:18 [main] LogUtils - ⭐️ Total test: 7
[INFO] 10-07-2025 16:57:18 [main] LogUtils - ⭐️ Passed: 7
[INFO] 10-07-2025 16:57:18 [main] LogUtils - ⭐️ Failed: 0
[INFO] 10-07-2025 16:57:18 [main] LogUtils - ⭐️ Skipped: 0
[INFO] 10-07-2025 16:57:18 [main] LogUtils - 🟢 Kết thúc toàn bộ suite: Save Data Product To Excel Test
[INFO] 10-07-2025 16:57:22 [main] LogUtils - ✅ Email with attachments sent!
[INFO] 10-07-2025 16:57:22 [main] LogUtils - ⚙\uFE0F Thời gian chạy toàn bộ test:Thu Jul 10 16:57:22 ICT 2025
[INFO] 10-07-2025 16:57:22 [main] LogUtils - ⚙️ Bắt đầu test suite cho class: UserAddCartTest
[INFO] 10-07-2025 16:57:22 [TestNG-test=User Add Product Test-1] LogUtils - Run with Edge browser (default)
[INFO] 10-07-2025 16:57:23 [TestNG-test=User Add Product Test-1] LogUtils - Bắt đầu chạy test: testAddCart
[INFO] 10-07-2025 16:57:25 [TestNG-test=User Add Product Test-1] LogUtils - 🌐 Open URL: https://cms.anhtester.com/
[INFO] 10-07-2025 16:57:25 [TestNG-test=User Add Product Test-1] LogUtils - checkElementExist: true --- By.xpath: //b[normalize-space()='Website Demo']
[INFO] 10-07-2025 16:57:26 [TestNG-test=User Add Product Test-1] LogUtils - Click on element By.xpath: //b[normalize-space()='Website Demo']/following::button[@data-value='removed']
[INFO] 10-07-2025 16:57:27 [TestNG-test=User Add Product Test-1] LogUtils - Click on element By.xpath: (//a[normalize-space()='Login'])[1]
[INFO] 10-07-2025 16:57:27 [TestNG-test=User Add Product Test-1] LogUtils - checkElementExist: true --- By.xpath: //a[contains(normalize-space(), 'Forgot password')]
[INFO] 10-07-2025 16:57:27 [TestNG-test=User Add Product Test-1] LogUtils - Clear text on element By.xpath: //input[@id='email']
[INFO] 10-07-2025 16:57:27 [TestNG-test=User Add Product Test-1] LogUtils - Set text [customer@example.com] on element: By.xpath: //input[@id='email']
[INFO] 10-07-2025 16:57:28 [TestNG-test=User Add Product Test-1] LogUtils - Clear text on element By.xpath: //input[@id='password']
[INFO] 10-07-2025 16:57:28 [TestNG-test=User Add Product Test-1] LogUtils - Set text [123456] on element: By.xpath: //input[@id='password']
[INFO] 10-07-2025 16:57:29 [TestNG-test=User Add Product Test-1] LogUtils - Click on element By.xpath: //button[normalize-space()='Login']
[INFO] 10-07-2025 16:57:30 [TestNG-test=User Add Product Test-1] LogUtils - Clear text on element By.xpath: //input[@id='search' and @name='keyword']
[INFO] 10-07-2025 16:57:30 [TestNG-test=User Add Product Test-1] LogUtils - Set text [laptop asus] on element: By.xpath: //input[@id='search' and @name='keyword']
[INFO] 10-07-2025 16:57:32 [TestNG-test=User Add Product Test-1] LogUtils - Click on element By.xpath: //input[@id='search' and @name='keyword']/following-sibling::div/button[@type='submit']
[INFO] 10-07-2025 16:57:33 [TestNG-test=User Add Product Test-1] LogUtils - Get current url: https://cms.anhtester.com/search?keyword=laptop+asus
[INFO] 10-07-2025 16:57:33 [TestNG-test=User Add Product Test-1] LogUtils - verifyUserProductListPage: Passed - This Is Product List Page
[INFO] 10-07-2025 16:57:33 [TestNG-test=User Add Product Test-1] LogUtils - Get text of element: By.xpath: //div[@id='cart_items']//span[contains(@class, 'badge') and contains(@class, 'cart-count')] || ==> Text Return: 0
[INFO] 10-07-2025 16:57:34 [TestNG-test=User Add Product Test-1] LogUtils - Click on element By.xpath: ((//form[@id='search-form']/descendant::div[@class='col'])[1]/descendant::a[@data-title='Add to cart'])[1]
[INFO] 10-07-2025 16:57:34 [TestNG-test=User Add Product Test-1] LogUtils - Get text of element: By.xpath: (//form[@id='search-form']/descendant::div[@class='col'])[1]/descendant::div[contains(@class, 'rating')]/following-sibling::h3/a || ==> Text Return: Laptop Asus
[INFO] 10-07-2025 16:57:34 [TestNG-test=User Add Product Test-1] LogUtils - Get text of element: By.xpath: (//form[@id='search-form']/descendant::div[@class='col'])[2]/descendant::div[contains(@class, 'rating')]/following-sibling::h3/a || ==> Text Return: Laptop Asus
[INFO] 10-07-2025 16:57:34 [TestNG-test=User Add Product Test-1] LogUtils - Get text of element: By.xpath: //div[@id='addToCart-modal-body']//h2 || ==> Text Return: Laptop Asus
[INFO] 10-07-2025 16:57:34 [TestNG-test=User Add Product Test-1] LogUtils - ✅ verifyPopupAddCart: verify success !
[INFO] 10-07-2025 16:57:34 [TestNG-test=User Add Product Test-1] LogUtils - Get text of element: By.xpath: (//div[@id='addToCart-modal-body']//strong)[1] || ==> Text Return: $3,000.00
[INFO] 10-07-2025 16:57:34 [TestNG-test=User Add Product Test-1] LogUtils - 🔍 Raw price (popup): $3,000.00
[INFO] 10-07-2025 16:57:34 [TestNG-test=User Add Product Test-1] LogUtils - 💡 Formatted price range: 3000.00
[INFO] 10-07-2025 16:57:34 [TestNG-test=User Add Product Test-1] LogUtils - 📌 prices[0]: 3000.00
[INFO] 10-07-2025 16:57:34 [TestNG-test=User Add Product Test-1] LogUtils - 💲 Chỉ có một mức giá: 3000.0
[INFO] 10-07-2025 16:57:34 [TestNG-test=User Add Product Test-1] LogUtils - Get attribute of element By.xpath: //input[@name='quantity']
[INFO] 10-07-2025 16:57:34 [TestNG-test=User Add Product Test-1] LogUtils - ==> Attribute value: 1
[INFO] 10-07-2025 16:57:34 [TestNG-test=User Add Product Test-1] LogUtils - Get text of element: By.xpath: //div[@id='addToCart-modal-body']//h2 || ==> Text Return: Laptop Asus
[INFO] 10-07-2025 16:57:35 [TestNG-test=User Add Product Test-1] LogUtils - Click on element By.xpath: //span[normalize-space()='Add to cart']
[INFO] 10-07-2025 16:57:35 [TestNG-test=User Add Product Test-1] LogUtils - Click button add cart in popup add cart
[INFO] 10-07-2025 16:57:35 [TestNG-test=User Add Product Test-1] LogUtils - checkElementExist: true --- By.xpath: //h3[normalize-space()='Item added to your cart!']
[INFO] 10-07-2025 16:57:35 [TestNG-test=User Add Product Test-1] LogUtils - checkElementExist: true --- By.xpath: //span[normalize-space()='Frequently Bought Together']
[INFO] 10-07-2025 16:57:35 [TestNG-test=User Add Product Test-1] LogUtils - checkElementExist: true --- By.xpath: //h3[normalize-space()='Item added to your cart!']
[INFO] 10-07-2025 16:57:35 [TestNG-test=User Add Product Test-1] LogUtils - checkElementExist: true --- By.xpath: //span[normalize-space()='Frequently Bought Together']
[INFO] 10-07-2025 16:57:35 [TestNG-test=User Add Product Test-1] LogUtils - Get text of element: By.xpath: //div[@id='cart_items']//span[contains(@class, 'badge') and contains(@class, 'cart-count')] || ==> Text Return: 1
[INFO] 10-07-2025 16:57:35 [TestNG-test=User Add Product Test-1] LogUtils - verifyPopupAddCartSuccess countProductCart: 1
[INFO] 10-07-2025 16:57:35 [TestNG-test=User Add Product Test-1] LogUtils - verifyPopupAddCartSuccess getCartCount: 1
[INFO] 10-07-2025 16:57:35 [TestNG-test=User Add Product Test-1] LogUtils - verifyPopupAddCartSuccess: popup add cart success!
[INFO] 10-07-2025 16:57:36 [TestNG-test=User Add Product Test-1] LogUtils - Click on element By.xpath: //div[@id='addToCart']/descendant::button[contains(@class, 'close') and @aria-label='Close']
[INFO] 10-07-2025 16:57:36 [TestNG-test=User Add Product Test-1] LogUtils - Click button close popup add cart
[INFO] 10-07-2025 16:57:38 [TestNG-test=User Add Product Test-1] LogUtils - Click on element By.xpath: ((//form[@id='search-form']/descendant::div[@class='col'])[2]/descendant::a[@data-title='Add to cart'])[1]
[INFO] 10-07-2025 16:57:38 [TestNG-test=User Add Product Test-1] LogUtils - Get text of element: By.xpath: (//form[@id='search-form']/descendant::div[@class='col'])[1]/descendant::div[contains(@class, 'rating')]/following-sibling::h3/a || ==> Text Return: Laptop Asus
[INFO] 10-07-2025 16:57:39 [TestNG-test=User Add Product Test-1] LogUtils - Get text of element: By.xpath: (//form[@id='search-form']/descendant::div[@class='col'])[2]/descendant::div[contains(@class, 'rating')]/following-sibling::h3/a || ==> Text Return: Laptop Asus
[INFO] 10-07-2025 16:57:39 [TestNG-test=User Add Product Test-1] LogUtils - Get text of element: By.xpath: //div[@id='addToCart-modal-body']//h2 || ==> Text Return: Laptop Asus
[INFO] 10-07-2025 16:57:39 [TestNG-test=User Add Product Test-1] LogUtils - ✅ verifyPopupAddCart: verify success !
[INFO] 10-07-2025 16:57:39 [TestNG-test=User Add Product Test-1] LogUtils - Get text of element: By.xpath: (//div[@id='addToCart-modal-body']//strong)[1] || ==> Text Return: $3,000.00
[INFO] 10-07-2025 16:57:39 [TestNG-test=User Add Product Test-1] LogUtils - 🔍 Raw price (popup): $3,000.00
[INFO] 10-07-2025 16:57:39 [TestNG-test=User Add Product Test-1] LogUtils - 💡 Formatted price range: 3000.00
[INFO] 10-07-2025 16:57:39 [TestNG-test=User Add Product Test-1] LogUtils - 📌 prices[0]: 3000.00
[INFO] 10-07-2025 16:57:39 [TestNG-test=User Add Product Test-1] LogUtils - 💲 Chỉ có một mức giá: 3000.0
[INFO] 10-07-2025 16:57:39 [TestNG-test=User Add Product Test-1] LogUtils - Get attribute of element By.xpath: //input[@name='quantity']
[INFO] 10-07-2025 16:57:39 [TestNG-test=User Add Product Test-1] LogUtils - ==> Attribute value: 1
[INFO] 10-07-2025 16:57:39 [TestNG-test=User Add Product Test-1] LogUtils - Get text of element: By.xpath: //div[@id='addToCart-modal-body']//h2 || ==> Text Return: Laptop Asus
[INFO] 10-07-2025 16:57:39 [TestNG-test=User Add Product Test-1] LogUtils - Click on element By.xpath: //span[normalize-space()='Add to cart']
[INFO] 10-07-2025 16:57:39 [TestNG-test=User Add Product Test-1] LogUtils - Click button add cart in popup add cart
[INFO] 10-07-2025 16:57:40 [TestNG-test=User Add Product Test-1] LogUtils - checkElementExist: true --- By.xpath: //h3[normalize-space()='Item added to your cart!']
[INFO] 10-07-2025 16:57:40 [TestNG-test=User Add Product Test-1] LogUtils - checkElementExist: true --- By.xpath: //span[normalize-space()='Frequently Bought Together']
[INFO] 10-07-2025 16:57:40 [TestNG-test=User Add Product Test-1] LogUtils - checkElementExist: true --- By.xpath: //h3[normalize-space()='Item added to your cart!']
[INFO] 10-07-2025 16:57:40 [TestNG-test=User Add Product Test-1] LogUtils - checkElementExist: true --- By.xpath: //span[normalize-space()='Frequently Bought Together']
[INFO] 10-07-2025 16:57:40 [TestNG-test=User Add Product Test-1] LogUtils - Get text of element: By.xpath: //div[@id='cart_items']//span[contains(@class, 'badge') and contains(@class, 'cart-count')] || ==> Text Return: 2
[INFO] 10-07-2025 16:57:40 [TestNG-test=User Add Product Test-1] LogUtils - verifyPopupAddCartSuccess countProductCart: 2
[INFO] 10-07-2025 16:57:40 [TestNG-test=User Add Product Test-1] LogUtils - verifyPopupAddCartSuccess getCartCount: 2
[INFO] 10-07-2025 16:57:40 [TestNG-test=User Add Product Test-1] LogUtils - verifyPopupAddCartSuccess: popup add cart success!
[INFO] 10-07-2025 16:57:40 [TestNG-test=User Add Product Test-1] LogUtils - Click on element By.xpath: //div[@id='addToCart']/descendant::button[contains(@class, 'close') and @aria-label='Close']
[INFO] 10-07-2025 16:57:40 [TestNG-test=User Add Product Test-1] LogUtils - Click button close popup add cart
[INFO] 10-07-2025 16:57:41 [TestNG-test=User Add Product Test-1] LogUtils - Click on element By.xpath: //div[@id='cart_items']
[INFO] 10-07-2025 16:57:41 [TestNG-test=User Add Product Test-1] LogUtils - checkElementExist: true --- By.xpath: //div[normalize-space()='Cart Items']
[INFO] 10-07-2025 16:57:41 [TestNG-test=User Add Product Test-1] LogUtils - checkElementExist: true --- By.xpath: //span[normalize-space()='Subtotal']
[INFO] 10-07-2025 16:57:41 [TestNG-test=User Add Product Test-1] LogUtils - checkElementExist: true --- By.xpath: //a[normalize-space()='View cart']
[INFO] 10-07-2025 16:57:41 [TestNG-test=User Add Product Test-1] LogUtils - Get text of element: By.xpath: //div[normalize-space()='Cart Items'] || ==> Text Return: Cart Items
[INFO] 10-07-2025 16:57:41 [TestNG-test=User Add Product Test-1] LogUtils - 📦 Product: Laptop Asus
[INFO] 10-07-2025 16:57:41 [TestNG-test=User Add Product Test-1] LogUtils - Quantity: 1, Price: 3000.0, Subtotal: 3000.0
[INFO] 10-07-2025 16:57:41 [TestNG-test=User Add Product Test-1] LogUtils - 📦 Product: Laptop Asus
[INFO] 10-07-2025 16:57:41 [TestNG-test=User Add Product Test-1] LogUtils - Quantity: 1, Price: 3000.0, Subtotal: 3000.0
[INFO] 10-07-2025 16:57:41 [TestNG-test=User Add Product Test-1] LogUtils - Get text of element: By.xpath: //span[normalize-space()='Subtotal']/following-sibling::span || ==> Text Return: $6,000.00
[INFO] 10-07-2025 16:57:41 [TestNG-test=User Add Product Test-1] LogUtils - 🔢 Expected total: 6000.0 | Actual total: 6000.0
[INFO] 10-07-2025 16:57:41 [TestNG-test=User Add Product Test-1] LogUtils - ✅ verifyAddCartSuccess successfully! Sản phẩm còn lại: 2
[INFO] 10-07-2025 16:57:42 [TestNG-test=User Add Product Test-1] LogUtils - Click on element By.xpath: //a[normalize-space()='View cart']
[INFO] 10-07-2025 16:57:42 [TestNG-test=User Add Product Test-1] LogUtils - Get current url: https://cms.anhtester.com/cart
[INFO] 10-07-2025 16:57:43 [TestNG-test=User Add Product Test-1] LogUtils - checkElementExist: true --- By.xpath: //h3[contains(normalize-space(),'My Cart')]
[INFO] 10-07-2025 16:57:43 [TestNG-test=User Add Product Test-1] LogUtils - checkElementExist: true --- By.xpath: //section[@id='cart-summary']/descendant::span[normalize-space()='Subtotal']
[INFO] 10-07-2025 16:57:43 [TestNG-test=User Add Product Test-1] LogUtils - Get text of element: By.xpath: //h3[contains(normalize-space(),'My Cart')] || ==> Text Return: 1. My Cart
[INFO] 10-07-2025 16:57:43 [TestNG-test=User Add Product Test-1] LogUtils - Get text of element: By.xpath: //section[@id='cart-summary']/descendant::span[normalize-space()='Subtotal'] || ==> Text Return: Subtotal
[INFO] 10-07-2025 16:57:43 [TestNG-test=User Add Product Test-1] LogUtils - 🧾 Product: Laptop Asus - Aqua | Qty: 1 | Price: $3000.0 | Subtotal: $3000.0
[INFO] 10-07-2025 16:57:43 [TestNG-test=User Add Product Test-1] LogUtils - Total price each product actual: 3000.0, expected: 3000.0
[INFO] 10-07-2025 16:57:43 [TestNG-test=User Add Product Test-1] LogUtils - 🎯 Expected → Qty: 1 | Min: 3000.0 | Max: 3000.0
[INFO] 10-07-2025 16:57:43 [TestNG-test=User Add Product Test-1] LogUtils - 🧾 Product: Laptop Asus - Aqua | Qty: 1 | Price: $3000.0 | Subtotal: $3000.0
[INFO] 10-07-2025 16:57:43 [TestNG-test=User Add Product Test-1] LogUtils - Total price each product actual: 3000.0, expected: 3000.0
[INFO] 10-07-2025 16:57:43 [TestNG-test=User Add Product Test-1] LogUtils - 🎯 Expected → Qty: 1 | Min: 3000.0 | Max: 3000.0
[INFO] 10-07-2025 16:57:43 [TestNG-test=User Add Product Test-1] LogUtils - Get text of element: By.xpath: //section[@id='cart-summary']/descendant::span[normalize-space()='Subtotal']/following-sibling::span || ==> Text Return: $6,000.00
[INFO] 10-07-2025 16:57:43 [TestNG-test=User Add Product Test-1] LogUtils - 🔢 Expected total: 6000.0 | Actual total: 6000.0
[INFO] 10-07-2025 16:57:43 [TestNG-test=User Add Product Test-1] LogUtils - ✅ verifyProductInCart hoàn tất!
[INFO] 10-07-2025 16:57:44 [TestNG-test=User Add Product Test-1] LogUtils - Click on element By.xpath: //a[normalize-space()='Continue to Shipping']
[INFO] 10-07-2025 16:57:44 [TestNG-test=User Add Product Test-1] LogUtils - 🚛 Start verify shipping page
[INFO] 10-07-2025 16:57:44 [TestNG-test=User Add Product Test-1] LogUtils - Get current url: https://cms.anhtester.com/checkout
[INFO] 10-07-2025 16:57:44 [TestNG-test=User Add Product Test-1] LogUtils - Get CSS value color of element By.xpath: //h3[contains(normalize-space(), 'Shipping info')]
[INFO] 10-07-2025 16:57:44 [TestNG-test=User Add Product Test-1] LogUtils - ==> CSS value: rgba(230, 46, 4, 1)
[INFO] 10-07-2025 16:57:44 [TestNG-test=User Add Product Test-1] LogUtils - colorHeaderShippingPage: #e62e04
[INFO] 10-07-2025 16:57:44 [TestNG-test=User Add Product Test-1] LogUtils - 🔍 Trạng thái enabled của By.xpath: (//input[@name='address_id'])[1]/ancestor::label/parent::div: true
[INFO] 10-07-2025 16:57:44 [TestNG-test=User Add Product Test-1] LogUtils - 🔍 Trạng thái enabled của By.xpath: //div[text()='Add New Address']: true
[INFO] 10-07-2025 16:57:44 [TestNG-test=User Add Product Test-1] LogUtils - 🔍 Trạng thái enabled của By.xpath: //button[normalize-space()='Continue to Delivery Info']: true
[INFO] 10-07-2025 16:57:44 [TestNG-test=User Add Product Test-1] LogUtils - Get text of element: By.xpath: //button[normalize-space()='Continue to Delivery Info'] || ==> Text Return: Continue to Delivery Info
[INFO] 10-07-2025 16:57:45 [TestNG-test=User Add Product Test-1] LogUtils - ✅ An address option is already selected. No action taken.
[INFO] 10-07-2025 16:57:47 [TestNG-test=User Add Product Test-1] LogUtils - Click on element By.xpath: //button[normalize-space()='Continue to Delivery Info']
[INFO] 10-07-2025 16:57:47 [TestNG-test=User Add Product Test-1] LogUtils - Start verify delivery page
[INFO] 10-07-2025 16:57:47 [TestNG-test=User Add Product Test-1] LogUtils - Get current url: https://cms.anhtester.com/checkout/delivery_info
[INFO] 10-07-2025 16:57:47 [TestNG-test=User Add Product Test-1] LogUtils - Get text of element: By.xpath: //h3[normalize-space()='3. Delivery info'] || ==> Text Return: 3. Delivery info
[INFO] 10-07-2025 16:57:47 [TestNG-test=User Add Product Test-1] LogUtils - Get text of element: By.xpath: //h5[normalize-space()='Active eCommerce CMS Products'] || ==> Text Return: Active eCommerce CMS Products
[INFO] 10-07-2025 16:57:47 [TestNG-test=User Add Product Test-1] LogUtils - Get CSS value color of element By.xpath: //h3[normalize-space()='3. Delivery info']
[INFO] 10-07-2025 16:57:47 [TestNG-test=User Add Product Test-1] LogUtils - ==> CSS value: rgba(230, 46, 4, 1)
[INFO] 10-07-2025 16:57:47 [TestNG-test=User Add Product Test-1] LogUtils - checkElementExist: true --- By.xpath: //h5[normalize-space()='Active eCommerce CMS Products']
[INFO] 10-07-2025 16:57:47 [TestNG-test=User Add Product Test-1] LogUtils - checkElementExist: true --- By.xpath: //h3[normalize-space()='3. Delivery info']
[INFO] 10-07-2025 16:57:47 [TestNG-test=User Add Product Test-1] LogUtils - 🔍 Trạng thái enabled của By.xpath: //button[normalize-space()='Continue to Payment']: true
[INFO] 10-07-2025 16:57:47 [TestNG-test=User Add Product Test-1] LogUtils - Get text of element: By.xpath: //button[normalize-space()='Continue to Payment'] || ==> Text Return: Continue to Payment
[INFO] 10-07-2025 16:57:47 [TestNG-test=User Add Product Test-1] LogUtils - 🚛 Start verify product in delivery page
[INFO] 10-07-2025 16:57:47 [TestNG-test=User Add Product Test-1] LogUtils - 📦 nameProductActual: Laptop Asus
[INFO] 10-07-2025 16:57:47 [TestNG-test=User Add Product Test-1] LogUtils - 📦 nameProductActual: Laptop Asus
[INFO] 10-07-2025 16:57:47 [TestNG-test=User Add Product Test-1] LogUtils - Click on element By.xpath: //button[normalize-space()='Continue to Payment']
[INFO] 10-07-2025 16:57:47 [TestNG-test=User Add Product Test-1] LogUtils - 🚛 Start verify payment page
[INFO] 10-07-2025 16:57:48 [TestNG-test=User Add Product Test-1] LogUtils - Get current url: https://cms.anhtester.com/checkout/payment_select
[INFO] 10-07-2025 16:57:48 [TestNG-test=User Add Product Test-1] LogUtils - Get CSS value color of element By.xpath: //h3[normalize-space()='4. Payment']
[INFO] 10-07-2025 16:57:48 [TestNG-test=User Add Product Test-1] LogUtils - ==> CSS value: rgba(230, 46, 4, 1)
[INFO] 10-07-2025 16:57:49 [TestNG-test=User Add Product Test-1] LogUtils - Get text of element: By.xpath: //button[normalize-space()='Complete Order'] || ==> Text Return: Complete Order
[INFO] 10-07-2025 16:57:49 [TestNG-test=User Add Product Test-1] LogUtils - 🔍 Trạng thái enabled của By.xpath: //button[normalize-space()='Complete Order']: true
[INFO] 10-07-2025 16:57:49 [TestNG-test=User Add Product Test-1] LogUtils - 🚛 Start verify product in payment page
[INFO] 10-07-2025 16:57:49 [TestNG-test=User Add Product Test-1] LogUtils - Get text of element: By.xpath: //h3[normalize-space()='Summary']/following::span[contains(normalize-space(), 'Items')] || ==> Text Return: 2 Items
[INFO] 10-07-2025 16:57:49 [TestNG-test=User Add Product Test-1] LogUtils - countProductActual: 2
[INFO] 10-07-2025 16:57:49 [TestNG-test=User Add Product Test-1] LogUtils - countProductExpected: 2
[INFO] 10-07-2025 16:57:49 [TestNG-test=User Add Product Test-1] LogUtils - 🔍 Sản phẩm: Laptop Asus
[INFO] 10-07-2025 16:57:49 [TestNG-test=User Add Product Test-1] LogUtils -    Số lượng: 1
[INFO] 10-07-2025 16:57:49 [TestNG-test=User Add Product Test-1] LogUtils -    Giá: 3000.0
[INFO] 10-07-2025 16:57:49 [TestNG-test=User Add Product Test-1] LogUtils - 🔍 Sản phẩm: Laptop Asus
[INFO] 10-07-2025 16:57:49 [TestNG-test=User Add Product Test-1] LogUtils -    Số lượng: 1
[INFO] 10-07-2025 16:57:49 [TestNG-test=User Add Product Test-1] LogUtils -    Giá: 3000.0
[INFO] 10-07-2025 16:57:49 [TestNG-test=User Add Product Test-1] LogUtils - Get text of element: By.xpath: //th[normalize-space()='Subtotal']/following-sibling::td/span || ==> Text Return: $6,000.00
[INFO] 10-07-2025 16:57:49 [TestNG-test=User Add Product Test-1] LogUtils - 💰 Tổng tiền mong đợi (calculated): 6000.0
[INFO] 10-07-2025 16:57:49 [TestNG-test=User Add Product Test-1] LogUtils - 💰 Tổng tiền hiển thị UI: 6000.0
[INFO] 10-07-2025 16:57:49 [TestNG-test=User Add Product Test-1] LogUtils - Get text of element: By.xpath: //th[normalize-space()='Total Shipping']//following-sibling::td/span || ==> Text Return: $30,000.00
[INFO] 10-07-2025 16:57:49 [TestNG-test=User Add Product Test-1] LogUtils - Get text of element: By.xpath: //tr[@class='cart-total']/td//span || ==> Text Return: $36,000.00
[INFO] 10-07-2025 16:57:49 [TestNG-test=User Add Product Test-1] LogUtils - ✅ verifyProductPaymentPage: success!
[INFO] 10-07-2025 16:57:49 [TestNG-test=User Add Product Test-1] LogUtils - Click on element By.xpath: //input[@id='agree_checkbox']/ancestor::label[@class='aiz-checkbox']
[INFO] 10-07-2025 16:57:52 [TestNG-test=User Add Product Test-1] LogUtils - Click on element By.xpath: //button[normalize-space()='Complete Order']
[INFO] 10-07-2025 16:57:52 [TestNG-test=User Add Product Test-1] LogUtils - Get current url: https://cms.anhtester.com/checkout/order-confirmed
[INFO] 10-07-2025 16:57:52 [TestNG-test=User Add Product Test-1] LogUtils - Get CSS value color of element By.xpath: //h3[normalize-space()='5. Confirmation']
[INFO] 10-07-2025 16:57:52 [TestNG-test=User Add Product Test-1] LogUtils - ==> CSS value: rgba(230, 46, 4, 1)
[INFO] 10-07-2025 16:57:53 [TestNG-test=User Add Product Test-1] LogUtils - checkElementExist: true --- By.xpath: //span[normalize-space()='Your order has been placed successfully']
[INFO] 10-07-2025 16:57:53 [TestNG-test=User Add Product Test-1] LogUtils - Get text of element: By.xpath: //span[normalize-space()='Your order has been placed successfully'] || ==> Text Return: Your order has been placed successfully
[INFO] 10-07-2025 16:57:53 [TestNG-test=User Add Product Test-1] LogUtils - Verify order confirm page successfully!
[INFO] 10-07-2025 16:57:53 [TestNG-test=User Add Product Test-1] LogUtils - addProductToCart: success
[INFO] 10-07-2025 16:57:55 [TestNG-test=User Add Product Test-1] LogUtils - ✅ Đây là Test case chạy thành công: testAddCart
[INFO] 10-07-2025 16:57:55 [main] LogUtils - ⭐️ Total test: 8
[INFO] 10-07-2025 16:57:55 [main] LogUtils - ⭐️ Passed: 8
[INFO] 10-07-2025 16:57:55 [main] LogUtils - ⭐️ Failed: 0
[INFO] 10-07-2025 16:57:55 [main] LogUtils - ⭐️ Skipped: 0
[INFO] 10-07-2025 16:57:55 [main] LogUtils - 🟢 Kết thúc toàn bộ suite: User Add Product Test
[INFO] 10-07-2025 16:57:59 [main] LogUtils - ✅ Email with attachments sent!
[INFO] 10-07-2025 16:57:59 [main] LogUtils - ⚙\uFE0F Thời gian chạy toàn bộ test:Thu Jul 10 16:57:59 ICT 2025
[INFO] 10-07-2025 16:57:59 [main] LogUtils - ⚙️ Bắt đầu test suite cho class: AdminCheckDetailProduct
[INFO] 10-07-2025 16:57:59 [TestNG-test=User Add Product Test-1] LogUtils - ✅ Read data from Excel: [[Laptop Asus, Laptop, Asus, PC, Aqua, 5, laptop asus, 3000, 500, Laptop asus vừa mạnh vừa đẹp, laptop_asus.webp]]
[INFO] 10-07-2025 16:57:59 [TestNG-test=User Add Product Test-1] LogUtils - Run with Edge browser (default)
[INFO] 10-07-2025 16:58:00 [TestNG-test=User Add Product Test-1] LogUtils - Bắt đầu chạy test: testAdminCheckDetailProduct
[INFO] 10-07-2025 16:58:03 [TestNG-test=User Add Product Test-1] LogUtils - 🌐 Open URL: https://cms.anhtester.com/
[INFO] 10-07-2025 16:58:03 [TestNG-test=User Add Product Test-1] LogUtils - checkElementExist: true --- By.xpath: //b[normalize-space()='Website Demo']
[INFO] 10-07-2025 16:58:03 [TestNG-test=User Add Product Test-1] LogUtils - Click on element By.xpath: //b[normalize-space()='Website Demo']/following::button[@data-value='removed']
[INFO] 10-07-2025 16:58:04 [TestNG-test=User Add Product Test-1] LogUtils - Click on element By.xpath: (//a[normalize-space()='Login'])[1]
[INFO] 10-07-2025 16:58:04 [TestNG-test=User Add Product Test-1] LogUtils - checkElementExist: true --- By.xpath: //a[contains(normalize-space(), 'Forgot password')]
[INFO] 10-07-2025 16:58:05 [TestNG-test=User Add Product Test-1] LogUtils - Clear text on element By.xpath: //input[@id='email']
[INFO] 10-07-2025 16:58:05 [TestNG-test=User Add Product Test-1] LogUtils - Set text [admin@example.com] on element: By.xpath: //input[@id='email']
[INFO] 10-07-2025 16:58:05 [TestNG-test=User Add Product Test-1] LogUtils - Clear text on element By.xpath: //input[@id='password']
[INFO] 10-07-2025 16:58:06 [TestNG-test=User Add Product Test-1] LogUtils - Set text [123456] on element: By.xpath: //input[@id='password']
[INFO] 10-07-2025 16:58:09 [TestNG-test=User Add Product Test-1] LogUtils - Click on element By.xpath: //button[normalize-space()='Login']
[INFO] 10-07-2025 16:58:11 [TestNG-test=User Add Product Test-1] LogUtils - Get current url: https://cms.anhtester.com/admin
[INFO] 10-07-2025 16:58:11 [TestNG-test=User Add Product Test-1] LogUtils - checkElementExist: true --- By.xpath: (//span[normalize-space()='Dashboard'])[1]
[INFO] 10-07-2025 16:58:11 [TestNG-test=User Add Product Test-1] LogUtils - checkElementExist: true --- By.xpath: //span[normalize-space()='Admin Example']
[INFO] 10-07-2025 16:58:11 [TestNG-test=User Add Product Test-1] LogUtils - checkElementExist: true --- By.xpath: //span[normalize-space()='Clear Cache']
[INFO] 10-07-2025 16:58:11 [TestNG-test=User Add Product Test-1] LogUtils - Get text of element: By.xpath: //span[normalize-space()='Clear Cache'] || ==> Text Return: Clear Cache
[INFO] 10-07-2025 16:58:11 [TestNG-test=User Add Product Test-1] LogUtils - Click on element By.xpath: //ul[@id='main-menu']//span[normalize-space()='Products']
[INFO] 10-07-2025 16:58:13 [TestNG-test=User Add Product Test-1] LogUtils - Click on element By.xpath: //span[normalize-space()='Add New Product']
[INFO] 10-07-2025 16:58:13 [TestNG-test=User Add Product Test-1] LogUtils - Get current url: https://cms.anhtester.com/admin/products/create
[INFO] 10-07-2025 16:58:13 [TestNG-test=User Add Product Test-1] LogUtils - Get text of element: By.xpath: //h5[normalize-space()='Add New Product'] || ==> Text Return: Add New Product
[INFO] 10-07-2025 16:58:13 [TestNG-test=User Add Product Test-1] LogUtils - checkElementExist: true --- By.xpath: //h5[normalize-space()='Product Information']
[INFO] 10-07-2025 16:58:13 [TestNG-test=User Add Product Test-1] LogUtils - checkElementExist: true --- By.xpath: //h5[normalize-space()='Add New Product']
[INFO] 10-07-2025 16:58:13 [TestNG-test=User Add Product Test-1] LogUtils - Verify add new product page successfully
[INFO] 10-07-2025 16:58:13 [TestNG-test=User Add Product Test-1] LogUtils - Clear text on element By.xpath: //input[@name='name']
[INFO] 10-07-2025 16:58:14 [TestNG-test=User Add Product Test-1] LogUtils - Set text [Laptop Asus] on element: By.xpath: //input[@name='name']
[INFO] 10-07-2025 16:58:14 [TestNG-test=User Add Product Test-1] LogUtils - Click on element By.xpath: //button[@data-id='category_id']
[INFO] 10-07-2025 16:58:14 [TestNG-test=User Add Product Test-1] LogUtils - Set text [Laptop] on element: By.xpath: //button[@data-id='category_id']/following-sibling::div//input
[INFO] 10-07-2025 16:58:15 [TestNG-test=User Add Product Test-1] LogUtils - Click on element By.xpath: (//div[@id='bs-select-1']//li)[1]
[INFO] 10-07-2025 16:58:15 [TestNG-test=User Add Product Test-1] LogUtils - Click on element By.xpath: //button[@data-id='brand_id']
[INFO] 10-07-2025 16:58:15 [TestNG-test=User Add Product Test-1] LogUtils - Set text [Asus] on element: By.xpath: //button[@data-id='brand_id']/following-sibling::div//input
[INFO] 10-07-2025 16:58:16 [TestNG-test=User Add Product Test-1] LogUtils - Click on element By.xpath: (//div[@id='bs-select-2']//li)[1]
[INFO] 10-07-2025 16:58:16 [TestNG-test=User Add Product Test-1] LogUtils - Clear text on element By.xpath: //input[@name='unit']
[INFO] 10-07-2025 16:58:16 [TestNG-test=User Add Product Test-1] LogUtils - Set text [PC] on element: By.xpath: //input[@name='unit']
[INFO] 10-07-2025 16:58:17 [TestNG-test=User Add Product Test-1] LogUtils - Clear text on element By.xpath: //input[@name='weight']
[INFO] 10-07-2025 16:58:17 [TestNG-test=User Add Product Test-1] LogUtils - Set text [5] on element: By.xpath: //input[@name='weight']
[INFO] 10-07-2025 16:58:17 [TestNG-test=User Add Product Test-1] LogUtils - Set text [laptop asus] on element: By.xpath: //tags[@role='tagslist']
[INFO] 10-07-2025 16:58:18 [TestNG-test=User Add Product Test-1] LogUtils - Click on element By.xpath: //label[@for='signinSrEmail' and contains(normalize-space(), 'Gallery Images ')]/following-sibling::div/div
[INFO] 10-07-2025 16:58:20 [TestNG-test=User Add Product Test-1] LogUtils - Click on element By.xpath: //a[normalize-space()='Upload New']
[INFO] 10-07-2025 16:58:20 [TestNG-test=User Add Product Test-1] LogUtils - Click on element By.xpath: //button[normalize-space()='Browse']
[INFO] 10-07-2025 16:58:22 [TestNG-test=User Add Product Test-1] LogUtils - 📁 File path để upload: D:\LearnAutomationTest\EcommerceAutomationTesting\src\test\resources\datatest\laptop_asus.webp
[INFO] 10-07-2025 16:58:22 [TestNG-test=User Add Product Test-1] LogUtils - 📋 Đã copy đường dẫn file vào clipboard
[INFO] 10-07-2025 16:58:23 [TestNG-test=User Add Product Test-1] LogUtils - ⌨️ Đã thực hiện Ctrl + V
[INFO] 10-07-2025 16:58:25 [TestNG-test=User Add Product Test-1] LogUtils - ⏎ Đã nhấn Enter để xác nhận chọn file
[INFO] 10-07-2025 16:58:27 [TestNG-test=User Add Product Test-1] LogUtils - Click on element By.xpath: //a[normalize-space()='Select File']
[INFO] 10-07-2025 16:58:28 [TestNG-test=User Add Product Test-1] LogUtils - Click element with JavaScript: By.xpath: (//div[@title='laptop_asus.webp'])[31]
[INFO] 10-07-2025 16:58:29 [TestNG-test=User Add Product Test-1] LogUtils - Click on element By.xpath: //button[normalize-space()='Add Files']
[INFO] 10-07-2025 16:58:29 [TestNG-test=User Add Product Test-1] LogUtils - ✅ Upload file thành công và đã xác nhận trong UI
[INFO] 10-07-2025 16:58:30 [TestNG-test=User Add Product Test-1] LogUtils - Click on element By.xpath: //label[@for='signinSrEmail' and contains(normalize-space(), 'Thumbnail Image ')]/following-sibling::div/div[@data-type='image']
[INFO] 10-07-2025 16:58:33 [TestNG-test=User Add Product Test-1] LogUtils - Click on element By.xpath: //a[normalize-space()='Upload New']
[INFO] 10-07-2025 16:58:33 [TestNG-test=User Add Product Test-1] LogUtils - Click on element By.xpath: //button[normalize-space()='Browse']
[INFO] 10-07-2025 16:58:35 [TestNG-test=User Add Product Test-1] LogUtils - 📁 File path để upload: D:\LearnAutomationTest\EcommerceAutomationTesting\src\test\resources\datatest\laptop_asus.webp
[INFO] 10-07-2025 16:58:35 [TestNG-test=User Add Product Test-1] LogUtils - 📋 Đã copy đường dẫn file vào clipboard
[INFO] 10-07-2025 16:58:36 [TestNG-test=User Add Product Test-1] LogUtils - ⌨️ Đã thực hiện Ctrl + V
[INFO] 10-07-2025 16:58:37 [TestNG-test=User Add Product Test-1] LogUtils - ⏎ Đã nhấn Enter để xác nhận chọn file
[INFO] 10-07-2025 16:58:39 [TestNG-test=User Add Product Test-1] LogUtils - Click on element By.xpath: //a[normalize-space()='Select File']
[INFO] 10-07-2025 16:58:41 [TestNG-test=User Add Product Test-1] LogUtils - Click element with JavaScript: By.xpath: (//div[@title='laptop_asus.webp'])[33]
[INFO] 10-07-2025 16:58:41 [TestNG-test=User Add Product Test-1] LogUtils - Click on element By.xpath: //button[normalize-space()='Add Files']
[INFO] 10-07-2025 16:58:41 [TestNG-test=User Add Product Test-1] LogUtils - ✅ Upload file thành công và đã xác nhận trong UI
[INFO] 10-07-2025 16:58:42 [TestNG-test=User Add Product Test-1] LogUtils - Click on element By.xpath: //button[@data-id='colors']/parent::div/parent::div/following-sibling::div/label
[INFO] 10-07-2025 16:58:43 [TestNG-test=User Add Product Test-1] LogUtils - Click on element By.xpath: //button[@data-id='colors']
[INFO] 10-07-2025 16:58:43 [TestNG-test=User Add Product Test-1] LogUtils - Clear text on element By.xpath: //button[@data-id='colors']/following-sibling::div//input
[INFO] 10-07-2025 16:58:43 [TestNG-test=User Add Product Test-1] LogUtils - Set text [Aqua] on element: By.xpath: //button[@data-id='colors']/following-sibling::div//input
[INFO] 10-07-2025 16:58:44 [TestNG-test=User Add Product Test-1] LogUtils - Click on element By.xpath: (//button[@data-id='colors']/following-sibling::div//ul/li)[1]
[INFO] 10-07-2025 16:58:44 [TestNG-test=User Add Product Test-1] LogUtils - Click on element By.xpath: //h5[normalize-space()='Product Variation']
[INFO] 10-07-2025 16:58:45 [TestNG-test=User Add Product Test-1] LogUtils - Clear text on element By.xpath: //input[@name='unit_price']
[INFO] 10-07-2025 16:58:46 [TestNG-test=User Add Product Test-1] LogUtils - Set text [3000] on element: By.xpath: //input[@name='unit_price']
[INFO] 10-07-2025 16:58:47 [TestNG-test=User Add Product Test-1] LogUtils - Clear text on element By.xpath: //input[@name='qty_Aqua']
[INFO] 10-07-2025 16:58:47 [TestNG-test=User Add Product Test-1] LogUtils - Set text [500] on element: By.xpath: //input[@name='qty_Aqua']
[INFO] 10-07-2025 16:58:47 [TestNG-test=User Add Product Test-1] LogUtils - Clear text on element By.xpath: //input[@name='price_Aqua']
[INFO] 10-07-2025 16:58:48 [TestNG-test=User Add Product Test-1] LogUtils - Set text [3000] on element: By.xpath: //input[@name='price_Aqua']
[INFO] 10-07-2025 16:58:50 [TestNG-test=User Add Product Test-1] LogUtils - Set text [Laptop asus vừa mạnh vừa đẹp] on element: By.xpath: //div[@role='textbox']
[INFO] 10-07-2025 16:58:50 [TestNG-test=User Add Product Test-1] LogUtils - 📝 Product Name: Laptop Asus
[INFO] 10-07-2025 16:58:50 [TestNG-test=User Add Product Test-1] LogUtils - 📂 Category: Laptop
[INFO] 10-07-2025 16:58:50 [TestNG-test=User Add Product Test-1] LogUtils - 🏷️ Brand: Asus
[INFO] 10-07-2025 16:58:50 [TestNG-test=User Add Product Test-1] LogUtils - 📏 Unit: PC
[INFO] 10-07-2025 16:58:50 [TestNG-test=User Add Product Test-1] LogUtils - ⚖️ Weight: 5
[INFO] 10-07-2025 16:58:50 [TestNG-test=User Add Product Test-1] LogUtils - 🔖 Tag: laptop asus
[INFO] 10-07-2025 16:58:50 [TestNG-test=User Add Product Test-1] LogUtils - 💵 Price: 3000
[INFO] 10-07-2025 16:58:50 [TestNG-test=User Add Product Test-1] LogUtils - 💵 Color: Aqua
[INFO] 10-07-2025 16:58:50 [TestNG-test=User Add Product Test-1] LogUtils - 📦 Quantity: 500
[INFO] 10-07-2025 16:58:50 [TestNG-test=User Add Product Test-1] LogUtils - 🧾 Description: Laptop asus vừa mạnh vừa đẹp
[INFO] 10-07-2025 16:58:50 [TestNG-test=User Add Product Test-1] LogUtils - 🖼️ Image path: laptop_asus.webp
[INFO] 10-07-2025 16:58:51 [TestNG-test=User Add Product Test-1] LogUtils - Click on element By.xpath: //button[normalize-space()='Save & Publish']
[INFO] 10-07-2025 16:58:53 [TestNG-test=User Add Product Test-1] LogUtils - Get text of element: By.xpath: //span[normalize-space()='Product has been inserted successfully'] || ==> Text Return: Product has been inserted successfully
[INFO] 10-07-2025 16:58:53 [TestNG-test=User Add Product Test-1] LogUtils - checkElementExist: true --- By.xpath: //span[normalize-space()='Product has been inserted successfully']
[INFO] 10-07-2025 16:58:53 [TestNG-test=User Add Product Test-1] LogUtils - Get current url: https://cms.anhtester.com/admin/products/admin
[INFO] 10-07-2025 16:58:53 [TestNG-test=User Add Product Test-1] LogUtils - 🔍 Tìm kiếm với từ khóa [Laptop Asus] bằng element: By.xpath: //input[@id='search']
[INFO] 10-07-2025 16:58:55 [TestNG-test=User Add Product Test-1] LogUtils - Get text of element: By.xpath: (//tbody/tr)[1]/td[2]//span || ==> Text Return: Laptop Asus
[INFO] 10-07-2025 16:58:55 [TestNG-test=User Add Product Test-1] LogUtils - checkElementExist: true --- By.xpath: //h5[normalize-space()='All Product']
[INFO] 10-07-2025 16:58:55 [TestNG-test=User Add Product Test-1] LogUtils - Get text of element: By.xpath: //h5[normalize-space()='All Product'] || ==> Text Return: All Product
[INFO] 10-07-2025 16:58:55 [TestNG-test=User Add Product Test-1] LogUtils - ✅ Verify add new product successfully !
[INFO] 10-07-2025 16:58:55 [TestNG-test=User Add Product Test-1] LogUtils - Get attribute of element By.xpath: (//a[@title='View'])[1]
[INFO] 10-07-2025 16:58:55 [TestNG-test=User Add Product Test-1] LogUtils - ==> Attribute value: https://cms.anhtester.com/product/laptop-asus-5
[INFO] 10-07-2025 16:58:55 [TestNG-test=User Add Product Test-1] LogUtils - Click on element By.xpath: (//a[@title='View'])[1]
[INFO] 10-07-2025 16:58:56 [TestNG-test=User Add Product Test-1] LogUtils - ✅ Switched to new tab with URL: https://cms.anhtester.com/product/laptop-asus-5
[INFO] 10-07-2025 16:58:56 [TestNG-test=User Add Product Test-1] LogUtils - start verifyProductDetailPage
[INFO] 10-07-2025 16:58:56 [TestNG-test=User Add Product Test-1] LogUtils - Get current url: https://cms.anhtester.com/product/laptop-asus-5
[INFO] 10-07-2025 16:58:56 [TestNG-test=User Add Product Test-1] LogUtils - currentURL verify product detail page: https://cms.anhtester.com/product/laptop-asus-5
[INFO] 10-07-2025 16:58:56 [TestNG-test=User Add Product Test-1] LogUtils - href expected verify product detail page: https://cms.anhtester.com/product/laptop-asus-5
[INFO] 10-07-2025 16:58:56 [TestNG-test=User Add Product Test-1] LogUtils - title verify product detail page: Laptop Asus
[INFO] 10-07-2025 16:58:56 [TestNG-test=User Add Product Test-1] LogUtils - Get text of element: By.xpath: //div[@class='text-left']/h1 || ==> Text Return: Laptop Asus
[INFO] 10-07-2025 16:58:56 [TestNG-test=User Add Product Test-1] LogUtils - href expected verify product detail page: https://cms.anhtester.com/product/laptop-asus-5
[INFO] 10-07-2025 16:58:56 [TestNG-test=User Add Product Test-1] LogUtils - title verify product detail page: Laptop Asus
[INFO] 10-07-2025 16:58:56 [TestNG-test=User Add Product Test-1] LogUtils - Get text of element: By.xpath: //div[@class='text-left']/h1 || ==> Text Return: Laptop Asus
[INFO] 10-07-2025 16:58:56 [TestNG-test=User Add Product Test-1] LogUtils - Get text of element: By.xpath: (//div[@class='text-left']//strong)[1] || ==> Text Return: $3,000.00
[INFO] 10-07-2025 16:58:56 [TestNG-test=User Add Product Test-1] LogUtils - Get text of element: By.xpath: (//div[@class='text-left']//strong)[1]/following-sibling::span || ==> Text Return: /PC
[INFO] 10-07-2025 16:58:56 [TestNG-test=User Add Product Test-1] LogUtils - Get text of element: By.xpath: //span[@id='available-quantity'] || ==> Text Return: 500
[INFO] 10-07-2025 16:58:56 [TestNG-test=User Add Product Test-1] LogUtils - Get text of element: By.xpath: //div[@id='tab_default_1']//p || ==> Text Return: Laptop asus vừa mạnh vừa đẹp
[INFO] 10-07-2025 16:58:56 [TestNG-test=User Add Product Test-1] LogUtils - 🔍 nameProduct UI: Laptop Asus | expected: Laptop Asus
[INFO] 10-07-2025 16:58:56 [TestNG-test=User Add Product Test-1] LogUtils - 🔍 priceProduct UI: 3000 | expected: 3000
[INFO] 10-07-2025 16:58:56 [TestNG-test=User Add Product Test-1] LogUtils - 🔍 unitProduct UI: PC | expected: PC
[INFO] 10-07-2025 16:58:56 [TestNG-test=User Add Product Test-1] LogUtils - 🔍 quantityProduct UI: 500 | expected: 500
[INFO] 10-07-2025 16:58:56 [TestNG-test=User Add Product Test-1] LogUtils - 🔍 descriptionProduct UI: Laptop asus vừa mạnh vừa đẹp | expected: Laptop asus vừa mạnh vừa đẹp
[INFO] 10-07-2025 16:58:56 [TestNG-test=User Add Product Test-1] LogUtils - ✅ Verify info product detail with excel data successfully !
[INFO] 10-07-2025 16:58:59 [TestNG-test=User Add Product Test-1] LogUtils - ✅ Đây là Test case chạy thành công: testAdminCheckDetailProduct
[INFO] 10-07-2025 16:59:01 [main] LogUtils - ⭐️ Total test: 9
[INFO] 10-07-2025 16:59:01 [main] LogUtils - ⭐️ Passed: 9
[INFO] 10-07-2025 16:59:01 [main] LogUtils - ⭐️ Failed: 0
[INFO] 10-07-2025 16:59:01 [main] LogUtils - ⭐️ Skipped: 0
[INFO] 10-07-2025 16:59:01 [main] LogUtils - 🟢 Kết thúc toàn bộ suite: User Add Product Test
[INFO] 10-07-2025 16:59:04 [main] LogUtils - ✅ Email with attachments sent!
[INFO] 10-07-2025 17:12:24 [main] LogUtils - ⚙\uFE0F Thời gian chạy toàn bộ test:Thu Jul 10 17:12:23 ICT 2025
[INFO] 10-07-2025 17:12:25 [main] LogUtils - ⚙️ Bắt đầu test suite cho class: UserLoginTest
[INFO] 10-07-2025 17:12:27 [TestNG-test=User Login Test-2] LogUtils - Login Data from Excel: [[Ljava.lang.Object;@7a8d0d52
[INFO] 10-07-2025 17:12:27 [TestNG-test=User Login Test-1] LogUtils - Login Data from Excel: [[Ljava.lang.Object;@4d708cf9
[INFO] 10-07-2025 17:12:27 [TestNG-test=User Login Test-3] LogUtils - Login Data from Excel: [[Ljava.lang.Object;@3dc141bd
[INFO] 10-07-2025 17:12:31 [TestNG-test=User Login Test-1] LogUtils - Run with Edge browser
[INFO] 10-07-2025 17:12:31 [TestNG-test=User Login Test-2] LogUtils - Run with Edge browser
[INFO] 10-07-2025 17:12:31 [TestNG-test=User Login Test-3] LogUtils - Run with Edge browser
[INFO] 10-07-2025 17:12:31 [TestNG-test=User Login Test-3] LogUtils - Bắt đầu chạy test: testUserLoginPageFailWithInvalidPassword
[INFO] 10-07-2025 17:12:31 [TestNG-test=User Login Test-2] LogUtils - Bắt đầu chạy test: testUserLoginPageFailWithInvalidEmail
[INFO] 10-07-2025 17:12:31 [TestNG-test=User Login Test-1] LogUtils - Bắt đầu chạy test: testUserLoginPageSuccess
[INFO] 10-07-2025 17:12:34 [TestNG-test=User Login Test-2] LogUtils - 🌐 Open URL: https://cms.anhtester.com/
[INFO] 10-07-2025 17:12:34 [TestNG-test=User Login Test-2] LogUtils - checkElementExist: true --- By.xpath: //b[normalize-space()='Website Demo']
[INFO] 10-07-2025 17:12:34 [TestNG-test=User Login Test-1] LogUtils - 🌐 Open URL: https://cms.anhtester.com/
[INFO] 10-07-2025 17:12:34 [TestNG-test=User Login Test-1] LogUtils - checkElementExist: true --- By.xpath: //b[normalize-space()='Website Demo']
[INFO] 10-07-2025 17:12:35 [TestNG-test=User Login Test-2] LogUtils - Click on element By.xpath: //b[normalize-space()='Website Demo']/following::button[@data-value='removed']
[INFO] 10-07-2025 17:12:35 [TestNG-test=User Login Test-1] LogUtils - Click on element By.xpath: //b[normalize-space()='Website Demo']/following::button[@data-value='removed']
[INFO] 10-07-2025 17:12:36 [TestNG-test=User Login Test-3] LogUtils - 🌐 Open URL: https://cms.anhtester.com/
[INFO] 10-07-2025 17:12:36 [TestNG-test=User Login Test-3] LogUtils - checkElementExist: true --- By.xpath: //b[normalize-space()='Website Demo']
[INFO] 10-07-2025 17:12:36 [TestNG-test=User Login Test-2] LogUtils - Click on element By.xpath: (//a[normalize-space()='Login'])[1]
[INFO] 10-07-2025 17:12:36 [TestNG-test=User Login Test-2] LogUtils - checkElementExist: true --- By.xpath: //a[contains(normalize-space(), 'Forgot password')]
[INFO] 10-07-2025 17:12:36 [TestNG-test=User Login Test-1] LogUtils - Click on element By.xpath: (//a[normalize-space()='Login'])[1]
[INFO] 10-07-2025 17:12:37 [TestNG-test=User Login Test-1] LogUtils - checkElementExist: true --- By.xpath: //a[contains(normalize-space(), 'Forgot password')]
[INFO] 10-07-2025 17:12:37 [TestNG-test=User Login Test-3] LogUtils - Click on element By.xpath: //b[normalize-space()='Website Demo']/following::button[@data-value='removed']
[INFO] 10-07-2025 17:12:37 [TestNG-test=User Login Test-2] LogUtils - Clear text on element By.xpath: //input[@id='email']
[INFO] 10-07-2025 17:12:37 [TestNG-test=User Login Test-1] LogUtils - Clear text on element By.xpath: //input[@id='email']
[INFO] 10-07-2025 17:12:37 [TestNG-test=User Login Test-2] LogUtils - Set text [customer123@example.com] on element: By.xpath: //input[@id='email']
[INFO] 10-07-2025 17:12:37 [TestNG-test=User Login Test-1] LogUtils - Set text [customer@example.com] on element: By.xpath: //input[@id='email']
[INFO] 10-07-2025 17:12:37 [TestNG-test=User Login Test-2] LogUtils - Clear text on element By.xpath: //input[@id='password']
[INFO] 10-07-2025 17:12:38 [TestNG-test=User Login Test-3] LogUtils - Click on element By.xpath: (//a[normalize-space()='Login'])[1]
[INFO] 10-07-2025 17:12:38 [TestNG-test=User Login Test-3] LogUtils - checkElementExist: true --- By.xpath: //a[contains(normalize-space(), 'Forgot password')]
[INFO] 10-07-2025 17:12:38 [TestNG-test=User Login Test-1] LogUtils - Clear text on element By.xpath: //input[@id='password']
[INFO] 10-07-2025 17:12:38 [TestNG-test=User Login Test-2] LogUtils - Set text [123456] on element: By.xpath: //input[@id='password']
[INFO] 10-07-2025 17:12:38 [TestNG-test=User Login Test-1] LogUtils - Set text [123456] on element: By.xpath: //input[@id='password']
[INFO] 10-07-2025 17:12:38 [TestNG-test=User Login Test-3] LogUtils - Clear text on element By.xpath: //input[@id='email']
[INFO] 10-07-2025 17:12:38 [TestNG-test=User Login Test-1] LogUtils - Click on element By.xpath: //button[normalize-space()='Login']
[INFO] 10-07-2025 17:12:39 [TestNG-test=User Login Test-3] LogUtils - Set text [customer@example.com] on element: By.xpath: //input[@id='email']
[INFO] 10-07-2025 17:12:39 [TestNG-test=User Login Test-3] LogUtils - Clear text on element By.xpath: //input[@id='password']
[INFO] 10-07-2025 17:12:39 [TestNG-test=User Login Test-2] LogUtils - Click on element By.xpath: //button[normalize-space()='Login']
[INFO] 10-07-2025 17:12:39 [TestNG-test=User Login Test-3] LogUtils - Set text [123] on element: By.xpath: //input[@id='password']
[INFO] 10-07-2025 17:12:40 [TestNG-test=User Login Test-3] LogUtils - Click on element By.xpath: //button[normalize-space()='Login']
[INFO] 10-07-2025 17:12:41 [TestNG-test=User Login Test-1] LogUtils - checkElementExist: true --- By.xpath: (//span[normalize-space()='Dashboard'])[1]
[INFO] 10-07-2025 17:12:41 [TestNG-test=User Login Test-1] LogUtils - Verify login success !
[INFO] 10-07-2025 17:12:41 [TestNG-test=User Login Test-1] LogUtils - ✅ Đây là Test case chạy thành công: testUserLoginPageSuccess
[INFO] 10-07-2025 17:12:41 [TestNG-test=User Login Test-2] LogUtils - Get text of element: By.xpath: //span[contains(normalize-space(), 'Invalid login')] || ==> Text Return: Invalid login credentials
[INFO] 10-07-2025 17:12:41 [TestNG-test=User Login Test-2] LogUtils - Verify login fail success !
[INFO] 10-07-2025 17:12:41 [TestNG-test=User Login Test-2] LogUtils - ✅ Đây là Test case chạy thành công: testUserLoginPageFailWithInvalidEmail
[INFO] 10-07-2025 17:12:42 [TestNG-test=User Login Test-3] LogUtils - Get text of element: By.xpath: //span[contains(normalize-space(), 'Invalid login')] || ==> Text Return: Invalid login credentials
[INFO] 10-07-2025 17:12:42 [TestNG-test=User Login Test-3] LogUtils - Verify login fail success !
[INFO] 10-07-2025 17:12:42 [TestNG-test=User Login Test-3] LogUtils - ✅ Đây là Test case chạy thành công: testUserLoginPageFailWithInvalidPassword
[INFO] 10-07-2025 17:12:43 [main] LogUtils - ⭐️ Total test: 3
[INFO] 10-07-2025 17:12:43 [main] LogUtils - ⭐️ Passed: 3
[INFO] 10-07-2025 17:12:43 [main] LogUtils - ⭐️ Failed: 0
[INFO] 10-07-2025 17:12:43 [main] LogUtils - ⭐️ Skipped: 0
[INFO] 10-07-2025 17:12:43 [main] LogUtils - 🟢 Kết thúc toàn bộ suite: User Login Test
[INFO] 10-07-2025 17:12:47 [main] LogUtils - ✅ Email with attachments sent!
[INFO] 10-07-2025 17:12:48 [main] LogUtils - ⚙\uFE0F Thời gian chạy toàn bộ test:Thu Jul 10 17:12:48 ICT 2025
[INFO] 10-07-2025 17:12:48 [main] LogUtils - ⚙️ Bắt đầu test suite cho class: UserUpdateProfileTest
[INFO] 10-07-2025 17:12:49 [main] LogUtils - Run with Edge browser
[INFO] 10-07-2025 17:12:49 [main] LogUtils - Bắt đầu chạy test: testUpdateUserWithAddNewName
[INFO] 10-07-2025 17:12:51 [main] LogUtils - 🌐 Open URL: https://cms.anhtester.com/
[INFO] 10-07-2025 17:12:51 [main] LogUtils - checkElementExist: true --- By.xpath: //b[normalize-space()='Website Demo']
[INFO] 10-07-2025 17:12:52 [main] LogUtils - Click on element By.xpath: //b[normalize-space()='Website Demo']/following::button[@data-value='removed']
[INFO] 10-07-2025 17:12:53 [main] LogUtils - Click on element By.xpath: (//a[normalize-space()='Login'])[1]
[INFO] 10-07-2025 17:12:53 [main] LogUtils - checkElementExist: true --- By.xpath: //a[contains(normalize-space(), 'Forgot password')]
[INFO] 10-07-2025 17:12:53 [main] LogUtils - Clear text on element By.xpath: //input[@id='email']
[INFO] 10-07-2025 17:12:54 [main] LogUtils - Set text [customer@example.com] on element: By.xpath: //input[@id='email']
[INFO] 10-07-2025 17:12:54 [main] LogUtils - Clear text on element By.xpath: //input[@id='password']
[INFO] 10-07-2025 17:12:54 [main] LogUtils - Set text [123456] on element: By.xpath: //input[@id='password']
[INFO] 10-07-2025 17:12:56 [main] LogUtils - Click on element By.xpath: //button[normalize-space()='Login']
[INFO] 10-07-2025 17:12:56 [main] LogUtils - checkElementExist: true --- By.xpath: (//span[normalize-space()='Dashboard'])[1]
[INFO] 10-07-2025 17:12:56 [main] LogUtils - Verify login success !
[INFO] 10-07-2025 17:12:57 [main] LogUtils - checkElementExist: true --- By.xpath: (//span[normalize-space()='Manage Profile'])[1]
[INFO] 10-07-2025 17:12:58 [main] LogUtils - Click on element By.xpath: (//span[normalize-space()='Manage Profile'])[1]
[INFO] 10-07-2025 17:12:58 [main] LogUtils - Get current url: https://cms.anhtester.com/profile
[INFO] 10-07-2025 17:12:58 [main] LogUtils - checkElementExist: true --- By.xpath: //button[normalize-space()='Update Profile']
[INFO] 10-07-2025 17:12:58 [main] LogUtils - checkElementExist: true --- By.xpath: //input[@placeholder='Your name' and @name='name']
[INFO] 10-07-2025 17:12:58 [main] LogUtils - Get attribute of element By.xpath: //input[@placeholder='Your name' and @name='name']
[INFO] 10-07-2025 17:12:58 [main] LogUtils - ==> Attribute value: User Test
[INFO] 10-07-2025 17:12:59 [main] LogUtils - Clear text on element By.xpath: //input[@placeholder='Your name' and @name='name']
[INFO] 10-07-2025 17:12:59 [main] LogUtils - Set text [User Test Hoàng] on element: By.xpath: //input[@placeholder='Your name' and @name='name']
[INFO] 10-07-2025 17:12:59 [main] LogUtils - checkElementExist: true --- By.xpath: //button[normalize-space()='Update Profile']
[INFO] 10-07-2025 17:13:01 [main] LogUtils - Click on element By.xpath: //button[normalize-space()='Update Profile']
[INFO] 10-07-2025 17:13:02 [main] LogUtils - checkElementExist: true --- By.xpath: //input[@placeholder='Your name' and @name='name']
[INFO] 10-07-2025 17:13:02 [main] LogUtils - Get attribute of element By.xpath: //input[@placeholder='Your name' and @name='name']
[INFO] 10-07-2025 17:13:02 [main] LogUtils - ==> Attribute value: User Test Hoàng
[INFO] 10-07-2025 17:13:02 [main] LogUtils - checkElementExist: true --- By.xpath: //span[contains(normalize-space(), 'updated successfully')]
[INFO] 10-07-2025 17:13:02 [main] LogUtils - verifyUpdateUserProfileSuccess: profile updated successfully!
[INFO] 10-07-2025 17:13:02 [main] LogUtils - checkElementExist: true --- By.xpath: //span[contains(normalize-space(), 'updated successfully')]
[INFO] 10-07-2025 17:13:02 [main] LogUtils - verifyUpdateUserProfileSuccess: profile updated successfully!
[INFO] 10-07-2025 17:13:02 [main] LogUtils - ✅ Đây là Test case chạy thành công: testUpdateUserWithAddNewName
[INFO] 10-07-2025 17:13:04 [main] LogUtils - Run with Edge browser
[INFO] 10-07-2025 17:13:04 [main] LogUtils - Bắt đầu chạy test: testUpdateUserWithChangeValue
[INFO] 10-07-2025 17:13:06 [main] LogUtils - 🌐 Open URL: https://cms.anhtester.com/
[INFO] 10-07-2025 17:13:06 [main] LogUtils - checkElementExist: true --- By.xpath: //b[normalize-space()='Website Demo']
[INFO] 10-07-2025 17:13:07 [main] LogUtils - Click on element By.xpath: //b[normalize-space()='Website Demo']/following::button[@data-value='removed']
[INFO] 10-07-2025 17:13:08 [main] LogUtils - Click on element By.xpath: (//a[normalize-space()='Login'])[1]
[INFO] 10-07-2025 17:13:08 [main] LogUtils - checkElementExist: true --- By.xpath: //a[contains(normalize-space(), 'Forgot password')]
[INFO] 10-07-2025 17:13:08 [main] LogUtils - Clear text on element By.xpath: //input[@id='email']
[INFO] 10-07-2025 17:13:09 [main] LogUtils - Set text [customer@example.com] on element: By.xpath: //input[@id='email']
[INFO] 10-07-2025 17:13:09 [main] LogUtils - Clear text on element By.xpath: //input[@id='password']
[INFO] 10-07-2025 17:13:09 [main] LogUtils - Set text [123456] on element: By.xpath: //input[@id='password']
[INFO] 10-07-2025 17:13:11 [main] LogUtils - Click on element By.xpath: //button[normalize-space()='Login']
[INFO] 10-07-2025 17:13:11 [main] LogUtils - checkElementExist: true --- By.xpath: (//span[normalize-space()='Dashboard'])[1]
[INFO] 10-07-2025 17:13:11 [main] LogUtils - Verify login success !
[INFO] 10-07-2025 17:13:12 [main] LogUtils - checkElementExist: true --- By.xpath: (//span[normalize-space()='Manage Profile'])[1]
[INFO] 10-07-2025 17:13:14 [main] LogUtils - Click on element By.xpath: (//span[normalize-space()='Manage Profile'])[1]
[INFO] 10-07-2025 17:13:14 [main] LogUtils - Get current url: https://cms.anhtester.com/profile
[INFO] 10-07-2025 17:13:14 [main] LogUtils - checkElementExist: true --- By.xpath: //button[normalize-space()='Update Profile']
[INFO] 10-07-2025 17:13:14 [main] LogUtils - checkElementExist: true --- By.xpath: //input[@placeholder='Your name' and @name='name']
[INFO] 10-07-2025 17:13:14 [main] LogUtils - Get attribute of element By.xpath: //input[@placeholder='Your name' and @name='name']
[INFO] 10-07-2025 17:13:14 [main] LogUtils - ==> Attribute value: User Test Hoàng
[INFO] 10-07-2025 17:13:14 [main] LogUtils - Clear text on element By.xpath: //input[@placeholder='Your name' and @name='name']
[INFO] 10-07-2025 17:13:15 [main] LogUtils - Set text [User Test Tài] on element: By.xpath: //input[@placeholder='Your name' and @name='name']
[INFO] 10-07-2025 17:13:15 [main] LogUtils - checkElementExist: true --- By.xpath: //button[normalize-space()='Update Profile']
[INFO] 10-07-2025 17:13:16 [main] LogUtils - Click on element By.xpath: //button[normalize-space()='Update Profile']
[INFO] 10-07-2025 17:13:17 [main] LogUtils - checkElementExist: true --- By.xpath: //input[@placeholder='Your name' and @name='name']
[INFO] 10-07-2025 17:13:17 [main] LogUtils - Get attribute of element By.xpath: //input[@placeholder='Your name' and @name='name']
[INFO] 10-07-2025 17:13:17 [main] LogUtils - ==> Attribute value: User Test Tài
[INFO] 10-07-2025 17:13:17 [main] LogUtils - checkElementExist: true --- By.xpath: //span[contains(normalize-space(), 'updated successfully')]
[INFO] 10-07-2025 17:13:17 [main] LogUtils - verifyUpdateUserProfileSuccess: profile updated successfully!
[INFO] 10-07-2025 17:13:17 [main] LogUtils - checkElementExist: true --- By.xpath: //span[contains(normalize-space(), 'updated successfully')]
[INFO] 10-07-2025 17:13:17 [main] LogUtils - verifyUpdateUserProfileSuccess: profile updated successfully!
[INFO] 10-07-2025 17:13:17 [main] LogUtils - ✅ Đây là Test case chạy thành công: testUpdateUserWithChangeValue
[INFO] 10-07-2025 17:13:20 [main] LogUtils - Run with Edge browser
[INFO] 10-07-2025 17:13:20 [main] LogUtils - Bắt đầu chạy test: testUpdateUserWithDeletePart
[INFO] 10-07-2025 17:13:22 [main] LogUtils - 🌐 Open URL: https://cms.anhtester.com/
[INFO] 10-07-2025 17:13:22 [main] LogUtils - checkElementExist: true --- By.xpath: //b[normalize-space()='Website Demo']
[INFO] 10-07-2025 17:13:23 [main] LogUtils - Click on element By.xpath: //b[normalize-space()='Website Demo']/following::button[@data-value='removed']
[INFO] 10-07-2025 17:13:25 [main] LogUtils - Click on element By.xpath: (//a[normalize-space()='Login'])[1]
[INFO] 10-07-2025 17:13:25 [main] LogUtils - checkElementExist: true --- By.xpath: //a[contains(normalize-space(), 'Forgot password')]
[INFO] 10-07-2025 17:13:25 [main] LogUtils - Clear text on element By.xpath: //input[@id='email']
[INFO] 10-07-2025 17:13:26 [main] LogUtils - Set text [customer@example.com] on element: By.xpath: //input[@id='email']
[INFO] 10-07-2025 17:13:26 [main] LogUtils - Clear text on element By.xpath: //input[@id='password']
[INFO] 10-07-2025 17:13:26 [main] LogUtils - Set text [123456] on element: By.xpath: //input[@id='password']
[INFO] 10-07-2025 17:13:28 [main] LogUtils - Click on element By.xpath: //button[normalize-space()='Login']
[INFO] 10-07-2025 17:13:28 [main] LogUtils - checkElementExist: true --- By.xpath: (//span[normalize-space()='Dashboard'])[1]
[INFO] 10-07-2025 17:13:28 [main] LogUtils - Verify login success !
[INFO] 10-07-2025 17:13:29 [main] LogUtils - checkElementExist: true --- By.xpath: (//span[normalize-space()='Manage Profile'])[1]
[INFO] 10-07-2025 17:13:30 [main] LogUtils - Click on element By.xpath: (//span[normalize-space()='Manage Profile'])[1]
[INFO] 10-07-2025 17:13:30 [main] LogUtils - Get current url: https://cms.anhtester.com/profile
[INFO] 10-07-2025 17:13:30 [main] LogUtils - checkElementExist: true --- By.xpath: //button[normalize-space()='Update Profile']
[INFO] 10-07-2025 17:13:30 [main] LogUtils - checkElementExist: true --- By.xpath: //input[@placeholder='Your name' and @name='name']
[INFO] 10-07-2025 17:13:30 [main] LogUtils - Get attribute of element By.xpath: //input[@placeholder='Your name' and @name='name']
[INFO] 10-07-2025 17:13:30 [main] LogUtils - ==> Attribute value: User Test Tài
[INFO] 10-07-2025 17:13:31 [main] LogUtils - Clear text on element By.xpath: //input[@placeholder='Your name' and @name='name']
[INFO] 10-07-2025 17:13:31 [main] LogUtils - Set text [User Test] on element: By.xpath: //input[@placeholder='Your name' and @name='name']
[INFO] 10-07-2025 17:13:31 [main] LogUtils - checkElementExist: true --- By.xpath: //button[normalize-space()='Update Profile']
[INFO] 10-07-2025 17:13:32 [main] LogUtils - Click on element By.xpath: //button[normalize-space()='Update Profile']
[INFO] 10-07-2025 17:13:33 [main] LogUtils - checkElementExist: true --- By.xpath: //input[@placeholder='Your name' and @name='name']
[INFO] 10-07-2025 17:13:33 [main] LogUtils - checkElementExist: true --- By.xpath: //span[contains(normalize-space(), 'updated successfully')]
[INFO] 10-07-2025 17:13:33 [main] LogUtils - verifyUpdateUserProfileSuccess: profile updated successfully!
[INFO] 10-07-2025 17:13:33 [main] LogUtils - ✅ Đây là Test case chạy thành công: testUpdateUserWithDeletePart
[INFO] 10-07-2025 17:13:34 [main] LogUtils - ⭐️ Total test: 6
[INFO] 10-07-2025 17:13:34 [main] LogUtils - ⭐️ Passed: 6
[INFO] 10-07-2025 17:13:34 [main] LogUtils - ⭐️ Failed: 0
[INFO] 10-07-2025 17:13:34 [main] LogUtils - ⭐️ Skipped: 0
[INFO] 10-07-2025 17:13:34 [main] LogUtils - 🟢 Kết thúc toàn bộ suite: Update User Profile Test
[INFO] 10-07-2025 17:13:38 [main] LogUtils - ✅ Email with attachments sent!
[INFO] 10-07-2025 17:13:38 [main] LogUtils - ⚙\uFE0F Thời gian chạy toàn bộ test:Thu Jul 10 17:13:38 ICT 2025
[INFO] 10-07-2025 17:13:38 [main] LogUtils - ⚙️ Bắt đầu test suite cho class: UserSetInfoProductToExcelTest
[INFO] 10-07-2025 17:13:40 [TestNG-test=Save Data Product To Excel Test-1] LogUtils - Run with Edge browser
[INFO] 10-07-2025 17:13:40 [TestNG-test=Save Data Product To Excel Test-1] LogUtils - Bắt đầu chạy test: testSetInfoProduct
[INFO] 10-07-2025 17:13:42 [TestNG-test=Save Data Product To Excel Test-1] LogUtils - 🌐 Open URL: https://cms.anhtester.com/
[INFO] 10-07-2025 17:13:42 [TestNG-test=Save Data Product To Excel Test-1] LogUtils - checkElementExist: true --- By.xpath: //b[normalize-space()='Website Demo']
[INFO] 10-07-2025 17:13:43 [TestNG-test=Save Data Product To Excel Test-1] LogUtils - Click on element By.xpath: //b[normalize-space()='Website Demo']/following::button[@data-value='removed']
[INFO] 10-07-2025 17:13:43 [TestNG-test=Save Data Product To Excel Test-1] LogUtils - Click on element By.xpath: (//a[normalize-space()='Login'])[1]
[INFO] 10-07-2025 17:13:44 [TestNG-test=Save Data Product To Excel Test-1] LogUtils - checkElementExist: true --- By.xpath: //a[contains(normalize-space(), 'Forgot password')]
[INFO] 10-07-2025 17:13:44 [TestNG-test=Save Data Product To Excel Test-1] LogUtils - Clear text on element By.xpath: //input[@id='email']
[INFO] 10-07-2025 17:13:44 [TestNG-test=Save Data Product To Excel Test-1] LogUtils - Set text [customer@example.com] on element: By.xpath: //input[@id='email']
[INFO] 10-07-2025 17:13:45 [TestNG-test=Save Data Product To Excel Test-1] LogUtils - Clear text on element By.xpath: //input[@id='password']
[INFO] 10-07-2025 17:13:45 [TestNG-test=Save Data Product To Excel Test-1] LogUtils - Set text [123456] on element: By.xpath: //input[@id='password']
[INFO] 10-07-2025 17:13:46 [TestNG-test=Save Data Product To Excel Test-1] LogUtils - Click on element By.xpath: //button[normalize-space()='Login']
[INFO] 10-07-2025 17:13:46 [TestNG-test=Save Data Product To Excel Test-1] LogUtils - checkElementExist: true --- By.xpath: (//span[normalize-space()='Dashboard'])[1]
[INFO] 10-07-2025 17:13:46 [TestNG-test=Save Data Product To Excel Test-1] LogUtils - Verify login success !
[INFO] 10-07-2025 17:13:47 [TestNG-test=Save Data Product To Excel Test-1] LogUtils - Clear text on element By.xpath: //input[@id='search' and @name='keyword']
[INFO] 10-07-2025 17:13:47 [TestNG-test=Save Data Product To Excel Test-1] LogUtils - Set text [Laptop asus] on element: By.xpath: //input[@id='search' and @name='keyword']
[INFO] 10-07-2025 17:13:50 [TestNG-test=Save Data Product To Excel Test-1] LogUtils - Click on element By.xpath: (//div[normalize-space()='Products']/following-sibling::ul/li)[1]
[INFO] 10-07-2025 17:13:50 [TestNG-test=Save Data Product To Excel Test-1] LogUtils - Get current url: https://cms.anhtester.com/product/laptop-asus
[INFO] 10-07-2025 17:13:51 [TestNG-test=Save Data Product To Excel Test-1] LogUtils - formatSlug: laptop asus
[INFO] 10-07-2025 17:13:51 [TestNG-test=Save Data Product To Excel Test-1] LogUtils - Product Name: laptop asus
[INFO] 10-07-2025 17:13:51 [TestNG-test=Save Data Product To Excel Test-1] LogUtils - Search Words: [laptop, asus]
[INFO] 10-07-2025 17:13:51 [TestNG-test=Save Data Product To Excel Test-1] LogUtils - Matched Words: [laptop, laptop, asus, asus]
[INFO] 10-07-2025 17:13:51 [TestNG-test=Save Data Product To Excel Test-1] LogUtils - Total Matches: 4
[INFO] 10-07-2025 17:13:51 [TestNG-test=Save Data Product To Excel Test-1] LogUtils - verifyInfoProductPage: Passed - Product is correctly displayed on the page!
[INFO] 10-07-2025 17:13:52 [TestNG-test=Save Data Product To Excel Test-1] LogUtils - checkElementExist: true --- By.xpath: (//div[contains(normalize-space(), 'Price:')]/following-sibling::div/div/strong)[1]
[INFO] 10-07-2025 17:13:52 [TestNG-test=Save Data Product To Excel Test-1] LogUtils - checkElementExist: true --- By.xpath: (//div[contains(normalize-space(), 'Price:')]/following-sibling::div/div/strong)[1]
[INFO] 10-07-2025 17:13:52 [TestNG-test=Save Data Product To Excel Test-1] LogUtils - Get text of element: By.xpath: (//div[contains(normalize-space(), 'Price:')]/following-sibling::div/div/strong)[1] || ==> Text Return: $3,000.00
[INFO] 10-07-2025 17:13:52 [TestNG-test=Save Data Product To Excel Test-1] LogUtils - Get text of element: By.xpath: //div[@id='order_details']/following::div[@class='text-left']/h1 || ==> Text Return: Laptop Asus
[INFO] 10-07-2025 17:13:52 [TestNG-test=Save Data Product To Excel Test-1] LogUtils - Get text of element: By.xpath: //span[@id='available-quantity'] || ==> Text Return: 499
[INFO] 10-07-2025 17:13:52 [TestNG-test=Save Data Product To Excel Test-1] LogUtils - Get text of element: By.xpath: //div[@id='tab_default_1']/descendant::p || ==> Text Return: Laptop asus vừa mạnh vừa đẹp
[INFO] 10-07-2025 17:13:52 [TestNG-test=Save Data Product To Excel Test-1] LogUtils - Get attribute of element By.xpath: (//div[@data-fade='true']/descendant::img)[1]
[INFO] 10-07-2025 17:13:52 [TestNG-test=Save Data Product To Excel Test-1] LogUtils - ==> Attribute value: https://cms.anhtester.com/public/assets/img/placeholder.jpg
[INFO] 10-07-2025 17:13:54 [TestNG-test=Save Data Product To Excel Test-1] LogUtils - Data written successfully to Excel!
[INFO] 10-07-2025 17:13:54 [TestNG-test=Save Data Product To Excel Test-1] LogUtils - checkElementExist: true --- By.xpath: (//div[contains(normalize-space(), 'Price:')]/following-sibling::div/div/strong)[1]
[INFO] 10-07-2025 17:13:54 [TestNG-test=Save Data Product To Excel Test-1] LogUtils - checkElementExist: true --- By.xpath: (//div[contains(normalize-space(), 'Price:')]/following-sibling::div/div/strong)[1]
[INFO] 10-07-2025 17:13:54 [TestNG-test=Save Data Product To Excel Test-1] LogUtils - Get text of element: By.xpath: (//div[contains(normalize-space(), 'Price:')]/following-sibling::div/div/strong)[1] || ==> Text Return: $3,000.00
[INFO] 10-07-2025 17:13:54 [TestNG-test=Save Data Product To Excel Test-1] LogUtils - Get text of element: By.xpath: //div[@id='order_details']/following::div[@class='text-left']/h1 || ==> Text Return: Laptop Asus
[INFO] 10-07-2025 17:13:54 [TestNG-test=Save Data Product To Excel Test-1] LogUtils - Get text of element: By.xpath: //span[@id='available-quantity'] || ==> Text Return: 499
[INFO] 10-07-2025 17:13:54 [TestNG-test=Save Data Product To Excel Test-1] LogUtils - Get text of element: By.xpath: //div[@id='tab_default_1']/descendant::p || ==> Text Return: Laptop asus vừa mạnh vừa đẹp
[INFO] 10-07-2025 17:13:54 [TestNG-test=Save Data Product To Excel Test-1] LogUtils - Get attribute of element By.xpath: (//div[@data-fade='true']/descendant::img)[1]
[INFO] 10-07-2025 17:13:54 [TestNG-test=Save Data Product To Excel Test-1] LogUtils - ==> Attribute value: https://cms.anhtester.com/public/assets/img/placeholder.jpg
[INFO] 10-07-2025 17:13:55 [TestNG-test=Save Data Product To Excel Test-1] LogUtils - expectedDataProduct: {URL image=https://cms.anhtester.com/public/assets/img/placeholder.jpg, Description=Laptop asus vừa mạnh vừa đẹp, Price=$3,000.00, Available Quantity=499, Product Name=Laptop Asus, Time=10/07/2025 17:13, Color =Aqua}
[INFO] 10-07-2025 17:13:55 [TestNG-test=Save Data Product To Excel Test-1] LogUtils - actualData: {URL image=https://cms.anhtester.com/public/assets/img/placeholder.jpg, Description=Laptop asus vừa mạnh vừa đẹp, Price=$3,000.00, Available Quantity=499, Product Name=Laptop Asus, Time=10/07/2025 17:13, Color =Aqua}
[INFO] 10-07-2025 17:13:55 [TestNG-test=Save Data Product To Excel Test-1] LogUtils - ✅ Đây là Test case chạy thành công: testSetInfoProduct
[INFO] 10-07-2025 17:13:56 [main] LogUtils - ⭐️ Total test: 7
[INFO] 10-07-2025 17:13:56 [main] LogUtils - ⭐️ Passed: 7
[INFO] 10-07-2025 17:13:56 [main] LogUtils - ⭐️ Failed: 0
[INFO] 10-07-2025 17:13:56 [main] LogUtils - ⭐️ Skipped: 0
[INFO] 10-07-2025 17:13:56 [main] LogUtils - 🟢 Kết thúc toàn bộ suite: Save Data Product To Excel Test
[INFO] 10-07-2025 17:13:59 [main] LogUtils - ✅ Email with attachments sent!
[INFO] 10-07-2025 17:13:59 [main] LogUtils - ⚙\uFE0F Thời gian chạy toàn bộ test:Thu Jul 10 17:13:59 ICT 2025
[INFO] 10-07-2025 17:13:59 [main] LogUtils - ⚙️ Bắt đầu test suite cho class: UserAddCartTest
[INFO] 10-07-2025 17:13:59 [TestNG-test=User Add Product Test-1] LogUtils - Run with Edge browser (default)
[INFO] 10-07-2025 17:14:01 [TestNG-test=User Add Product Test-1] LogUtils - Bắt đầu chạy test: testAddCart
[INFO] 10-07-2025 17:14:03 [TestNG-test=User Add Product Test-1] LogUtils - 🌐 Open URL: https://cms.anhtester.com/
[INFO] 10-07-2025 17:14:03 [TestNG-test=User Add Product Test-1] LogUtils - checkElementExist: true --- By.xpath: //b[normalize-space()='Website Demo']
[INFO] 10-07-2025 17:14:04 [TestNG-test=User Add Product Test-1] LogUtils - Click on element By.xpath: //b[normalize-space()='Website Demo']/following::button[@data-value='removed']
[INFO] 10-07-2025 17:14:05 [TestNG-test=User Add Product Test-1] LogUtils - Click on element By.xpath: (//a[normalize-space()='Login'])[1]
[INFO] 10-07-2025 17:14:05 [TestNG-test=User Add Product Test-1] LogUtils - checkElementExist: true --- By.xpath: //a[contains(normalize-space(), 'Forgot password')]
[INFO] 10-07-2025 17:14:05 [TestNG-test=User Add Product Test-1] LogUtils - Clear text on element By.xpath: //input[@id='email']
[INFO] 10-07-2025 17:14:06 [TestNG-test=User Add Product Test-1] LogUtils - Set text [customer@example.com] on element: By.xpath: //input[@id='email']
[INFO] 10-07-2025 17:14:06 [TestNG-test=User Add Product Test-1] LogUtils - Clear text on element By.xpath: //input[@id='password']
[INFO] 10-07-2025 17:14:06 [TestNG-test=User Add Product Test-1] LogUtils - Set text [123456] on element: By.xpath: //input[@id='password']
[INFO] 10-07-2025 17:14:08 [TestNG-test=User Add Product Test-1] LogUtils - Click on element By.xpath: //button[normalize-space()='Login']
[INFO] 10-07-2025 17:14:08 [TestNG-test=User Add Product Test-1] LogUtils - Clear text on element By.xpath: //input[@id='search' and @name='keyword']
[INFO] 10-07-2025 17:14:09 [TestNG-test=User Add Product Test-1] LogUtils - Set text [laptop asus] on element: By.xpath: //input[@id='search' and @name='keyword']
[INFO] 10-07-2025 17:14:11 [TestNG-test=User Add Product Test-1] LogUtils - Click on element By.xpath: //input[@id='search' and @name='keyword']/following-sibling::div/button[@type='submit']
[INFO] 10-07-2025 17:14:12 [TestNG-test=User Add Product Test-1] LogUtils - Get current url: https://cms.anhtester.com/search?keyword=laptop+asus
[INFO] 10-07-2025 17:14:12 [TestNG-test=User Add Product Test-1] LogUtils - verifyUserProductListPage: Passed - This Is Product List Page
[INFO] 10-07-2025 17:14:12 [TestNG-test=User Add Product Test-1] LogUtils - Get text of element: By.xpath: //div[@id='cart_items']//span[contains(@class, 'badge') and contains(@class, 'cart-count')] || ==> Text Return: 0
[INFO] 10-07-2025 17:14:13 [TestNG-test=User Add Product Test-1] LogUtils - Click on element By.xpath: ((//form[@id='search-form']/descendant::div[@class='col'])[1]/descendant::a[@data-title='Add to cart'])[1]
[INFO] 10-07-2025 17:14:13 [TestNG-test=User Add Product Test-1] LogUtils - Get text of element: By.xpath: (//form[@id='search-form']/descendant::div[@class='col'])[1]/descendant::div[contains(@class, 'rating')]/following-sibling::h3/a || ==> Text Return: Laptop Asus
[INFO] 10-07-2025 17:14:13 [TestNG-test=User Add Product Test-1] LogUtils - Get text of element: By.xpath: (//form[@id='search-form']/descendant::div[@class='col'])[2]/descendant::div[contains(@class, 'rating')]/following-sibling::h3/a || ==> Text Return: Laptop Asus
[INFO] 10-07-2025 17:14:14 [TestNG-test=User Add Product Test-1] LogUtils - Get text of element: By.xpath: //div[@id='addToCart-modal-body']//h2 || ==> Text Return: Laptop Asus
[INFO] 10-07-2025 17:14:14 [TestNG-test=User Add Product Test-1] LogUtils - ✅ verifyPopupAddCart: verify success !
[INFO] 10-07-2025 17:14:14 [TestNG-test=User Add Product Test-1] LogUtils - Get text of element: By.xpath: (//div[@id='addToCart-modal-body']//strong)[1] || ==> Text Return: $3,000.00
[INFO] 10-07-2025 17:14:14 [TestNG-test=User Add Product Test-1] LogUtils - 🔍 Raw price (popup): $3,000.00
[INFO] 10-07-2025 17:14:14 [TestNG-test=User Add Product Test-1] LogUtils - 💡 Formatted price range: 3000.00
[INFO] 10-07-2025 17:14:14 [TestNG-test=User Add Product Test-1] LogUtils - 📌 prices[0]: 3000.00
[INFO] 10-07-2025 17:14:14 [TestNG-test=User Add Product Test-1] LogUtils - 💲 Chỉ có một mức giá: 3000.0
[INFO] 10-07-2025 17:14:14 [TestNG-test=User Add Product Test-1] LogUtils - Get attribute of element By.xpath: //input[@name='quantity']
[INFO] 10-07-2025 17:14:14 [TestNG-test=User Add Product Test-1] LogUtils - ==> Attribute value: 1
[INFO] 10-07-2025 17:14:14 [TestNG-test=User Add Product Test-1] LogUtils - Get text of element: By.xpath: //div[@id='addToCart-modal-body']//h2 || ==> Text Return: Laptop Asus
[INFO] 10-07-2025 17:14:14 [TestNG-test=User Add Product Test-1] LogUtils - Click on element By.xpath: //span[normalize-space()='Add to cart']
[INFO] 10-07-2025 17:14:14 [TestNG-test=User Add Product Test-1] LogUtils - Click button add cart in popup add cart
[INFO] 10-07-2025 17:14:15 [TestNG-test=User Add Product Test-1] LogUtils - checkElementExist: true --- By.xpath: //h3[normalize-space()='Item added to your cart!']
[INFO] 10-07-2025 17:14:15 [TestNG-test=User Add Product Test-1] LogUtils - checkElementExist: true --- By.xpath: //span[normalize-space()='Frequently Bought Together']
[INFO] 10-07-2025 17:14:15 [TestNG-test=User Add Product Test-1] LogUtils - checkElementExist: true --- By.xpath: //h3[normalize-space()='Item added to your cart!']
[INFO] 10-07-2025 17:14:15 [TestNG-test=User Add Product Test-1] LogUtils - checkElementExist: true --- By.xpath: //span[normalize-space()='Frequently Bought Together']
[INFO] 10-07-2025 17:14:15 [TestNG-test=User Add Product Test-1] LogUtils - Get text of element: By.xpath: //div[@id='cart_items']//span[contains(@class, 'badge') and contains(@class, 'cart-count')] || ==> Text Return: 1
[INFO] 10-07-2025 17:14:15 [TestNG-test=User Add Product Test-1] LogUtils - verifyPopupAddCartSuccess countProductCart: 1
[INFO] 10-07-2025 17:14:15 [TestNG-test=User Add Product Test-1] LogUtils - verifyPopupAddCartSuccess getCartCount: 1
[INFO] 10-07-2025 17:14:15 [TestNG-test=User Add Product Test-1] LogUtils - verifyPopupAddCartSuccess: popup add cart success!
[INFO] 10-07-2025 17:14:15 [TestNG-test=User Add Product Test-1] LogUtils - Click on element By.xpath: //div[@id='addToCart']/descendant::button[contains(@class, 'close') and @aria-label='Close']
[INFO] 10-07-2025 17:14:15 [TestNG-test=User Add Product Test-1] LogUtils - Click button close popup add cart
[INFO] 10-07-2025 17:14:18 [TestNG-test=User Add Product Test-1] LogUtils - Click on element By.xpath: ((//form[@id='search-form']/descendant::div[@class='col'])[2]/descendant::a[@data-title='Add to cart'])[1]
[INFO] 10-07-2025 17:14:18 [TestNG-test=User Add Product Test-1] LogUtils - Get text of element: By.xpath: (//form[@id='search-form']/descendant::div[@class='col'])[1]/descendant::div[contains(@class, 'rating')]/following-sibling::h3/a || ==> Text Return: Laptop Asus
[INFO] 10-07-2025 17:14:18 [TestNG-test=User Add Product Test-1] LogUtils - Get text of element: By.xpath: (//form[@id='search-form']/descendant::div[@class='col'])[2]/descendant::div[contains(@class, 'rating')]/following-sibling::h3/a || ==> Text Return: Laptop Asus
[INFO] 10-07-2025 17:14:19 [TestNG-test=User Add Product Test-1] LogUtils - Get text of element: By.xpath: //div[@id='addToCart-modal-body']//h2 || ==> Text Return: Laptop Asus
[INFO] 10-07-2025 17:14:19 [TestNG-test=User Add Product Test-1] LogUtils - ✅ verifyPopupAddCart: verify success !
[INFO] 10-07-2025 17:14:19 [TestNG-test=User Add Product Test-1] LogUtils - Get text of element: By.xpath: (//div[@id='addToCart-modal-body']//strong)[1] || ==> Text Return: $3,000.00
[INFO] 10-07-2025 17:14:19 [TestNG-test=User Add Product Test-1] LogUtils - 🔍 Raw price (popup): $3,000.00
[INFO] 10-07-2025 17:14:19 [TestNG-test=User Add Product Test-1] LogUtils - 💡 Formatted price range: 3000.00
[INFO] 10-07-2025 17:14:19 [TestNG-test=User Add Product Test-1] LogUtils - 📌 prices[0]: 3000.00
[INFO] 10-07-2025 17:14:19 [TestNG-test=User Add Product Test-1] LogUtils - 💲 Chỉ có một mức giá: 3000.0
[INFO] 10-07-2025 17:14:19 [TestNG-test=User Add Product Test-1] LogUtils - Get attribute of element By.xpath: //input[@name='quantity']
[INFO] 10-07-2025 17:14:19 [TestNG-test=User Add Product Test-1] LogUtils - ==> Attribute value: 1
[INFO] 10-07-2025 17:14:19 [TestNG-test=User Add Product Test-1] LogUtils - Get text of element: By.xpath: //div[@id='addToCart-modal-body']//h2 || ==> Text Return: Laptop Asus
[INFO] 10-07-2025 17:14:19 [TestNG-test=User Add Product Test-1] LogUtils - Click on element By.xpath: //span[normalize-space()='Add to cart']
[INFO] 10-07-2025 17:14:19 [TestNG-test=User Add Product Test-1] LogUtils - Click button add cart in popup add cart
[INFO] 10-07-2025 17:14:20 [TestNG-test=User Add Product Test-1] LogUtils - checkElementExist: true --- By.xpath: //h3[normalize-space()='Item added to your cart!']
[INFO] 10-07-2025 17:14:20 [TestNG-test=User Add Product Test-1] LogUtils - checkElementExist: true --- By.xpath: //span[normalize-space()='Frequently Bought Together']
[INFO] 10-07-2025 17:14:20 [TestNG-test=User Add Product Test-1] LogUtils - checkElementExist: true --- By.xpath: //h3[normalize-space()='Item added to your cart!']
[INFO] 10-07-2025 17:14:20 [TestNG-test=User Add Product Test-1] LogUtils - checkElementExist: true --- By.xpath: //span[normalize-space()='Frequently Bought Together']
[INFO] 10-07-2025 17:14:20 [TestNG-test=User Add Product Test-1] LogUtils - Get text of element: By.xpath: //div[@id='cart_items']//span[contains(@class, 'badge') and contains(@class, 'cart-count')] || ==> Text Return: 2
[INFO] 10-07-2025 17:14:20 [TestNG-test=User Add Product Test-1] LogUtils - verifyPopupAddCartSuccess countProductCart: 2
[INFO] 10-07-2025 17:14:20 [TestNG-test=User Add Product Test-1] LogUtils - verifyPopupAddCartSuccess getCartCount: 2
[INFO] 10-07-2025 17:14:20 [TestNG-test=User Add Product Test-1] LogUtils - verifyPopupAddCartSuccess: popup add cart success!
[INFO] 10-07-2025 17:14:21 [TestNG-test=User Add Product Test-1] LogUtils - Click on element By.xpath: //div[@id='addToCart']/descendant::button[contains(@class, 'close') and @aria-label='Close']
[INFO] 10-07-2025 17:14:21 [TestNG-test=User Add Product Test-1] LogUtils - Click button close popup add cart
[INFO] 10-07-2025 17:14:21 [TestNG-test=User Add Product Test-1] LogUtils - Click on element By.xpath: //div[@id='cart_items']
[INFO] 10-07-2025 17:14:21 [TestNG-test=User Add Product Test-1] LogUtils - checkElementExist: true --- By.xpath: //div[normalize-space()='Cart Items']
[INFO] 10-07-2025 17:14:21 [TestNG-test=User Add Product Test-1] LogUtils - checkElementExist: true --- By.xpath: //span[normalize-space()='Subtotal']
[INFO] 10-07-2025 17:14:21 [TestNG-test=User Add Product Test-1] LogUtils - checkElementExist: true --- By.xpath: //a[normalize-space()='View cart']
[INFO] 10-07-2025 17:14:22 [TestNG-test=User Add Product Test-1] LogUtils - Get text of element: By.xpath: //div[normalize-space()='Cart Items'] || ==> Text Return: Cart Items
[INFO] 10-07-2025 17:14:22 [TestNG-test=User Add Product Test-1] LogUtils - 📦 Product: Laptop Asus
[INFO] 10-07-2025 17:14:22 [TestNG-test=User Add Product Test-1] LogUtils - Quantity: 1, Price: 3000.0, Subtotal: 3000.0
[INFO] 10-07-2025 17:14:22 [TestNG-test=User Add Product Test-1] LogUtils - 📦 Product: Laptop Asus
[INFO] 10-07-2025 17:14:22 [TestNG-test=User Add Product Test-1] LogUtils - Quantity: 1, Price: 3000.0, Subtotal: 3000.0
[INFO] 10-07-2025 17:14:22 [TestNG-test=User Add Product Test-1] LogUtils - Get text of element: By.xpath: //span[normalize-space()='Subtotal']/following-sibling::span || ==> Text Return: $6,000.00
[INFO] 10-07-2025 17:14:22 [TestNG-test=User Add Product Test-1] LogUtils - 🔢 Expected total: 6000.0 | Actual total: 6000.0
[INFO] 10-07-2025 17:14:22 [TestNG-test=User Add Product Test-1] LogUtils - ✅ verifyAddCartSuccess successfully! Sản phẩm còn lại: 2
[INFO] 10-07-2025 17:14:23 [TestNG-test=User Add Product Test-1] LogUtils - Click on element By.xpath: //a[normalize-space()='View cart']
[INFO] 10-07-2025 17:14:23 [TestNG-test=User Add Product Test-1] LogUtils - Get current url: https://cms.anhtester.com/cart
[INFO] 10-07-2025 17:14:23 [TestNG-test=User Add Product Test-1] LogUtils - checkElementExist: true --- By.xpath: //h3[contains(normalize-space(),'My Cart')]
[INFO] 10-07-2025 17:14:24 [TestNG-test=User Add Product Test-1] LogUtils - checkElementExist: true --- By.xpath: //section[@id='cart-summary']/descendant::span[normalize-space()='Subtotal']
[INFO] 10-07-2025 17:14:24 [TestNG-test=User Add Product Test-1] LogUtils - Get text of element: By.xpath: //h3[contains(normalize-space(),'My Cart')] || ==> Text Return: 1. My Cart
[INFO] 10-07-2025 17:14:24 [TestNG-test=User Add Product Test-1] LogUtils - Get text of element: By.xpath: //section[@id='cart-summary']/descendant::span[normalize-space()='Subtotal'] || ==> Text Return: Subtotal
[INFO] 10-07-2025 17:14:24 [TestNG-test=User Add Product Test-1] LogUtils - 🧾 Product: Laptop Asus - Aqua | Qty: 1 | Price: $3000.0 | Subtotal: $3000.0
[INFO] 10-07-2025 17:14:24 [TestNG-test=User Add Product Test-1] LogUtils - Total price each product actual: 3000.0, expected: 3000.0
[INFO] 10-07-2025 17:14:24 [TestNG-test=User Add Product Test-1] LogUtils - 🎯 Expected → Qty: 1 | Min: 3000.0 | Max: 3000.0
[INFO] 10-07-2025 17:14:24 [TestNG-test=User Add Product Test-1] LogUtils - 🧾 Product: Laptop Asus - Aqua | Qty: 1 | Price: $3000.0 | Subtotal: $3000.0
[INFO] 10-07-2025 17:14:24 [TestNG-test=User Add Product Test-1] LogUtils - Total price each product actual: 3000.0, expected: 3000.0
[INFO] 10-07-2025 17:14:24 [TestNG-test=User Add Product Test-1] LogUtils - 🎯 Expected → Qty: 1 | Min: 3000.0 | Max: 3000.0
[INFO] 10-07-2025 17:14:24 [TestNG-test=User Add Product Test-1] LogUtils - Get text of element: By.xpath: //section[@id='cart-summary']/descendant::span[normalize-space()='Subtotal']/following-sibling::span || ==> Text Return: $6,000.00
[INFO] 10-07-2025 17:14:24 [TestNG-test=User Add Product Test-1] LogUtils - 🔢 Expected total: 6000.0 | Actual total: 6000.0
[INFO] 10-07-2025 17:14:24 [TestNG-test=User Add Product Test-1] LogUtils - ✅ verifyProductInCart hoàn tất!
[INFO] 10-07-2025 17:14:25 [TestNG-test=User Add Product Test-1] LogUtils - Click on element By.xpath: //a[normalize-space()='Continue to Shipping']
[INFO] 10-07-2025 17:14:25 [TestNG-test=User Add Product Test-1] LogUtils - 🚛 Start verify shipping page
[INFO] 10-07-2025 17:14:25 [TestNG-test=User Add Product Test-1] LogUtils - Get current url: https://cms.anhtester.com/checkout
[INFO] 10-07-2025 17:14:25 [TestNG-test=User Add Product Test-1] LogUtils - Get CSS value color of element By.xpath: //h3[contains(normalize-space(), 'Shipping info')]
[INFO] 10-07-2025 17:14:25 [TestNG-test=User Add Product Test-1] LogUtils - ==> CSS value: rgba(230, 46, 4, 1)
[INFO] 10-07-2025 17:14:25 [TestNG-test=User Add Product Test-1] LogUtils - colorHeaderShippingPage: #e62e04
[INFO] 10-07-2025 17:14:25 [TestNG-test=User Add Product Test-1] LogUtils - 🔍 Trạng thái enabled của By.xpath: (//input[@name='address_id'])[1]/ancestor::label/parent::div: true
[INFO] 10-07-2025 17:14:25 [TestNG-test=User Add Product Test-1] LogUtils - 🔍 Trạng thái enabled của By.xpath: //div[text()='Add New Address']: true
[INFO] 10-07-2025 17:14:25 [TestNG-test=User Add Product Test-1] LogUtils - 🔍 Trạng thái enabled của By.xpath: //button[normalize-space()='Continue to Delivery Info']: true
[INFO] 10-07-2025 17:14:25 [TestNG-test=User Add Product Test-1] LogUtils - Get text of element: By.xpath: //button[normalize-space()='Continue to Delivery Info'] || ==> Text Return: Continue to Delivery Info
[INFO] 10-07-2025 17:14:26 [TestNG-test=User Add Product Test-1] LogUtils - ✅ An address option is already selected. No action taken.
[INFO] 10-07-2025 17:14:28 [TestNG-test=User Add Product Test-1] LogUtils - Click on element By.xpath: //button[normalize-space()='Continue to Delivery Info']
[INFO] 10-07-2025 17:14:28 [TestNG-test=User Add Product Test-1] LogUtils - Start verify delivery page
[INFO] 10-07-2025 17:14:28 [TestNG-test=User Add Product Test-1] LogUtils - Get current url: https://cms.anhtester.com/checkout/delivery_info
[INFO] 10-07-2025 17:14:28 [TestNG-test=User Add Product Test-1] LogUtils - Get text of element: By.xpath: //h3[normalize-space()='3. Delivery info'] || ==> Text Return: 3. Delivery info
[INFO] 10-07-2025 17:14:28 [TestNG-test=User Add Product Test-1] LogUtils - Get text of element: By.xpath: //h5[normalize-space()='Active eCommerce CMS Products'] || ==> Text Return: Active eCommerce CMS Products
[INFO] 10-07-2025 17:14:28 [TestNG-test=User Add Product Test-1] LogUtils - Get CSS value color of element By.xpath: //h3[normalize-space()='3. Delivery info']
[INFO] 10-07-2025 17:14:28 [TestNG-test=User Add Product Test-1] LogUtils - ==> CSS value: rgba(230, 46, 4, 1)
[INFO] 10-07-2025 17:14:28 [TestNG-test=User Add Product Test-1] LogUtils - checkElementExist: true --- By.xpath: //h5[normalize-space()='Active eCommerce CMS Products']
[INFO] 10-07-2025 17:14:28 [TestNG-test=User Add Product Test-1] LogUtils - checkElementExist: true --- By.xpath: //h3[normalize-space()='3. Delivery info']
[INFO] 10-07-2025 17:14:28 [TestNG-test=User Add Product Test-1] LogUtils - 🔍 Trạng thái enabled của By.xpath: //button[normalize-space()='Continue to Payment']: true
[INFO] 10-07-2025 17:14:28 [TestNG-test=User Add Product Test-1] LogUtils - Get text of element: By.xpath: //button[normalize-space()='Continue to Payment'] || ==> Text Return: Continue to Payment
[INFO] 10-07-2025 17:14:28 [TestNG-test=User Add Product Test-1] LogUtils - 🚛 Start verify product in delivery page
[INFO] 10-07-2025 17:14:28 [TestNG-test=User Add Product Test-1] LogUtils - 📦 nameProductActual: Laptop Asus
[INFO] 10-07-2025 17:14:28 [TestNG-test=User Add Product Test-1] LogUtils - 📦 nameProductActual: Laptop Asus
[INFO] 10-07-2025 17:14:31 [TestNG-test=User Add Product Test-1] LogUtils - Click on element By.xpath: //button[normalize-space()='Continue to Payment']
[INFO] 10-07-2025 17:14:31 [TestNG-test=User Add Product Test-1] LogUtils - 🚛 Start verify payment page
[INFO] 10-07-2025 17:14:31 [TestNG-test=User Add Product Test-1] LogUtils - Get current url: https://cms.anhtester.com/checkout/payment_select
[INFO] 10-07-2025 17:14:31 [TestNG-test=User Add Product Test-1] LogUtils - Get CSS value color of element By.xpath: //h3[normalize-space()='4. Payment']
[INFO] 10-07-2025 17:14:32 [TestNG-test=User Add Product Test-1] LogUtils - ==> CSS value: rgba(230, 46, 4, 1)
[INFO] 10-07-2025 17:14:32 [TestNG-test=User Add Product Test-1] LogUtils - Get text of element: By.xpath: //button[normalize-space()='Complete Order'] || ==> Text Return: Complete Order
[INFO] 10-07-2025 17:14:32 [TestNG-test=User Add Product Test-1] LogUtils - 🔍 Trạng thái enabled của By.xpath: //button[normalize-space()='Complete Order']: true
[INFO] 10-07-2025 17:14:32 [TestNG-test=User Add Product Test-1] LogUtils - 🚛 Start verify product in payment page
[INFO] 10-07-2025 17:14:32 [TestNG-test=User Add Product Test-1] LogUtils - Get text of element: By.xpath: //h3[normalize-space()='Summary']/following::span[contains(normalize-space(), 'Items')] || ==> Text Return: 2 Items
[INFO] 10-07-2025 17:14:32 [TestNG-test=User Add Product Test-1] LogUtils - countProductActual: 2
[INFO] 10-07-2025 17:14:32 [TestNG-test=User Add Product Test-1] LogUtils - countProductExpected: 2
[INFO] 10-07-2025 17:14:32 [TestNG-test=User Add Product Test-1] LogUtils - 🔍 Sản phẩm: Laptop Asus
[INFO] 10-07-2025 17:14:32 [TestNG-test=User Add Product Test-1] LogUtils -    Số lượng: 1
[INFO] 10-07-2025 17:14:32 [TestNG-test=User Add Product Test-1] LogUtils -    Giá: 3000.0
[INFO] 10-07-2025 17:14:32 [TestNG-test=User Add Product Test-1] LogUtils - 🔍 Sản phẩm: Laptop Asus
[INFO] 10-07-2025 17:14:32 [TestNG-test=User Add Product Test-1] LogUtils -    Số lượng: 1
[INFO] 10-07-2025 17:14:32 [TestNG-test=User Add Product Test-1] LogUtils -    Giá: 3000.0
[INFO] 10-07-2025 17:14:32 [TestNG-test=User Add Product Test-1] LogUtils - Get text of element: By.xpath: //th[normalize-space()='Subtotal']/following-sibling::td/span || ==> Text Return: $6,000.00
[INFO] 10-07-2025 17:14:32 [TestNG-test=User Add Product Test-1] LogUtils - 💰 Tổng tiền mong đợi (calculated): 6000.0
[INFO] 10-07-2025 17:14:32 [TestNG-test=User Add Product Test-1] LogUtils - 💰 Tổng tiền hiển thị UI: 6000.0
[INFO] 10-07-2025 17:14:32 [TestNG-test=User Add Product Test-1] LogUtils - Get text of element: By.xpath: //th[normalize-space()='Total Shipping']//following-sibling::td/span || ==> Text Return: $30,000.00
[INFO] 10-07-2025 17:14:32 [TestNG-test=User Add Product Test-1] LogUtils - Get text of element: By.xpath: //tr[@class='cart-total']/td//span || ==> Text Return: $36,000.00
[INFO] 10-07-2025 17:14:32 [TestNG-test=User Add Product Test-1] LogUtils - ✅ verifyProductPaymentPage: success!
[INFO] 10-07-2025 17:14:32 [TestNG-test=User Add Product Test-1] LogUtils - Click on element By.xpath: //input[@id='agree_checkbox']/ancestor::label[@class='aiz-checkbox']
[INFO] 10-07-2025 17:14:38 [TestNG-test=User Add Product Test-1] LogUtils - Click on element By.xpath: //button[normalize-space()='Complete Order']
[INFO] 10-07-2025 17:14:38 [TestNG-test=User Add Product Test-1] LogUtils - Get current url: https://cms.anhtester.com/checkout/order-confirmed
[INFO] 10-07-2025 17:14:38 [TestNG-test=User Add Product Test-1] LogUtils - Get CSS value color of element By.xpath: //h3[normalize-space()='5. Confirmation']
[INFO] 10-07-2025 17:14:38 [TestNG-test=User Add Product Test-1] LogUtils - ==> CSS value: rgba(230, 46, 4, 1)
[INFO] 10-07-2025 17:14:39 [TestNG-test=User Add Product Test-1] LogUtils - checkElementExist: true --- By.xpath: //span[normalize-space()='Your order has been placed successfully']
[INFO] 10-07-2025 17:14:39 [TestNG-test=User Add Product Test-1] LogUtils - Get text of element: By.xpath: //span[normalize-space()='Your order has been placed successfully'] || ==> Text Return: Your order has been placed successfully
[INFO] 10-07-2025 17:14:39 [TestNG-test=User Add Product Test-1] LogUtils - Verify order confirm page successfully!
[INFO] 10-07-2025 17:14:39 [TestNG-test=User Add Product Test-1] LogUtils - addProductToCart: success
[INFO] 10-07-2025 17:14:41 [TestNG-test=User Add Product Test-1] LogUtils - ✅ Đây là Test case chạy thành công: testAddCart
[INFO] 10-07-2025 17:14:41 [main] LogUtils - ⭐️ Total test: 8
[INFO] 10-07-2025 17:14:41 [main] LogUtils - ⭐️ Passed: 8
[INFO] 10-07-2025 17:14:41 [main] LogUtils - ⭐️ Failed: 0
[INFO] 10-07-2025 17:14:41 [main] LogUtils - ⭐️ Skipped: 0
[INFO] 10-07-2025 17:14:41 [main] LogUtils - 🟢 Kết thúc toàn bộ suite: User Add Product Test
[INFO] 10-07-2025 17:14:45 [main] LogUtils - ✅ Email with attachments sent!
[INFO] 10-07-2025 17:14:45 [main] LogUtils - ⚙\uFE0F Thời gian chạy toàn bộ test:Thu Jul 10 17:14:45 ICT 2025
[INFO] 10-07-2025 17:14:45 [main] LogUtils - ⚙️ Bắt đầu test suite cho class: AdminCheckDetailProduct
[INFO] 10-07-2025 17:14:46 [TestNG-test=User Add Product Test-1] LogUtils - ✅ Read data from Excel: [[Laptop Asus, Laptop, Asus, PC, Aqua, 5, laptop asus, 3000, 500, Laptop asus vừa mạnh vừa đẹp, laptop_asus.webp]]
[INFO] 10-07-2025 17:14:46 [TestNG-test=User Add Product Test-1] LogUtils - Run with Edge browser (default)
[INFO] 10-07-2025 17:14:47 [TestNG-test=User Add Product Test-1] LogUtils - Bắt đầu chạy test: testAdminCheckDetailProduct
[INFO] 10-07-2025 17:14:49 [TestNG-test=User Add Product Test-1] LogUtils - 🌐 Open URL: https://cms.anhtester.com/
[INFO] 10-07-2025 17:14:49 [TestNG-test=User Add Product Test-1] LogUtils - checkElementExist: true --- By.xpath: //b[normalize-space()='Website Demo']
[INFO] 10-07-2025 17:14:50 [TestNG-test=User Add Product Test-1] LogUtils - Click on element By.xpath: //b[normalize-space()='Website Demo']/following::button[@data-value='removed']
[INFO] 10-07-2025 17:14:51 [TestNG-test=User Add Product Test-1] LogUtils - Click on element By.xpath: (//a[normalize-space()='Login'])[1]
[INFO] 10-07-2025 17:14:51 [TestNG-test=User Add Product Test-1] LogUtils - checkElementExist: true --- By.xpath: //a[contains(normalize-space(), 'Forgot password')]
[INFO] 10-07-2025 17:14:51 [TestNG-test=User Add Product Test-1] LogUtils - Clear text on element By.xpath: //input[@id='email']
[INFO] 10-07-2025 17:14:52 [TestNG-test=User Add Product Test-1] LogUtils - Set text [admin@example.com] on element: By.xpath: //input[@id='email']
[INFO] 10-07-2025 17:14:52 [TestNG-test=User Add Product Test-1] LogUtils - Clear text on element By.xpath: //input[@id='password']
[INFO] 10-07-2025 17:14:52 [TestNG-test=User Add Product Test-1] LogUtils - Set text [123456] on element: By.xpath: //input[@id='password']
[INFO] 10-07-2025 17:14:54 [TestNG-test=User Add Product Test-1] LogUtils - Click on element By.xpath: //button[normalize-space()='Login']
[INFO] 10-07-2025 17:14:56 [TestNG-test=User Add Product Test-1] LogUtils - Get current url: https://cms.anhtester.com/admin
[INFO] 10-07-2025 17:14:56 [TestNG-test=User Add Product Test-1] LogUtils - checkElementExist: true --- By.xpath: (//span[normalize-space()='Dashboard'])[1]
[INFO] 10-07-2025 17:14:56 [TestNG-test=User Add Product Test-1] LogUtils - checkElementExist: true --- By.xpath: //span[normalize-space()='Admin Example']
[INFO] 10-07-2025 17:14:56 [TestNG-test=User Add Product Test-1] LogUtils - checkElementExist: true --- By.xpath: //span[normalize-space()='Clear Cache']
[INFO] 10-07-2025 17:14:56 [TestNG-test=User Add Product Test-1] LogUtils - Get text of element: By.xpath: //span[normalize-space()='Clear Cache'] || ==> Text Return: Clear Cache
[INFO] 10-07-2025 17:14:56 [TestNG-test=User Add Product Test-1] LogUtils - Click on element By.xpath: //ul[@id='main-menu']//span[normalize-space()='Products']
[INFO] 10-07-2025 17:14:59 [TestNG-test=User Add Product Test-1] LogUtils - Click on element By.xpath: //span[normalize-space()='Add New Product']
[INFO] 10-07-2025 17:14:59 [TestNG-test=User Add Product Test-1] LogUtils - Get current url: https://cms.anhtester.com/admin/products/create
[INFO] 10-07-2025 17:14:59 [TestNG-test=User Add Product Test-1] LogUtils - Get text of element: By.xpath: //h5[normalize-space()='Add New Product'] || ==> Text Return: Add New Product
[INFO] 10-07-2025 17:14:59 [TestNG-test=User Add Product Test-1] LogUtils - checkElementExist: true --- By.xpath: //h5[normalize-space()='Product Information']
[INFO] 10-07-2025 17:14:59 [TestNG-test=User Add Product Test-1] LogUtils - checkElementExist: true --- By.xpath: //h5[normalize-space()='Add New Product']
[INFO] 10-07-2025 17:14:59 [TestNG-test=User Add Product Test-1] LogUtils - Verify add new product page successfully
[INFO] 10-07-2025 17:15:00 [TestNG-test=User Add Product Test-1] LogUtils - Clear text on element By.xpath: //input[@name='name']
[INFO] 10-07-2025 17:15:00 [TestNG-test=User Add Product Test-1] LogUtils - Set text [Laptop Asus] on element: By.xpath: //input[@name='name']
[INFO] 10-07-2025 17:15:00 [TestNG-test=User Add Product Test-1] LogUtils - Click on element By.xpath: //button[@data-id='category_id']
[INFO] 10-07-2025 17:15:01 [TestNG-test=User Add Product Test-1] LogUtils - Set text [Laptop] on element: By.xpath: //button[@data-id='category_id']/following-sibling::div//input
[INFO] 10-07-2025 17:15:01 [TestNG-test=User Add Product Test-1] LogUtils - Click on element By.xpath: (//div[@id='bs-select-1']//li)[1]
[INFO] 10-07-2025 17:15:02 [TestNG-test=User Add Product Test-1] LogUtils - Click on element By.xpath: //button[@data-id='brand_id']
[INFO] 10-07-2025 17:15:02 [TestNG-test=User Add Product Test-1] LogUtils - Set text [Asus] on element: By.xpath: //button[@data-id='brand_id']/following-sibling::div//input
[INFO] 10-07-2025 17:15:02 [TestNG-test=User Add Product Test-1] LogUtils - Click on element By.xpath: (//div[@id='bs-select-2']//li)[1]
[INFO] 10-07-2025 17:15:03 [TestNG-test=User Add Product Test-1] LogUtils - Clear text on element By.xpath: //input[@name='unit']
[INFO] 10-07-2025 17:15:03 [TestNG-test=User Add Product Test-1] LogUtils - Set text [PC] on element: By.xpath: //input[@name='unit']
[INFO] 10-07-2025 17:15:03 [TestNG-test=User Add Product Test-1] LogUtils - Clear text on element By.xpath: //input[@name='weight']
[INFO] 10-07-2025 17:15:04 [TestNG-test=User Add Product Test-1] LogUtils - Set text [5] on element: By.xpath: //input[@name='weight']
[INFO] 10-07-2025 17:15:04 [TestNG-test=User Add Product Test-1] LogUtils - Set text [laptop asus] on element: By.xpath: //tags[@role='tagslist']
[INFO] 10-07-2025 17:15:04 [TestNG-test=User Add Product Test-1] LogUtils - Click on element By.xpath: //label[@for='signinSrEmail' and contains(normalize-space(), 'Gallery Images ')]/following-sibling::div/div
[INFO] 10-07-2025 17:15:07 [TestNG-test=User Add Product Test-1] LogUtils - Click on element By.xpath: //a[normalize-space()='Upload New']
[INFO] 10-07-2025 17:15:07 [TestNG-test=User Add Product Test-1] LogUtils - Click on element By.xpath: //button[normalize-space()='Browse']
[INFO] 10-07-2025 17:15:09 [TestNG-test=User Add Product Test-1] LogUtils - 📁 File path để upload: D:\LearnAutomationTest\EcommerceAutomationTesting\src\test\resources\datatest\laptop_asus.webp
[INFO] 10-07-2025 17:15:09 [TestNG-test=User Add Product Test-1] LogUtils - 📋 Đã copy đường dẫn file vào clipboard
[INFO] 10-07-2025 17:15:10 [TestNG-test=User Add Product Test-1] LogUtils - ⌨️ Đã thực hiện Ctrl + V
[INFO] 10-07-2025 17:15:11 [TestNG-test=User Add Product Test-1] LogUtils - ⏎ Đã nhấn Enter để xác nhận chọn file
[INFO] 10-07-2025 17:15:14 [TestNG-test=User Add Product Test-1] LogUtils - Click on element By.xpath: //a[normalize-space()='Select File']
[INFO] 10-07-2025 17:15:15 [TestNG-test=User Add Product Test-1] LogUtils - Click element with JavaScript: By.xpath: (//div[@title='laptop_asus.webp'])[11]
[INFO] 10-07-2025 17:15:16 [TestNG-test=User Add Product Test-1] LogUtils - Click on element By.xpath: //button[normalize-space()='Add Files']
[INFO] 10-07-2025 17:15:16 [TestNG-test=User Add Product Test-1] LogUtils - ✅ Upload file thành công và đã xác nhận trong UI
[INFO] 10-07-2025 17:15:17 [TestNG-test=User Add Product Test-1] LogUtils - Click on element By.xpath: //label[@for='signinSrEmail' and contains(normalize-space(), 'Thumbnail Image ')]/following-sibling::div/div[@data-type='image']
[INFO] 10-07-2025 17:15:19 [TestNG-test=User Add Product Test-1] LogUtils - Click on element By.xpath: //a[normalize-space()='Upload New']
[INFO] 10-07-2025 17:15:19 [TestNG-test=User Add Product Test-1] LogUtils - Click on element By.xpath: //button[normalize-space()='Browse']
[INFO] 10-07-2025 17:15:21 [TestNG-test=User Add Product Test-1] LogUtils - 📁 File path để upload: D:\LearnAutomationTest\EcommerceAutomationTesting\src\test\resources\datatest\laptop_asus.webp
[INFO] 10-07-2025 17:15:21 [TestNG-test=User Add Product Test-1] LogUtils - 📋 Đã copy đường dẫn file vào clipboard
[INFO] 10-07-2025 17:15:22 [TestNG-test=User Add Product Test-1] LogUtils - ⌨️ Đã thực hiện Ctrl + V
[INFO] 10-07-2025 17:15:24 [TestNG-test=User Add Product Test-1] LogUtils - ⏎ Đã nhấn Enter để xác nhận chọn file
[INFO] 10-07-2025 17:15:26 [TestNG-test=User Add Product Test-1] LogUtils - Click on element By.xpath: //a[normalize-space()='Select File']
[INFO] 10-07-2025 17:15:27 [TestNG-test=User Add Product Test-1] LogUtils - Click element with JavaScript: By.xpath: (//div[@title='laptop_asus.webp'])[13]
[INFO] 10-07-2025 17:15:28 [TestNG-test=User Add Product Test-1] LogUtils - Click on element By.xpath: //button[normalize-space()='Add Files']
[INFO] 10-07-2025 17:15:28 [TestNG-test=User Add Product Test-1] LogUtils - ✅ Upload file thành công và đã xác nhận trong UI
[INFO] 10-07-2025 17:15:29 [TestNG-test=User Add Product Test-1] LogUtils - Click on element By.xpath: //button[@data-id='colors']/parent::div/parent::div/following-sibling::div/label
[INFO] 10-07-2025 17:15:29 [TestNG-test=User Add Product Test-1] LogUtils - Click on element By.xpath: //button[@data-id='colors']
[INFO] 10-07-2025 17:15:29 [TestNG-test=User Add Product Test-1] LogUtils - Clear text on element By.xpath: //button[@data-id='colors']/following-sibling::div//input
[INFO] 10-07-2025 17:15:30 [TestNG-test=User Add Product Test-1] LogUtils - Set text [Aqua] on element: By.xpath: //button[@data-id='colors']/following-sibling::div//input
[INFO] 10-07-2025 17:15:30 [TestNG-test=User Add Product Test-1] LogUtils - Click on element By.xpath: (//button[@data-id='colors']/following-sibling::div//ul/li)[1]
[INFO] 10-07-2025 17:15:30 [TestNG-test=User Add Product Test-1] LogUtils - Click on element By.xpath: //h5[normalize-space()='Product Variation']
[INFO] 10-07-2025 17:15:32 [TestNG-test=User Add Product Test-1] LogUtils - Clear text on element By.xpath: //input[@name='unit_price']
[INFO] 10-07-2025 17:15:32 [TestNG-test=User Add Product Test-1] LogUtils - Set text [3000] on element: By.xpath: //input[@name='unit_price']
[INFO] 10-07-2025 17:15:33 [TestNG-test=User Add Product Test-1] LogUtils - Clear text on element By.xpath: //input[@name='qty_Aqua']
[INFO] 10-07-2025 17:15:34 [TestNG-test=User Add Product Test-1] LogUtils - Set text [500] on element: By.xpath: //input[@name='qty_Aqua']
[INFO] 10-07-2025 17:15:34 [TestNG-test=User Add Product Test-1] LogUtils - Clear text on element By.xpath: //input[@name='price_Aqua']
[INFO] 10-07-2025 17:15:34 [TestNG-test=User Add Product Test-1] LogUtils - Set text [3000] on element: By.xpath: //input[@name='price_Aqua']
[INFO] 10-07-2025 17:15:37 [TestNG-test=User Add Product Test-1] LogUtils - Set text [Laptop asus vừa mạnh vừa đẹp] on element: By.xpath: //div[@role='textbox']
[INFO] 10-07-2025 17:15:37 [TestNG-test=User Add Product Test-1] LogUtils - 📝 Product Name: Laptop Asus
[INFO] 10-07-2025 17:15:37 [TestNG-test=User Add Product Test-1] LogUtils - 📂 Category: Laptop
[INFO] 10-07-2025 17:15:37 [TestNG-test=User Add Product Test-1] LogUtils - 🏷️ Brand: Asus
[INFO] 10-07-2025 17:15:37 [TestNG-test=User Add Product Test-1] LogUtils - 📏 Unit: PC
[INFO] 10-07-2025 17:15:37 [TestNG-test=User Add Product Test-1] LogUtils - ⚖️ Weight: 5
[INFO] 10-07-2025 17:15:37 [TestNG-test=User Add Product Test-1] LogUtils - 🔖 Tag: laptop asus
[INFO] 10-07-2025 17:15:37 [TestNG-test=User Add Product Test-1] LogUtils - 💵 Price: 3000
[INFO] 10-07-2025 17:15:37 [TestNG-test=User Add Product Test-1] LogUtils - 💵 Color: Aqua
[INFO] 10-07-2025 17:15:37 [TestNG-test=User Add Product Test-1] LogUtils - 📦 Quantity: 500
[INFO] 10-07-2025 17:15:37 [TestNG-test=User Add Product Test-1] LogUtils - 🧾 Description: Laptop asus vừa mạnh vừa đẹp
[INFO] 10-07-2025 17:15:37 [TestNG-test=User Add Product Test-1] LogUtils - 🖼️ Image path: laptop_asus.webp
[INFO] 10-07-2025 17:15:37 [TestNG-test=User Add Product Test-1] LogUtils - Click on element By.xpath: //button[normalize-space()='Save & Publish']
[INFO] 10-07-2025 17:15:38 [TestNG-test=User Add Product Test-1] LogUtils - Get text of element: By.xpath: //span[normalize-space()='Product has been inserted successfully'] || ==> Text Return: Product has been inserted successfully
[INFO] 10-07-2025 17:15:38 [TestNG-test=User Add Product Test-1] LogUtils - checkElementExist: true --- By.xpath: //span[normalize-space()='Product has been inserted successfully']
[INFO] 10-07-2025 17:15:38 [TestNG-test=User Add Product Test-1] LogUtils - Get current url: https://cms.anhtester.com/admin/products/admin
[INFO] 10-07-2025 17:15:40 [TestNG-test=User Add Product Test-1] LogUtils - 🔍 Tìm kiếm với từ khóa [Laptop Asus] bằng element: By.xpath: //input[@id='search']
[INFO] 10-07-2025 17:15:40 [TestNG-test=User Add Product Test-1] LogUtils - Get text of element: By.xpath: (//tbody/tr)[1]/td[2]//span || ==> Text Return: Laptop Asus
[INFO] 10-07-2025 17:15:40 [TestNG-test=User Add Product Test-1] LogUtils - checkElementExist: true --- By.xpath: //h5[normalize-space()='All Product']
[INFO] 10-07-2025 17:15:40 [TestNG-test=User Add Product Test-1] LogUtils - Get text of element: By.xpath: //h5[normalize-space()='All Product'] || ==> Text Return: All Product
[INFO] 10-07-2025 17:15:40 [TestNG-test=User Add Product Test-1] LogUtils - ✅ Verify add new product successfully !
[INFO] 10-07-2025 17:15:40 [TestNG-test=User Add Product Test-1] LogUtils - Get attribute of element By.xpath: (//a[@title='View'])[1]
[INFO] 10-07-2025 17:15:40 [TestNG-test=User Add Product Test-1] LogUtils - ==> Attribute value: https://cms.anhtester.com/product/laptop-asus-6
[INFO] 10-07-2025 17:15:41 [TestNG-test=User Add Product Test-1] LogUtils - Click on element By.xpath: (//a[@title='View'])[1]
[INFO] 10-07-2025 17:15:42 [TestNG-test=User Add Product Test-1] LogUtils - ✅ Switched to new tab with URL: https://cms.anhtester.com/product/laptop-asus-6
[INFO] 10-07-2025 17:15:42 [TestNG-test=User Add Product Test-1] LogUtils - start verifyProductDetailPage
[INFO] 10-07-2025 17:15:42 [TestNG-test=User Add Product Test-1] LogUtils - Get current url: https://cms.anhtester.com/product/laptop-asus-6
[INFO] 10-07-2025 17:15:42 [TestNG-test=User Add Product Test-1] LogUtils - currentURL verify product detail page: https://cms.anhtester.com/product/laptop-asus-6
[INFO] 10-07-2025 17:15:42 [TestNG-test=User Add Product Test-1] LogUtils - href expected verify product detail page: https://cms.anhtester.com/product/laptop-asus-6
[INFO] 10-07-2025 17:15:42 [TestNG-test=User Add Product Test-1] LogUtils - title verify product detail page: Laptop Asus
[INFO] 10-07-2025 17:15:42 [TestNG-test=User Add Product Test-1] LogUtils - Get text of element: By.xpath: //div[@class='text-left']/h1 || ==> Text Return: Laptop Asus
[INFO] 10-07-2025 17:15:42 [TestNG-test=User Add Product Test-1] LogUtils - href expected verify product detail page: https://cms.anhtester.com/product/laptop-asus-6
[INFO] 10-07-2025 17:15:42 [TestNG-test=User Add Product Test-1] LogUtils - title verify product detail page: Laptop Asus
[INFO] 10-07-2025 17:15:42 [TestNG-test=User Add Product Test-1] LogUtils - Get text of element: By.xpath: //div[@class='text-left']/h1 || ==> Text Return: Laptop Asus
[INFO] 10-07-2025 17:15:42 [TestNG-test=User Add Product Test-1] LogUtils - Get text of element: By.xpath: (//div[@class='text-left']//strong)[1] || ==> Text Return: $3,000.00
[INFO] 10-07-2025 17:15:42 [TestNG-test=User Add Product Test-1] LogUtils - Get text of element: By.xpath: (//div[@class='text-left']//strong)[1]/following-sibling::span || ==> Text Return: /PC
[INFO] 10-07-2025 17:15:42 [TestNG-test=User Add Product Test-1] LogUtils - Get text of element: By.xpath: //span[@id='available-quantity'] || ==> Text Return: 500
[INFO] 10-07-2025 17:15:42 [TestNG-test=User Add Product Test-1] LogUtils - Get text of element: By.xpath: //div[@id='tab_default_1']//p || ==> Text Return: Laptop asus vừa mạnh vừa đẹp
[INFO] 10-07-2025 17:15:42 [TestNG-test=User Add Product Test-1] LogUtils - 🔍 nameProduct UI: Laptop Asus | expected: Laptop Asus
[INFO] 10-07-2025 17:15:42 [TestNG-test=User Add Product Test-1] LogUtils - 🔍 priceProduct UI: 3000 | expected: 3000
[INFO] 10-07-2025 17:15:42 [TestNG-test=User Add Product Test-1] LogUtils - 🔍 unitProduct UI: PC | expected: PC
[INFO] 10-07-2025 17:15:42 [TestNG-test=User Add Product Test-1] LogUtils - 🔍 quantityProduct UI: 500 | expected: 500
[INFO] 10-07-2025 17:15:42 [TestNG-test=User Add Product Test-1] LogUtils - 🔍 descriptionProduct UI: Laptop asus vừa mạnh vừa đẹp | expected: Laptop asus vừa mạnh vừa đẹp
[INFO] 10-07-2025 17:15:42 [TestNG-test=User Add Product Test-1] LogUtils - ✅ Verify info product detail with excel data successfully !
[INFO] 10-07-2025 17:15:45 [TestNG-test=User Add Product Test-1] LogUtils - ✅ Đây là Test case chạy thành công: testAdminCheckDetailProduct
[INFO] 10-07-2025 17:15:46 [main] LogUtils - ⭐️ Total test: 9
[INFO] 10-07-2025 17:15:46 [main] LogUtils - ⭐️ Passed: 9
[INFO] 10-07-2025 17:15:46 [main] LogUtils - ⭐️ Failed: 0
[INFO] 10-07-2025 17:15:46 [main] LogUtils - ⭐️ Skipped: 0
[INFO] 10-07-2025 17:15:46 [main] LogUtils - 🟢 Kết thúc toàn bộ suite: User Add Product Test
[INFO] 10-07-2025 17:15:49 [main] LogUtils - ✅ Email with attachments sent!
[INFO] 13-07-2025 12:13:00 [main] LogUtils - ⚙\uFE0F Thời gian chạy toàn bộ test:Sun Jul 13 12:12:59 ICT 2025
[INFO] 13-07-2025 12:13:00 [main] LogUtils - ⚙️ Bắt đầu test suite cho class: UserLoginTest
[INFO] 13-07-2025 12:13:02 [TestNG-test=User Login Test-3] LogUtils - Login Data from Excel: [[Ljava.lang.Object;@788291a9
[INFO] 13-07-2025 12:13:02 [TestNG-test=User Login Test-2] LogUtils - Login Data from Excel: [[Ljava.lang.Object;@e556412
[INFO] 13-07-2025 12:13:02 [TestNG-test=User Login Test-1] LogUtils - Login Data from Excel: [[Ljava.lang.Object;@3321e6d3
[INFO] 13-07-2025 12:13:07 [TestNG-test=User Login Test-1] LogUtils - Run with Edge browser
[INFO] 13-07-2025 12:13:07 [TestNG-test=User Login Test-2] LogUtils - Run with Edge browser
[INFO] 13-07-2025 12:13:07 [TestNG-test=User Login Test-2] LogUtils - Bắt đầu chạy test: testUserLoginPageFailWithInvalidEmail
[INFO] 13-07-2025 12:13:07 [TestNG-test=User Login Test-1] LogUtils - Bắt đầu chạy test: testUserLoginPageSuccess
[INFO] 13-07-2025 12:13:08 [TestNG-test=User Login Test-3] LogUtils - Run with Edge browser
[INFO] 13-07-2025 12:13:08 [TestNG-test=User Login Test-3] LogUtils - Bắt đầu chạy test: testUserLoginPageFailWithInvalidPassword
[INFO] 13-07-2025 12:13:10 [TestNG-test=User Login Test-2] LogUtils - 🌐 Open URL: https://cms.anhtester.com/
[INFO] 13-07-2025 12:13:11 [TestNG-test=User Login Test-1] LogUtils - 🌐 Open URL: https://cms.anhtester.com/
[INFO] 13-07-2025 12:13:11 [TestNG-test=User Login Test-1] LogUtils - checkElementExist: true --- By.xpath: //b[normalize-space()='Website Demo']
[INFO] 13-07-2025 12:13:11 [TestNG-test=User Login Test-3] LogUtils - 🌐 Open URL: https://cms.anhtester.com/
[INFO] 13-07-2025 12:13:11 [TestNG-test=User Login Test-2] LogUtils - checkElementExist: true --- By.xpath: //b[normalize-space()='Website Demo']
[INFO] 13-07-2025 12:13:11 [TestNG-test=User Login Test-3] LogUtils - checkElementExist: true --- By.xpath: //b[normalize-space()='Website Demo']
[INFO] 13-07-2025 12:13:12 [TestNG-test=User Login Test-2] LogUtils - Click on element By.xpath: //b[normalize-space()='Website Demo']/following::button[@data-value='removed']
[INFO] 13-07-2025 12:13:12 [TestNG-test=User Login Test-3] LogUtils - Click on element By.xpath: //b[normalize-space()='Website Demo']/following::button[@data-value='removed']
[INFO] 13-07-2025 12:13:12 [TestNG-test=User Login Test-1] LogUtils - Click on element By.xpath: //b[normalize-space()='Website Demo']/following::button[@data-value='removed']
[INFO] 13-07-2025 12:13:13 [TestNG-test=User Login Test-2] LogUtils - Click on element By.xpath: (//a[normalize-space()='Login'])[1]
[INFO] 13-07-2025 12:13:13 [TestNG-test=User Login Test-1] LogUtils - Click on element By.xpath: (//a[normalize-space()='Login'])[1]
[INFO] 13-07-2025 12:13:13 [TestNG-test=User Login Test-2] LogUtils - checkElementExist: true --- By.xpath: //a[contains(normalize-space(), 'Forgot password')]
[INFO] 13-07-2025 12:13:13 [TestNG-test=User Login Test-1] LogUtils - checkElementExist: true --- By.xpath: //a[contains(normalize-space(), 'Forgot password')]
[INFO] 13-07-2025 12:13:13 [TestNG-test=User Login Test-2] LogUtils - Clear text on element By.xpath: //input[@id='email']
[INFO] 13-07-2025 12:13:13 [TestNG-test=User Login Test-1] LogUtils - Clear text on element By.xpath: //input[@id='email']
[INFO] 13-07-2025 12:13:14 [TestNG-test=User Login Test-2] LogUtils - Set text [customer123@example.com] on element: By.xpath: //input[@id='email']
[INFO] 13-07-2025 12:13:14 [TestNG-test=User Login Test-1] LogUtils - Set text [customer@example.com] on element: By.xpath: //input[@id='email']
[INFO] 13-07-2025 12:13:14 [TestNG-test=User Login Test-2] LogUtils - Clear text on element By.xpath: //input[@id='password']
[INFO] 13-07-2025 12:13:14 [TestNG-test=User Login Test-1] LogUtils - Clear text on element By.xpath: //input[@id='password']
[INFO] 13-07-2025 12:13:14 [TestNG-test=User Login Test-2] LogUtils - Set text [123456] on element: By.xpath: //input[@id='password']
[INFO] 13-07-2025 12:13:14 [TestNG-test=User Login Test-1] LogUtils - Set text [123456] on element: By.xpath: //input[@id='password']
[INFO] 13-07-2025 12:13:14 [TestNG-test=User Login Test-3] LogUtils - Click on element By.xpath: (//a[normalize-space()='Login'])[1]
[INFO] 13-07-2025 12:13:15 [TestNG-test=User Login Test-3] LogUtils - checkElementExist: true --- By.xpath: //a[contains(normalize-space(), 'Forgot password')]
[INFO] 13-07-2025 12:13:15 [TestNG-test=User Login Test-3] LogUtils - Clear text on element By.xpath: //input[@id='email']
[INFO] 13-07-2025 12:13:15 [TestNG-test=User Login Test-3] LogUtils - Set text [customer@example.com] on element: By.xpath: //input[@id='email']
[INFO] 13-07-2025 12:13:16 [TestNG-test=User Login Test-1] LogUtils - Click on element By.xpath: //button[normalize-space()='Login']
[INFO] 13-07-2025 12:13:16 [TestNG-test=User Login Test-3] LogUtils - Clear text on element By.xpath: //input[@id='password']
[INFO] 13-07-2025 12:13:16 [TestNG-test=User Login Test-3] LogUtils - Set text [123] on element: By.xpath: //input[@id='password']
[INFO] 13-07-2025 12:13:17 [TestNG-test=User Login Test-3] LogUtils - Click on element By.xpath: //button[normalize-space()='Login']
[INFO] 13-07-2025 12:13:18 [TestNG-test=User Login Test-1] LogUtils - checkElementExist: true --- By.xpath: (//span[normalize-space()='Dashboard'])[1]
[INFO] 13-07-2025 12:13:18 [TestNG-test=User Login Test-1] LogUtils - Verify login success !
[INFO] 13-07-2025 12:13:18 [TestNG-test=User Login Test-1] LogUtils - ✅ Đây là Test case chạy thành công: testUserLoginPageSuccess
[INFO] 13-07-2025 12:13:19 [TestNG-test=User Login Test-2] LogUtils - Click on element By.xpath: //button[normalize-space()='Login']
[INFO] 13-07-2025 12:13:20 [TestNG-test=User Login Test-3] LogUtils - Get text of element: By.xpath: //span[contains(normalize-space(), 'Invalid login')] || ==> Text Return: Invalid login credentials
[INFO] 13-07-2025 12:13:20 [TestNG-test=User Login Test-3] LogUtils - Verify login fail success !
[INFO] 13-07-2025 12:13:20 [TestNG-test=User Login Test-3] LogUtils - ✅ Đây là Test case chạy thành công: testUserLoginPageFailWithInvalidPassword
[INFO] 13-07-2025 12:13:21 [TestNG-test=User Login Test-2] LogUtils - Get text of element: By.xpath: //span[contains(normalize-space(), 'Invalid login')] || ==> Text Return: Invalid login credentials
[INFO] 13-07-2025 12:13:21 [TestNG-test=User Login Test-2] LogUtils - Verify login fail success !
[INFO] 13-07-2025 12:13:21 [TestNG-test=User Login Test-2] LogUtils - ✅ Đây là Test case chạy thành công: testUserLoginPageFailWithInvalidEmail
[INFO] 13-07-2025 12:13:22 [main] LogUtils - ⭐️ Total test: 3
[INFO] 13-07-2025 12:13:22 [main] LogUtils - ⭐️ Passed: 3
[INFO] 13-07-2025 12:13:22 [main] LogUtils - ⭐️ Failed: 0
[INFO] 13-07-2025 12:13:22 [main] LogUtils - ⭐️ Skipped: 0
[INFO] 13-07-2025 12:13:22 [main] LogUtils - 🟢 Kết thúc toàn bộ suite: User Login Test
[INFO] 13-07-2025 12:13:26 [main] LogUtils - ✅ Email with attachments sent!
[INFO] 13-07-2025 12:13:26 [main] LogUtils - ⚙\uFE0F Thời gian chạy toàn bộ test:Sun Jul 13 12:13:26 ICT 2025
[INFO] 13-07-2025 12:13:26 [main] LogUtils - ⚙️ Bắt đầu test suite cho class: UserUpdateProfileTest
[INFO] 13-07-2025 12:13:28 [main] LogUtils - Run with Edge browser
[INFO] 13-07-2025 12:13:28 [main] LogUtils - Bắt đầu chạy test: testUpdateUserWithAddNewName
[INFO] 13-07-2025 12:13:30 [main] LogUtils - 🌐 Open URL: https://cms.anhtester.com/
[INFO] 13-07-2025 12:13:30 [main] LogUtils - checkElementExist: true --- By.xpath: //b[normalize-space()='Website Demo']
[INFO] 13-07-2025 12:13:31 [main] LogUtils - Click on element By.xpath: //b[normalize-space()='Website Demo']/following::button[@data-value='removed']
[INFO] 13-07-2025 12:13:33 [main] LogUtils - Click on element By.xpath: (//a[normalize-space()='Login'])[1]
[INFO] 13-07-2025 12:13:34 [main] LogUtils - checkElementExist: true --- By.xpath: //a[contains(normalize-space(), 'Forgot password')]
[INFO] 13-07-2025 12:13:34 [main] LogUtils - Clear text on element By.xpath: //input[@id='email']
[INFO] 13-07-2025 12:13:34 [main] LogUtils - Set text [customer@example.com] on element: By.xpath: //input[@id='email']
[INFO] 13-07-2025 12:13:35 [main] LogUtils - Clear text on element By.xpath: //input[@id='password']
[INFO] 13-07-2025 12:13:35 [main] LogUtils - Set text [123456] on element: By.xpath: //input[@id='password']
[INFO] 13-07-2025 12:13:36 [main] LogUtils - Click on element By.xpath: //button[normalize-space()='Login']
[INFO] 13-07-2025 12:13:36 [main] LogUtils - checkElementExist: true --- By.xpath: (//span[normalize-space()='Dashboard'])[1]
[INFO] 13-07-2025 12:13:36 [main] LogUtils - Verify login success !
[INFO] 13-07-2025 12:13:38 [main] LogUtils - checkElementExist: true --- By.xpath: (//span[normalize-space()='Manage Profile'])[1]
[INFO] 13-07-2025 12:13:39 [main] LogUtils - Click on element By.xpath: (//span[normalize-space()='Manage Profile'])[1]
[INFO] 13-07-2025 12:13:39 [main] LogUtils - Get current url: https://cms.anhtester.com/profile
[INFO] 13-07-2025 12:13:39 [main] LogUtils - checkElementExist: true --- By.xpath: //button[normalize-space()='Update Profile']
[INFO] 13-07-2025 12:13:39 [main] LogUtils - checkElementExist: true --- By.xpath: //input[@placeholder='Your name' and @name='name']
[INFO] 13-07-2025 12:13:39 [main] LogUtils - Get attribute of element By.xpath: //input[@placeholder='Your name' and @name='name']
[INFO] 13-07-2025 12:13:39 [main] LogUtils - ==> Attribute value: User Test
[INFO] 13-07-2025 12:13:39 [main] LogUtils - Clear text on element By.xpath: //input[@placeholder='Your name' and @name='name']
[INFO] 13-07-2025 12:13:40 [main] LogUtils - Set text [User Test Hoàng] on element: By.xpath: //input[@placeholder='Your name' and @name='name']
[INFO] 13-07-2025 12:13:40 [main] LogUtils - checkElementExist: true --- By.xpath: //button[normalize-space()='Update Profile']
[INFO] 13-07-2025 12:13:42 [main] LogUtils - Click on element By.xpath: //button[normalize-space()='Update Profile']
[INFO] 13-07-2025 12:13:43 [main] LogUtils - checkElementExist: true --- By.xpath: //input[@placeholder='Your name' and @name='name']
[INFO] 13-07-2025 12:13:43 [main] LogUtils - Get attribute of element By.xpath: //input[@placeholder='Your name' and @name='name']
[INFO] 13-07-2025 12:13:43 [main] LogUtils - ==> Attribute value: User Test Hoàng
[INFO] 13-07-2025 12:13:43 [main] LogUtils - checkElementExist: true --- By.xpath: //span[contains(normalize-space(), 'updated successfully')]
[INFO] 13-07-2025 12:13:43 [main] LogUtils - verifyUpdateUserProfileSuccess: profile updated successfully!
[INFO] 13-07-2025 12:13:43 [main] LogUtils - checkElementExist: true --- By.xpath: //span[contains(normalize-space(), 'updated successfully')]
[INFO] 13-07-2025 12:13:44 [main] LogUtils - verifyUpdateUserProfileSuccess: profile updated successfully!
[INFO] 13-07-2025 12:13:44 [main] LogUtils - ✅ Đây là Test case chạy thành công: testUpdateUserWithAddNewName
[INFO] 13-07-2025 12:13:46 [main] LogUtils - Run with Edge browser
[INFO] 13-07-2025 12:13:46 [main] LogUtils - Bắt đầu chạy test: testUpdateUserWithChangeValue
[INFO] 13-07-2025 12:13:52 [main] LogUtils - 🌐 Open URL: https://cms.anhtester.com/
[INFO] 13-07-2025 12:13:52 [main] LogUtils - checkElementExist: true --- By.xpath: //b[normalize-space()='Website Demo']
[INFO] 13-07-2025 12:13:53 [main] LogUtils - Click on element By.xpath: //b[normalize-space()='Website Demo']/following::button[@data-value='removed']
[INFO] 13-07-2025 12:13:57 [main] LogUtils - Click on element By.xpath: (//a[normalize-space()='Login'])[1]
[INFO] 13-07-2025 12:13:57 [main] LogUtils - checkElementExist: true --- By.xpath: //a[contains(normalize-space(), 'Forgot password')]
[INFO] 13-07-2025 12:13:57 [main] LogUtils - Clear text on element By.xpath: //input[@id='email']
[INFO] 13-07-2025 12:13:58 [main] LogUtils - Set text [customer@example.com] on element: By.xpath: //input[@id='email']
[INFO] 13-07-2025 12:13:58 [main] LogUtils - Clear text on element By.xpath: //input[@id='password']
[INFO] 13-07-2025 12:13:58 [main] LogUtils - Set text [123456] on element: By.xpath: //input[@id='password']
[INFO] 13-07-2025 12:14:00 [main] LogUtils - Click on element By.xpath: //button[normalize-space()='Login']
[INFO] 13-07-2025 12:14:00 [main] LogUtils - checkElementExist: true --- By.xpath: (//span[normalize-space()='Dashboard'])[1]
[INFO] 13-07-2025 12:14:00 [main] LogUtils - Verify login success !
[INFO] 13-07-2025 12:14:01 [main] LogUtils - checkElementExist: true --- By.xpath: (//span[normalize-space()='Manage Profile'])[1]
[INFO] 13-07-2025 12:14:02 [main] LogUtils - Click on element By.xpath: (//span[normalize-space()='Manage Profile'])[1]
[INFO] 13-07-2025 12:14:02 [main] LogUtils - Get current url: https://cms.anhtester.com/profile
[INFO] 13-07-2025 12:14:03 [main] LogUtils - checkElementExist: true --- By.xpath: //button[normalize-space()='Update Profile']
[INFO] 13-07-2025 12:14:03 [main] LogUtils - checkElementExist: true --- By.xpath: //input[@placeholder='Your name' and @name='name']
[INFO] 13-07-2025 12:14:03 [main] LogUtils - Get attribute of element By.xpath: //input[@placeholder='Your name' and @name='name']
[INFO] 13-07-2025 12:14:03 [main] LogUtils - ==> Attribute value: User Test Hoàng
[INFO] 13-07-2025 12:14:03 [main] LogUtils - Clear text on element By.xpath: //input[@placeholder='Your name' and @name='name']
[INFO] 13-07-2025 12:14:03 [main] LogUtils - Set text [User Test Tài] on element: By.xpath: //input[@placeholder='Your name' and @name='name']
[INFO] 13-07-2025 12:14:03 [main] LogUtils - checkElementExist: true --- By.xpath: //button[normalize-space()='Update Profile']
[INFO] 13-07-2025 12:14:05 [main] LogUtils - Click on element By.xpath: //button[normalize-space()='Update Profile']
[INFO] 13-07-2025 12:14:06 [main] LogUtils - checkElementExist: true --- By.xpath: //input[@placeholder='Your name' and @name='name']
[INFO] 13-07-2025 12:14:06 [main] LogUtils - Get attribute of element By.xpath: //input[@placeholder='Your name' and @name='name']
[INFO] 13-07-2025 12:14:06 [main] LogUtils - ==> Attribute value: User Test Tài
[INFO] 13-07-2025 12:14:06 [main] LogUtils - checkElementExist: true --- By.xpath: //span[contains(normalize-space(), 'updated successfully')]
[INFO] 13-07-2025 12:14:06 [main] LogUtils - verifyUpdateUserProfileSuccess: profile updated successfully!
[INFO] 13-07-2025 12:14:06 [main] LogUtils - checkElementExist: true --- By.xpath: //span[contains(normalize-space(), 'updated successfully')]
[INFO] 13-07-2025 12:14:06 [main] LogUtils - verifyUpdateUserProfileSuccess: profile updated successfully!
[INFO] 13-07-2025 12:14:06 [main] LogUtils - ✅ Đây là Test case chạy thành công: testUpdateUserWithChangeValue
[INFO] 13-07-2025 12:14:09 [main] LogUtils - Run with Edge browser
[INFO] 13-07-2025 12:14:09 [main] LogUtils - Bắt đầu chạy test: testUpdateUserWithDeletePart
[INFO] 13-07-2025 12:14:11 [main] LogUtils - 🌐 Open URL: https://cms.anhtester.com/
[INFO] 13-07-2025 12:14:12 [main] LogUtils - checkElementExist: true --- By.xpath: //b[normalize-space()='Website Demo']
[INFO] 13-07-2025 12:14:12 [main] LogUtils - Click on element By.xpath: //b[normalize-space()='Website Demo']/following::button[@data-value='removed']
[INFO] 13-07-2025 12:14:13 [main] LogUtils - Click on element By.xpath: (//a[normalize-space()='Login'])[1]
[INFO] 13-07-2025 12:14:13 [main] LogUtils - checkElementExist: true --- By.xpath: //a[contains(normalize-space(), 'Forgot password')]
[INFO] 13-07-2025 12:14:14 [main] LogUtils - Clear text on element By.xpath: //input[@id='email']
[INFO] 13-07-2025 12:14:14 [main] LogUtils - Set text [customer@example.com] on element: By.xpath: //input[@id='email']
[INFO] 13-07-2025 12:14:14 [main] LogUtils - Clear text on element By.xpath: //input[@id='password']
[INFO] 13-07-2025 12:14:15 [main] LogUtils - Set text [123456] on element: By.xpath: //input[@id='password']
[INFO] 13-07-2025 12:14:16 [main] LogUtils - Click on element By.xpath: //button[normalize-space()='Login']
[INFO] 13-07-2025 12:14:16 [main] LogUtils - checkElementExist: true --- By.xpath: (//span[normalize-space()='Dashboard'])[1]
[INFO] 13-07-2025 12:14:16 [main] LogUtils - Verify login success !
[INFO] 13-07-2025 12:14:17 [main] LogUtils - checkElementExist: true --- By.xpath: (//span[normalize-space()='Manage Profile'])[1]
[INFO] 13-07-2025 12:14:22 [main] LogUtils - Click on element By.xpath: (//span[normalize-space()='Manage Profile'])[1]
[INFO] 13-07-2025 12:14:22 [main] LogUtils - Get current url: https://cms.anhtester.com/profile
[INFO] 13-07-2025 12:14:22 [main] LogUtils - checkElementExist: true --- By.xpath: //button[normalize-space()='Update Profile']
[INFO] 13-07-2025 12:14:22 [main] LogUtils - checkElementExist: true --- By.xpath: //input[@placeholder='Your name' and @name='name']
[INFO] 13-07-2025 12:14:22 [main] LogUtils - Get attribute of element By.xpath: //input[@placeholder='Your name' and @name='name']
[INFO] 13-07-2025 12:14:22 [main] LogUtils - ==> Attribute value: User Test Tài
[INFO] 13-07-2025 12:14:23 [main] LogUtils - Clear text on element By.xpath: //input[@placeholder='Your name' and @name='name']
[INFO] 13-07-2025 12:14:23 [main] LogUtils - Set text [User Test] on element: By.xpath: //input[@placeholder='Your name' and @name='name']
[INFO] 13-07-2025 12:14:23 [main] LogUtils - checkElementExist: true --- By.xpath: //button[normalize-space()='Update Profile']
[INFO] 13-07-2025 12:14:26 [main] LogUtils - Click on element By.xpath: //button[normalize-space()='Update Profile']
[INFO] 13-07-2025 12:14:27 [main] LogUtils - checkElementExist: true --- By.xpath: //input[@placeholder='Your name' and @name='name']
[INFO] 13-07-2025 12:14:27 [main] LogUtils - checkElementExist: true --- By.xpath: //span[contains(normalize-space(), 'updated successfully')]
[INFO] 13-07-2025 12:14:28 [main] LogUtils - verifyUpdateUserProfileSuccess: profile updated successfully!
[INFO] 13-07-2025 12:14:28 [main] LogUtils - ✅ Đây là Test case chạy thành công: testUpdateUserWithDeletePart
[INFO] 13-07-2025 12:14:38 [main] LogUtils - ⭐️ Total test: 6
[INFO] 13-07-2025 12:14:38 [main] LogUtils - ⭐️ Passed: 6
[INFO] 13-07-2025 12:14:38 [main] LogUtils - ⭐️ Failed: 0
[INFO] 13-07-2025 12:14:38 [main] LogUtils - ⭐️ Skipped: 0
[INFO] 13-07-2025 12:14:38 [main] LogUtils - 🟢 Kết thúc toàn bộ suite: Update User Profile Test
[INFO] 13-07-2025 12:14:41 [main] LogUtils - ✅ Email with attachments sent!
[INFO] 13-07-2025 12:14:41 [main] LogUtils - ⚙\uFE0F Thời gian chạy toàn bộ test:Sun Jul 13 12:14:41 ICT 2025
[INFO] 13-07-2025 12:14:41 [main] LogUtils - ⚙️ Bắt đầu test suite cho class: UserSetInfoProductToExcelTest
[INFO] 13-07-2025 12:14:54 [TestNG-test=Save Data Product To Excel Test-1] LogUtils - Run with Edge browser
[INFO] 13-07-2025 12:14:54 [TestNG-test=Save Data Product To Excel Test-1] LogUtils - Bắt đầu chạy test: testSetInfoProduct
[INFO] 13-07-2025 12:14:56 [TestNG-test=Save Data Product To Excel Test-1] LogUtils - 🌐 Open URL: https://cms.anhtester.com/
[INFO] 13-07-2025 12:14:56 [TestNG-test=Save Data Product To Excel Test-1] LogUtils - checkElementExist: true --- By.xpath: //b[normalize-space()='Website Demo']
[INFO] 13-07-2025 12:14:57 [TestNG-test=Save Data Product To Excel Test-1] LogUtils - Click on element By.xpath: //b[normalize-space()='Website Demo']/following::button[@data-value='removed']
[INFO] 13-07-2025 12:14:58 [TestNG-test=Save Data Product To Excel Test-1] LogUtils - Click on element By.xpath: (//a[normalize-space()='Login'])[1]
[INFO] 13-07-2025 12:14:58 [TestNG-test=Save Data Product To Excel Test-1] LogUtils - checkElementExist: true --- By.xpath: //a[contains(normalize-space(), 'Forgot password')]
[INFO] 13-07-2025 12:14:58 [TestNG-test=Save Data Product To Excel Test-1] LogUtils - Clear text on element By.xpath: //input[@id='email']
[INFO] 13-07-2025 12:14:58 [TestNG-test=Save Data Product To Excel Test-1] LogUtils - Set text [customer@example.com] on element: By.xpath: //input[@id='email']
[INFO] 13-07-2025 12:14:59 [TestNG-test=Save Data Product To Excel Test-1] LogUtils - Clear text on element By.xpath: //input[@id='password']
[INFO] 13-07-2025 12:14:59 [TestNG-test=Save Data Product To Excel Test-1] LogUtils - Set text [123456] on element: By.xpath: //input[@id='password']
[INFO] 13-07-2025 12:15:02 [TestNG-test=Save Data Product To Excel Test-1] LogUtils - Click on element By.xpath: //button[normalize-space()='Login']
[INFO] 13-07-2025 12:15:02 [TestNG-test=Save Data Product To Excel Test-1] LogUtils - checkElementExist: true --- By.xpath: (//span[normalize-space()='Dashboard'])[1]
[INFO] 13-07-2025 12:15:02 [TestNG-test=Save Data Product To Excel Test-1] LogUtils - Verify login success !
[INFO] 13-07-2025 12:15:02 [TestNG-test=Save Data Product To Excel Test-1] LogUtils - Clear text on element By.xpath: //input[@id='search' and @name='keyword']
[INFO] 13-07-2025 12:15:02 [TestNG-test=Save Data Product To Excel Test-1] LogUtils - Set text [Laptop asus] on element: By.xpath: //input[@id='search' and @name='keyword']
[INFO] 13-07-2025 12:15:06 [TestNG-test=Save Data Product To Excel Test-1] LogUtils - Click on element By.xpath: (//div[normalize-space()='Products']/following-sibling::ul/li)[1]
[INFO] 13-07-2025 12:15:06 [TestNG-test=Save Data Product To Excel Test-1] LogUtils - Get current url: https://cms.anhtester.com/product/laptop-asus
[INFO] 13-07-2025 12:15:07 [TestNG-test=Save Data Product To Excel Test-1] LogUtils - formatSlug: laptop asus
[INFO] 13-07-2025 12:15:07 [TestNG-test=Save Data Product To Excel Test-1] LogUtils - Product Name: laptop asus
[INFO] 13-07-2025 12:15:07 [TestNG-test=Save Data Product To Excel Test-1] LogUtils - Search Words: [laptop, asus]
[INFO] 13-07-2025 12:15:07 [TestNG-test=Save Data Product To Excel Test-1] LogUtils - Matched Words: [laptop, laptop, asus, asus]
[INFO] 13-07-2025 12:15:07 [TestNG-test=Save Data Product To Excel Test-1] LogUtils - Total Matches: 4
[INFO] 13-07-2025 12:15:07 [TestNG-test=Save Data Product To Excel Test-1] LogUtils - verifyInfoProductPage: Passed - Product is correctly displayed on the page!
[INFO] 13-07-2025 12:15:07 [TestNG-test=Save Data Product To Excel Test-1] LogUtils - checkElementExist: true --- By.xpath: (//div[contains(normalize-space(), 'Price:')]/following-sibling::div/div/strong)[1]
[INFO] 13-07-2025 12:15:07 [TestNG-test=Save Data Product To Excel Test-1] LogUtils - checkElementExist: true --- By.xpath: (//div[contains(normalize-space(), 'Price:')]/following-sibling::div/div/strong)[1]
[INFO] 13-07-2025 12:15:07 [TestNG-test=Save Data Product To Excel Test-1] LogUtils - Get text of element: By.xpath: (//div[contains(normalize-space(), 'Price:')]/following-sibling::div/div/strong)[1] || ==> Text Return: $3,000.00
[INFO] 13-07-2025 12:15:07 [TestNG-test=Save Data Product To Excel Test-1] LogUtils - Get text of element: By.xpath: //div[@id='order_details']/following::div[@class='text-left']/h1 || ==> Text Return: Laptop Asus
[INFO] 13-07-2025 12:15:07 [TestNG-test=Save Data Product To Excel Test-1] LogUtils - Get text of element: By.xpath: //span[@id='available-quantity'] || ==> Text Return: 499
[INFO] 13-07-2025 12:15:07 [TestNG-test=Save Data Product To Excel Test-1] LogUtils - Get text of element: By.xpath: //div[@id='tab_default_1']/descendant::p || ==> Text Return: Laptop asus vừa mạnh vừa đẹp
[INFO] 13-07-2025 12:15:07 [TestNG-test=Save Data Product To Excel Test-1] LogUtils - Get attribute of element By.xpath: (//div[@data-fade='true']/descendant::img)[1]
[INFO] 13-07-2025 12:15:07 [TestNG-test=Save Data Product To Excel Test-1] LogUtils - ==> Attribute value: https://cms.anhtester.com/public/assets/img/placeholder.jpg
[INFO] 13-07-2025 12:15:08 [TestNG-test=Save Data Product To Excel Test-1] LogUtils - Data written successfully to Excel!
[INFO] 13-07-2025 12:15:08 [TestNG-test=Save Data Product To Excel Test-1] LogUtils - checkElementExist: true --- By.xpath: (//div[contains(normalize-space(), 'Price:')]/following-sibling::div/div/strong)[1]
[INFO] 13-07-2025 12:15:08 [TestNG-test=Save Data Product To Excel Test-1] LogUtils - checkElementExist: true --- By.xpath: (//div[contains(normalize-space(), 'Price:')]/following-sibling::div/div/strong)[1]
[INFO] 13-07-2025 12:15:08 [TestNG-test=Save Data Product To Excel Test-1] LogUtils - Get text of element: By.xpath: (//div[contains(normalize-space(), 'Price:')]/following-sibling::div/div/strong)[1] || ==> Text Return: $3,000.00
[INFO] 13-07-2025 12:15:08 [TestNG-test=Save Data Product To Excel Test-1] LogUtils - Get text of element: By.xpath: //div[@id='order_details']/following::div[@class='text-left']/h1 || ==> Text Return: Laptop Asus
[INFO] 13-07-2025 12:15:08 [TestNG-test=Save Data Product To Excel Test-1] LogUtils - Get text of element: By.xpath: //span[@id='available-quantity'] || ==> Text Return: 499
[INFO] 13-07-2025 12:15:08 [TestNG-test=Save Data Product To Excel Test-1] LogUtils - Get text of element: By.xpath: //div[@id='tab_default_1']/descendant::p || ==> Text Return: Laptop asus vừa mạnh vừa đẹp
[INFO] 13-07-2025 12:15:08 [TestNG-test=Save Data Product To Excel Test-1] LogUtils - Get attribute of element By.xpath: (//div[@data-fade='true']/descendant::img)[1]
[INFO] 13-07-2025 12:15:08 [TestNG-test=Save Data Product To Excel Test-1] LogUtils - ==> Attribute value: https://cms.anhtester.com/public/assets/img/placeholder.jpg
[INFO] 13-07-2025 12:15:09 [TestNG-test=Save Data Product To Excel Test-1] LogUtils - expectedDataProduct: {URL image=https://cms.anhtester.com/public/assets/img/placeholder.jpg, Description=Laptop asus vừa mạnh vừa đẹp, Price=$3,000.00, Available Quantity=499, Product Name=Laptop Asus, Time=13/07/2025 12:15, Color =Aqua}
[INFO] 13-07-2025 12:15:09 [TestNG-test=Save Data Product To Excel Test-1] LogUtils - actualData: {URL image=https://cms.anhtester.com/public/assets/img/placeholder.jpg, Description=Laptop asus vừa mạnh vừa đẹp, Price=$3,000.00, Available Quantity=499, Product Name=Laptop Asus, Time=13/07/2025 12:15, Color =Aqua}
[INFO] 13-07-2025 12:15:09 [TestNG-test=Save Data Product To Excel Test-1] LogUtils - ✅ Đây là Test case chạy thành công: testSetInfoProduct
[INFO] 13-07-2025 12:15:09 [main] LogUtils - ⭐️ Total test: 7
[INFO] 13-07-2025 12:15:09 [main] LogUtils - ⭐️ Passed: 7
[INFO] 13-07-2025 12:15:09 [main] LogUtils - ⭐️ Failed: 0
[INFO] 13-07-2025 12:15:09 [main] LogUtils - ⭐️ Skipped: 0
[INFO] 13-07-2025 12:15:09 [main] LogUtils - 🟢 Kết thúc toàn bộ suite: Save Data Product To Excel Test
[INFO] 13-07-2025 12:15:12 [main] LogUtils - ✅ Email with attachments sent!
[INFO] 13-07-2025 12:15:12 [main] LogUtils - ⚙\uFE0F Thời gian chạy toàn bộ test:Sun Jul 13 12:15:12 ICT 2025
[INFO] 13-07-2025 12:15:13 [main] LogUtils - ⚙️ Bắt đầu test suite cho class: UserAddCartTest
[INFO] 13-07-2025 12:15:13 [TestNG-test=User Add Product Test-1] LogUtils - Run with Edge browser (default)
[INFO] 13-07-2025 12:15:14 [TestNG-test=User Add Product Test-1] LogUtils - Bắt đầu chạy test: testAddCart
[INFO] 13-07-2025 12:15:16 [TestNG-test=User Add Product Test-1] LogUtils - 🌐 Open URL: https://cms.anhtester.com/
[INFO] 13-07-2025 12:15:16 [TestNG-test=User Add Product Test-1] LogUtils - checkElementExist: true --- By.xpath: //b[normalize-space()='Website Demo']
[INFO] 13-07-2025 12:15:17 [TestNG-test=User Add Product Test-1] LogUtils - Click on element By.xpath: //b[normalize-space()='Website Demo']/following::button[@data-value='removed']
[INFO] 13-07-2025 12:15:18 [TestNG-test=User Add Product Test-1] LogUtils - Click on element By.xpath: (//a[normalize-space()='Login'])[1]
[INFO] 13-07-2025 12:15:18 [TestNG-test=User Add Product Test-1] LogUtils - checkElementExist: true --- By.xpath: //a[contains(normalize-space(), 'Forgot password')]
[INFO] 13-07-2025 12:15:18 [TestNG-test=User Add Product Test-1] LogUtils - Clear text on element By.xpath: //input[@id='email']
[INFO] 13-07-2025 12:15:18 [TestNG-test=User Add Product Test-1] LogUtils - Set text [customer@example.com] on element: By.xpath: //input[@id='email']
[INFO] 13-07-2025 12:15:19 [TestNG-test=User Add Product Test-1] LogUtils - Clear text on element By.xpath: //input[@id='password']
[INFO] 13-07-2025 12:15:19 [TestNG-test=User Add Product Test-1] LogUtils - Set text [123456] on element: By.xpath: //input[@id='password']
[INFO] 13-07-2025 12:15:20 [TestNG-test=User Add Product Test-1] LogUtils - Click on element By.xpath: //button[normalize-space()='Login']
[INFO] 13-07-2025 12:15:21 [TestNG-test=User Add Product Test-1] LogUtils - Clear text on element By.xpath: //input[@id='search' and @name='keyword']
[INFO] 13-07-2025 12:15:21 [TestNG-test=User Add Product Test-1] LogUtils - Set text [laptop asus] on element: By.xpath: //input[@id='search' and @name='keyword']
[INFO] 13-07-2025 12:15:21 [TestNG-test=User Add Product Test-1] LogUtils - Click on element By.xpath: //input[@id='search' and @name='keyword']/following-sibling::div/button[@type='submit']
[INFO] 13-07-2025 12:15:22 [TestNG-test=User Add Product Test-1] LogUtils - Get current url: https://cms.anhtester.com/search?keyword=laptop+asus
[INFO] 13-07-2025 12:15:22 [TestNG-test=User Add Product Test-1] LogUtils - verifyUserProductListPage: Passed - This Is Product List Page
[INFO] 13-07-2025 12:15:23 [TestNG-test=User Add Product Test-1] LogUtils - Get text of element: By.xpath: //div[@id='cart_items']//span[contains(@class, 'badge') and contains(@class, 'cart-count')] || ==> Text Return: 0
[INFO] 13-07-2025 12:15:24 [TestNG-test=User Add Product Test-1] LogUtils - Click on element By.xpath: ((//form[@id='search-form']/descendant::div[@class='col'])[1]/descendant::a[@data-title='Add to cart'])[1]
[INFO] 13-07-2025 12:15:24 [TestNG-test=User Add Product Test-1] LogUtils - Get text of element: By.xpath: (//form[@id='search-form']/descendant::div[@class='col'])[1]/descendant::div[contains(@class, 'rating')]/following-sibling::h3/a || ==> Text Return: Laptop Asus
[INFO] 13-07-2025 12:15:24 [TestNG-test=User Add Product Test-1] LogUtils - Get text of element: By.xpath: (//form[@id='search-form']/descendant::div[@class='col'])[2]/descendant::div[contains(@class, 'rating')]/following-sibling::h3/a || ==> Text Return: Laptop Asus
[INFO] 13-07-2025 12:15:24 [TestNG-test=User Add Product Test-1] LogUtils - Get text of element: By.xpath: //div[@id='addToCart-modal-body']//h2 || ==> Text Return: Laptop Asus
[INFO] 13-07-2025 12:15:24 [TestNG-test=User Add Product Test-1] LogUtils - ✅ verifyPopupAddCart: verify success !
[INFO] 13-07-2025 12:15:24 [TestNG-test=User Add Product Test-1] LogUtils - Get text of element: By.xpath: (//div[@id='addToCart-modal-body']//strong)[1] || ==> Text Return: $3,000.00
[INFO] 13-07-2025 12:15:24 [TestNG-test=User Add Product Test-1] LogUtils - 🔍 Raw price (popup): $3,000.00
[INFO] 13-07-2025 12:15:24 [TestNG-test=User Add Product Test-1] LogUtils - 💡 Formatted price range: 3000.00
[INFO] 13-07-2025 12:15:24 [TestNG-test=User Add Product Test-1] LogUtils - 📌 prices[0]: 3000.00
[INFO] 13-07-2025 12:15:24 [TestNG-test=User Add Product Test-1] LogUtils - 💲 Chỉ có một mức giá: 3000.0
[INFO] 13-07-2025 12:15:24 [TestNG-test=User Add Product Test-1] LogUtils - Get attribute of element By.xpath: //input[@name='quantity']
[INFO] 13-07-2025 12:15:24 [TestNG-test=User Add Product Test-1] LogUtils - ==> Attribute value: 1
[INFO] 13-07-2025 12:15:24 [TestNG-test=User Add Product Test-1] LogUtils - Get text of element: By.xpath: //div[@id='addToCart-modal-body']//h2 || ==> Text Return: Laptop Asus
[INFO] 13-07-2025 12:15:25 [TestNG-test=User Add Product Test-1] LogUtils - Click on element By.xpath: //span[normalize-space()='Add to cart']
[INFO] 13-07-2025 12:15:25 [TestNG-test=User Add Product Test-1] LogUtils - Click button add cart in popup add cart
[INFO] 13-07-2025 12:15:25 [TestNG-test=User Add Product Test-1] LogUtils - checkElementExist: true --- By.xpath: //h3[normalize-space()='Item added to your cart!']
[INFO] 13-07-2025 12:15:25 [TestNG-test=User Add Product Test-1] LogUtils - checkElementExist: true --- By.xpath: //span[normalize-space()='Frequently Bought Together']
[INFO] 13-07-2025 12:15:25 [TestNG-test=User Add Product Test-1] LogUtils - checkElementExist: true --- By.xpath: //h3[normalize-space()='Item added to your cart!']
[INFO] 13-07-2025 12:15:25 [TestNG-test=User Add Product Test-1] LogUtils - checkElementExist: true --- By.xpath: //span[normalize-space()='Frequently Bought Together']
[INFO] 13-07-2025 12:15:26 [TestNG-test=User Add Product Test-1] LogUtils - Get text of element: By.xpath: //div[@id='cart_items']//span[contains(@class, 'badge') and contains(@class, 'cart-count')] || ==> Text Return: 1
[INFO] 13-07-2025 12:15:26 [TestNG-test=User Add Product Test-1] LogUtils - verifyPopupAddCartSuccess countProductCart: 1
[INFO] 13-07-2025 12:15:26 [TestNG-test=User Add Product Test-1] LogUtils - verifyPopupAddCartSuccess getCartCount: 1
[INFO] 13-07-2025 12:15:26 [TestNG-test=User Add Product Test-1] LogUtils - verifyPopupAddCartSuccess: popup add cart success!
[INFO] 13-07-2025 12:15:26 [TestNG-test=User Add Product Test-1] LogUtils - Click on element By.xpath: //div[@id='addToCart']/descendant::button[contains(@class, 'close') and @aria-label='Close']
[INFO] 13-07-2025 12:15:26 [TestNG-test=User Add Product Test-1] LogUtils - Click button close popup add cart
[INFO] 13-07-2025 12:15:28 [TestNG-test=User Add Product Test-1] LogUtils - Click on element By.xpath: ((//form[@id='search-form']/descendant::div[@class='col'])[2]/descendant::a[@data-title='Add to cart'])[1]
[INFO] 13-07-2025 12:15:28 [TestNG-test=User Add Product Test-1] LogUtils - Get text of element: By.xpath: (//form[@id='search-form']/descendant::div[@class='col'])[1]/descendant::div[contains(@class, 'rating')]/following-sibling::h3/a || ==> Text Return: Laptop Asus
[INFO] 13-07-2025 12:15:28 [TestNG-test=User Add Product Test-1] LogUtils - Get text of element: By.xpath: (//form[@id='search-form']/descendant::div[@class='col'])[2]/descendant::div[contains(@class, 'rating')]/following-sibling::h3/a || ==> Text Return: Laptop Asus
[INFO] 13-07-2025 12:15:29 [TestNG-test=User Add Product Test-1] LogUtils - Get text of element: By.xpath: //div[@id='addToCart-modal-body']//h2 || ==> Text Return: Laptop Asus
[INFO] 13-07-2025 12:15:29 [TestNG-test=User Add Product Test-1] LogUtils - ✅ verifyPopupAddCart: verify success !
[INFO] 13-07-2025 12:15:29 [TestNG-test=User Add Product Test-1] LogUtils - Get text of element: By.xpath: (//div[@id='addToCart-modal-body']//strong)[1] || ==> Text Return: $3,000.00
[INFO] 13-07-2025 12:15:29 [TestNG-test=User Add Product Test-1] LogUtils - 🔍 Raw price (popup): $3,000.00
[INFO] 13-07-2025 12:15:29 [TestNG-test=User Add Product Test-1] LogUtils - 💡 Formatted price range: 3000.00
[INFO] 13-07-2025 12:15:29 [TestNG-test=User Add Product Test-1] LogUtils - 📌 prices[0]: 3000.00
[INFO] 13-07-2025 12:15:29 [TestNG-test=User Add Product Test-1] LogUtils - 💲 Chỉ có một mức giá: 3000.0
[INFO] 13-07-2025 12:15:29 [TestNG-test=User Add Product Test-1] LogUtils - Get attribute of element By.xpath: //input[@name='quantity']
[INFO] 13-07-2025 12:15:29 [TestNG-test=User Add Product Test-1] LogUtils - ==> Attribute value: 1
[INFO] 13-07-2025 12:15:29 [TestNG-test=User Add Product Test-1] LogUtils - Get text of element: By.xpath: //div[@id='addToCart-modal-body']//h2 || ==> Text Return: Laptop Asus
[INFO] 13-07-2025 12:15:30 [TestNG-test=User Add Product Test-1] LogUtils - Click on element By.xpath: //span[normalize-space()='Add to cart']
[INFO] 13-07-2025 12:15:30 [TestNG-test=User Add Product Test-1] LogUtils - Click button add cart in popup add cart
[INFO] 13-07-2025 12:15:30 [TestNG-test=User Add Product Test-1] LogUtils - checkElementExist: true --- By.xpath: //h3[normalize-space()='Item added to your cart!']
[INFO] 13-07-2025 12:15:30 [TestNG-test=User Add Product Test-1] LogUtils - checkElementExist: true --- By.xpath: //span[normalize-space()='Frequently Bought Together']
[INFO] 13-07-2025 12:15:31 [TestNG-test=User Add Product Test-1] LogUtils - checkElementExist: true --- By.xpath: //h3[normalize-space()='Item added to your cart!']
[INFO] 13-07-2025 12:15:31 [TestNG-test=User Add Product Test-1] LogUtils - checkElementExist: true --- By.xpath: //span[normalize-space()='Frequently Bought Together']
[INFO] 13-07-2025 12:15:31 [TestNG-test=User Add Product Test-1] LogUtils - Get text of element: By.xpath: //div[@id='cart_items']//span[contains(@class, 'badge') and contains(@class, 'cart-count')] || ==> Text Return: 2
[INFO] 13-07-2025 12:15:31 [TestNG-test=User Add Product Test-1] LogUtils - verifyPopupAddCartSuccess countProductCart: 2
[INFO] 13-07-2025 12:15:31 [TestNG-test=User Add Product Test-1] LogUtils - verifyPopupAddCartSuccess getCartCount: 2
[INFO] 13-07-2025 12:15:31 [TestNG-test=User Add Product Test-1] LogUtils - verifyPopupAddCartSuccess: popup add cart success!
[INFO] 13-07-2025 12:15:31 [TestNG-test=User Add Product Test-1] LogUtils - Click on element By.xpath: //div[@id='addToCart']/descendant::button[contains(@class, 'close') and @aria-label='Close']
[INFO] 13-07-2025 12:15:31 [TestNG-test=User Add Product Test-1] LogUtils - Click button close popup add cart
[INFO] 13-07-2025 12:15:31 [TestNG-test=User Add Product Test-1] LogUtils - Click on element By.xpath: //div[@id='cart_items']
[INFO] 13-07-2025 12:15:31 [TestNG-test=User Add Product Test-1] LogUtils - checkElementExist: true --- By.xpath: //div[normalize-space()='Cart Items']
[INFO] 13-07-2025 12:15:32 [TestNG-test=User Add Product Test-1] LogUtils - checkElementExist: true --- By.xpath: //span[normalize-space()='Subtotal']
[INFO] 13-07-2025 12:15:32 [TestNG-test=User Add Product Test-1] LogUtils - checkElementExist: true --- By.xpath: //a[normalize-space()='View cart']
[INFO] 13-07-2025 12:15:32 [TestNG-test=User Add Product Test-1] LogUtils - Get text of element: By.xpath: //div[normalize-space()='Cart Items'] || ==> Text Return: Cart Items
[INFO] 13-07-2025 12:15:32 [TestNG-test=User Add Product Test-1] LogUtils - 📦 Product: Laptop Asus
[INFO] 13-07-2025 12:15:32 [TestNG-test=User Add Product Test-1] LogUtils - Quantity: 1, Price: 3000.0, Subtotal: 3000.0
[INFO] 13-07-2025 12:15:32 [TestNG-test=User Add Product Test-1] LogUtils - 📦 Product: Laptop Asus
[INFO] 13-07-2025 12:15:32 [TestNG-test=User Add Product Test-1] LogUtils - Quantity: 1, Price: 3000.0, Subtotal: 3000.0
[INFO] 13-07-2025 12:15:32 [TestNG-test=User Add Product Test-1] LogUtils - Get text of element: By.xpath: //span[normalize-space()='Subtotal']/following-sibling::span || ==> Text Return: $6,000.00
[INFO] 13-07-2025 12:15:32 [TestNG-test=User Add Product Test-1] LogUtils - 🔢 Expected total: 6000.0 | Actual total: 6000.0
[INFO] 13-07-2025 12:15:32 [TestNG-test=User Add Product Test-1] LogUtils - ✅ verifyAddCartSuccess successfully! Sản phẩm còn lại: 2
[INFO] 13-07-2025 12:15:33 [TestNG-test=User Add Product Test-1] LogUtils - Click on element By.xpath: //a[normalize-space()='View cart']
[INFO] 13-07-2025 12:15:33 [TestNG-test=User Add Product Test-1] LogUtils - Get current url: https://cms.anhtester.com/cart
[INFO] 13-07-2025 12:15:33 [TestNG-test=User Add Product Test-1] LogUtils - checkElementExist: true --- By.xpath: //h3[contains(normalize-space(),'My Cart')]
[INFO] 13-07-2025 12:15:33 [TestNG-test=User Add Product Test-1] LogUtils - checkElementExist: true --- By.xpath: //section[@id='cart-summary']/descendant::span[normalize-space()='Subtotal']
[INFO] 13-07-2025 12:15:34 [TestNG-test=User Add Product Test-1] LogUtils - Get text of element: By.xpath: //h3[contains(normalize-space(),'My Cart')] || ==> Text Return: 1. My Cart
[INFO] 13-07-2025 12:15:34 [TestNG-test=User Add Product Test-1] LogUtils - Get text of element: By.xpath: //section[@id='cart-summary']/descendant::span[normalize-space()='Subtotal'] || ==> Text Return: Subtotal
[INFO] 13-07-2025 12:15:34 [TestNG-test=User Add Product Test-1] LogUtils - 🧾 Product: Laptop Asus - Aqua | Qty: 1 | Price: $3000.0 | Subtotal: $3000.0
[INFO] 13-07-2025 12:15:34 [TestNG-test=User Add Product Test-1] LogUtils - Total price each product actual: 3000.0, expected: 3000.0
[INFO] 13-07-2025 12:15:34 [TestNG-test=User Add Product Test-1] LogUtils - 🎯 Expected → Qty: 1 | Min: 3000.0 | Max: 3000.0
[INFO] 13-07-2025 12:15:34 [TestNG-test=User Add Product Test-1] LogUtils - 🧾 Product: Laptop Asus - Aqua | Qty: 1 | Price: $3000.0 | Subtotal: $3000.0
[INFO] 13-07-2025 12:15:34 [TestNG-test=User Add Product Test-1] LogUtils - Total price each product actual: 3000.0, expected: 3000.0
[INFO] 13-07-2025 12:15:34 [TestNG-test=User Add Product Test-1] LogUtils - 🎯 Expected → Qty: 1 | Min: 3000.0 | Max: 3000.0
[INFO] 13-07-2025 12:15:34 [TestNG-test=User Add Product Test-1] LogUtils - Get text of element: By.xpath: //section[@id='cart-summary']/descendant::span[normalize-space()='Subtotal']/following-sibling::span || ==> Text Return: $6,000.00
[INFO] 13-07-2025 12:15:34 [TestNG-test=User Add Product Test-1] LogUtils - 🔢 Expected total: 6000.0 | Actual total: 6000.0
[INFO] 13-07-2025 12:15:34 [TestNG-test=User Add Product Test-1] LogUtils - ✅ verifyProductInCart hoàn tất!
[INFO] 13-07-2025 12:15:35 [TestNG-test=User Add Product Test-1] LogUtils - Click on element By.xpath: //a[normalize-space()='Continue to Shipping']
[INFO] 13-07-2025 12:15:35 [TestNG-test=User Add Product Test-1] LogUtils - 🚛 Start verify shipping page
[INFO] 13-07-2025 12:15:35 [TestNG-test=User Add Product Test-1] LogUtils - Get current url: https://cms.anhtester.com/checkout
[INFO] 13-07-2025 12:15:35 [TestNG-test=User Add Product Test-1] LogUtils - Get CSS value color of element By.xpath: //h3[contains(normalize-space(), 'Shipping info')]
[INFO] 13-07-2025 12:15:35 [TestNG-test=User Add Product Test-1] LogUtils - ==> CSS value: rgba(230, 46, 4, 1)
[INFO] 13-07-2025 12:15:35 [TestNG-test=User Add Product Test-1] LogUtils - colorHeaderShippingPage: #e62e04
[INFO] 13-07-2025 12:15:35 [TestNG-test=User Add Product Test-1] LogUtils - 🔍 Trạng thái enabled của By.xpath: (//input[@name='address_id'])[1]/ancestor::label/parent::div: true
[INFO] 13-07-2025 12:15:35 [TestNG-test=User Add Product Test-1] LogUtils - 🔍 Trạng thái enabled của By.xpath: //div[text()='Add New Address']: true
[INFO] 13-07-2025 12:15:35 [TestNG-test=User Add Product Test-1] LogUtils - 🔍 Trạng thái enabled của By.xpath: //button[normalize-space()='Continue to Delivery Info']: true
[INFO] 13-07-2025 12:15:35 [TestNG-test=User Add Product Test-1] LogUtils - Get text of element: By.xpath: //button[normalize-space()='Continue to Delivery Info'] || ==> Text Return: Continue to Delivery Info
[INFO] 13-07-2025 12:15:36 [TestNG-test=User Add Product Test-1] LogUtils - ✅ An address option is already selected. No action taken.
[INFO] 13-07-2025 12:15:38 [TestNG-test=User Add Product Test-1] LogUtils - Click on element By.xpath: //button[normalize-space()='Continue to Delivery Info']
[INFO] 13-07-2025 12:15:38 [TestNG-test=User Add Product Test-1] LogUtils - Start verify delivery page
[INFO] 13-07-2025 12:15:38 [TestNG-test=User Add Product Test-1] LogUtils - Get current url: https://cms.anhtester.com/checkout/delivery_info
[INFO] 13-07-2025 12:15:38 [TestNG-test=User Add Product Test-1] LogUtils - Get text of element: By.xpath: //h3[normalize-space()='3. Delivery info'] || ==> Text Return: 3. Delivery info
[INFO] 13-07-2025 12:15:38 [TestNG-test=User Add Product Test-1] LogUtils - Get text of element: By.xpath: //h5[normalize-space()='Active eCommerce CMS Products'] || ==> Text Return: Active eCommerce CMS Products
[INFO] 13-07-2025 12:15:38 [TestNG-test=User Add Product Test-1] LogUtils - Get CSS value color of element By.xpath: //h3[normalize-space()='3. Delivery info']
[INFO] 13-07-2025 12:15:38 [TestNG-test=User Add Product Test-1] LogUtils - ==> CSS value: rgba(230, 46, 4, 1)
[INFO] 13-07-2025 12:15:38 [TestNG-test=User Add Product Test-1] LogUtils - checkElementExist: true --- By.xpath: //h5[normalize-space()='Active eCommerce CMS Products']
[INFO] 13-07-2025 12:15:38 [TestNG-test=User Add Product Test-1] LogUtils - checkElementExist: true --- By.xpath: //h3[normalize-space()='3. Delivery info']
[INFO] 13-07-2025 12:15:38 [TestNG-test=User Add Product Test-1] LogUtils - 🔍 Trạng thái enabled của By.xpath: //button[normalize-space()='Continue to Payment']: true
[INFO] 13-07-2025 12:15:38 [TestNG-test=User Add Product Test-1] LogUtils - Get text of element: By.xpath: //button[normalize-space()='Continue to Payment'] || ==> Text Return: Continue to Payment
[INFO] 13-07-2025 12:15:38 [TestNG-test=User Add Product Test-1] LogUtils - 🚛 Start verify product in delivery page
[INFO] 13-07-2025 12:15:38 [TestNG-test=User Add Product Test-1] LogUtils - 📦 nameProductActual: Laptop Asus
[INFO] 13-07-2025 12:15:38 [TestNG-test=User Add Product Test-1] LogUtils - 📦 nameProductActual: Laptop Asus
[INFO] 13-07-2025 12:15:40 [TestNG-test=User Add Product Test-1] LogUtils - Click on element By.xpath: //button[normalize-space()='Continue to Payment']
[INFO] 13-07-2025 12:15:40 [TestNG-test=User Add Product Test-1] LogUtils - 🚛 Start verify payment page
[INFO] 13-07-2025 12:15:40 [TestNG-test=User Add Product Test-1] LogUtils - Get current url: https://cms.anhtester.com/checkout/payment_select
[INFO] 13-07-2025 12:15:40 [TestNG-test=User Add Product Test-1] LogUtils - Get CSS value color of element By.xpath: //h3[normalize-space()='4. Payment']
[INFO] 13-07-2025 12:15:40 [TestNG-test=User Add Product Test-1] LogUtils - ==> CSS value: rgba(230, 46, 4, 1)
[INFO] 13-07-2025 12:15:40 [TestNG-test=User Add Product Test-1] LogUtils - Get text of element: By.xpath: //button[normalize-space()='Complete Order'] || ==> Text Return: Complete Order
[INFO] 13-07-2025 12:15:40 [TestNG-test=User Add Product Test-1] LogUtils - 🔍 Trạng thái enabled của By.xpath: //button[normalize-space()='Complete Order']: true
[INFO] 13-07-2025 12:15:40 [TestNG-test=User Add Product Test-1] LogUtils - 🚛 Start verify product in payment page
[INFO] 13-07-2025 12:15:40 [TestNG-test=User Add Product Test-1] LogUtils - Get text of element: By.xpath: //h3[normalize-space()='Summary']/following::span[contains(normalize-space(), 'Items')] || ==> Text Return: 2 Items
[INFO] 13-07-2025 12:15:40 [TestNG-test=User Add Product Test-1] LogUtils - countProductActual: 2
[INFO] 13-07-2025 12:15:40 [TestNG-test=User Add Product Test-1] LogUtils - countProductExpected: 2
[INFO] 13-07-2025 12:15:40 [TestNG-test=User Add Product Test-1] LogUtils - 🔍 Sản phẩm: Laptop Asus
[INFO] 13-07-2025 12:15:40 [TestNG-test=User Add Product Test-1] LogUtils -    Số lượng: 1
[INFO] 13-07-2025 12:15:40 [TestNG-test=User Add Product Test-1] LogUtils -    Giá: 3000.0
[INFO] 13-07-2025 12:15:40 [TestNG-test=User Add Product Test-1] LogUtils - 🔍 Sản phẩm: Laptop Asus
[INFO] 13-07-2025 12:15:40 [TestNG-test=User Add Product Test-1] LogUtils -    Số lượng: 1
[INFO] 13-07-2025 12:15:40 [TestNG-test=User Add Product Test-1] LogUtils -    Giá: 3000.0
[INFO] 13-07-2025 12:15:40 [TestNG-test=User Add Product Test-1] LogUtils - Get text of element: By.xpath: //th[normalize-space()='Subtotal']/following-sibling::td/span || ==> Text Return: $6,000.00
[INFO] 13-07-2025 12:15:40 [TestNG-test=User Add Product Test-1] LogUtils - 💰 Tổng tiền mong đợi (calculated): 6000.0
[INFO] 13-07-2025 12:15:40 [TestNG-test=User Add Product Test-1] LogUtils - 💰 Tổng tiền hiển thị UI: 6000.0
[INFO] 13-07-2025 12:15:40 [TestNG-test=User Add Product Test-1] LogUtils - Get text of element: By.xpath: //th[normalize-space()='Total Shipping']//following-sibling::td/span || ==> Text Return: $30,000.00
[INFO] 13-07-2025 12:15:40 [TestNG-test=User Add Product Test-1] LogUtils - Get text of element: By.xpath: //tr[@class='cart-total']/td//span || ==> Text Return: $36,000.00
[INFO] 13-07-2025 12:15:40 [TestNG-test=User Add Product Test-1] LogUtils - ✅ verifyProductPaymentPage: success!
[INFO] 13-07-2025 12:15:41 [TestNG-test=User Add Product Test-1] LogUtils - Click on element By.xpath: //input[@id='agree_checkbox']/ancestor::label[@class='aiz-checkbox']
[INFO] 13-07-2025 12:15:41 [TestNG-test=User Add Product Test-1] LogUtils - Click on element By.xpath: //button[normalize-space()='Complete Order']
[INFO] 13-07-2025 12:15:41 [TestNG-test=User Add Product Test-1] LogUtils - Get current url: https://cms.anhtester.com/checkout/payment_select
[INFO] 13-07-2025 12:15:41 [TestNG-test=User Add Product Test-1] LogUtils - Get CSS value color of element By.xpath: //h3[normalize-space()='5. Confirmation']
[ERROR] 13-07-2025 12:15:45 [TestNG-test=User Add Product Test-1] LogUtils - ❌ Đây là Test case chạy thất bại: testAddCart
[ERROR] 13-07-2025 12:15:45 [TestNG-test=User Add Product Test-1] LogUtils - org.openqa.selenium.StaleElementReferenceException: stale element reference: stale element not found
  (Session info: MicrosoftEdge=138.0.3351.83)
For documentation on this error, please visit: https://www.selenium.dev/documentation/webdriver/troubleshooting/errors#stale-element-reference-exception
Build info: version: '4.33.0', revision: '2c6aaad03a'
System info: os.name: 'Windows 10', os.arch: 'amd64', os.version: '10.0', java.version: '21.0.6'
Driver info: org.openqa.selenium.edge.EdgeDriver
Command: [de04584a2d2cf0ad6ec3cab4a03f70d1, getElementValueOfCssProperty {id=f.E649A3E3F7B98DC51A1190042CC9DF7C.d.36147C3B50ACD7ECF6A8E334B79566CC.e.568, propertyName=color}]
Capabilities {acceptInsecureCerts: false, browserName: MicrosoftEdge, browserVersion: 138.0.3351.83, fedcm:accounts: true, ms:edgeOptions: {debuggerAddress: localhost:50134}, msedge: {msedgedriverVersion: 138.0.3351.83 (16e2a7bef320..., userDataDir: C:\Temp\scoped_dir11100_493...}, networkConnectionEnabled: false, pageLoadStrategy: normal, platformName: windows, proxy: Proxy(), se:cdp: ws://localhost:50134/devtoo..., se:cdpVersion: 138.0.3351.83, setWindowRect: true, strictFileInteractability: false, timeouts: {implicit: 0, pageLoad: 300000, script: 30000}, unhandledPromptBehavior: dismiss and notify, webauthn:extension:credBlob: true, webauthn:extension:largeBlob: true, webauthn:extension:minPinLength: true, webauthn:extension:prf: true, webauthn:virtualAuthenticators: true}
Element: [[EdgeDriver: MicrosoftEdge on windows (de04584a2d2cf0ad6ec3cab4a03f70d1)] -> xpath: //h3[normalize-space()='5. Confirmation']]
Session ID: de04584a2d2cf0ad6ec3cab4a03f70d1
[INFO] 13-07-2025 12:15:45 [TestNG-test=User Add Product Test-1] LogUtils - Screenshot taken: testAddCart
[INFO] 13-07-2025 12:15:45 [TestNG-test=User Add Product Test-1] LogUtils - Screenshot taken current URL: https://cms.anhtester.com/checkout/order-confirmed
[INFO] 13-07-2025 12:15:46 [main] LogUtils - ⭐️ Total test: 8
[INFO] 13-07-2025 12:15:46 [main] LogUtils - ⭐️ Passed: 7
[INFO] 13-07-2025 12:15:46 [main] LogUtils - ⭐️ Failed: 1
[INFO] 13-07-2025 12:15:46 [main] LogUtils - ⭐️ Skipped: 0
[INFO] 13-07-2025 12:15:46 [main] LogUtils - 🟢 Kết thúc toàn bộ suite: User Add Product Test
[INFO] 13-07-2025 12:15:49 [main] LogUtils - ✅ Email with attachments sent!
[INFO] 13-07-2025 12:15:49 [main] LogUtils - ⚙\uFE0F Thời gian chạy toàn bộ test:Sun Jul 13 12:15:49 ICT 2025
[INFO] 13-07-2025 12:15:49 [main] LogUtils - ⚙️ Bắt đầu test suite cho class: AdminCheckDetailProduct
[INFO] 13-07-2025 12:15:49 [TestNG-test=User Add Product Test-1] LogUtils - ✅ Read data from Excel: [[Laptop Asus, Laptop, Asus, PC, Aqua, 5, laptop asus, 3000, 500, Laptop asus vừa mạnh vừa đẹp, laptop_asus.webp]]
[INFO] 13-07-2025 12:15:49 [TestNG-test=User Add Product Test-1] LogUtils - Run with Edge browser (default)
[INFO] 13-07-2025 12:15:51 [TestNG-test=User Add Product Test-1] LogUtils - Bắt đầu chạy test: testAdminCheckDetailProduct
[INFO] 13-07-2025 12:15:53 [TestNG-test=User Add Product Test-1] LogUtils - 🌐 Open URL: https://cms.anhtester.com/
[INFO] 13-07-2025 12:15:53 [TestNG-test=User Add Product Test-1] LogUtils - checkElementExist: true --- By.xpath: //b[normalize-space()='Website Demo']
[INFO] 13-07-2025 12:15:54 [TestNG-test=User Add Product Test-1] LogUtils - Click on element By.xpath: //b[normalize-space()='Website Demo']/following::button[@data-value='removed']
[INFO] 13-07-2025 12:15:55 [TestNG-test=User Add Product Test-1] LogUtils - Click on element By.xpath: (//a[normalize-space()='Login'])[1]
[INFO] 13-07-2025 12:15:55 [TestNG-test=User Add Product Test-1] LogUtils - checkElementExist: true --- By.xpath: //a[contains(normalize-space(), 'Forgot password')]
[INFO] 13-07-2025 12:15:55 [TestNG-test=User Add Product Test-1] LogUtils - Clear text on element By.xpath: //input[@id='email']
[INFO] 13-07-2025 12:15:55 [TestNG-test=User Add Product Test-1] LogUtils - Set text [admin@example.com] on element: By.xpath: //input[@id='email']
[INFO] 13-07-2025 12:15:56 [TestNG-test=User Add Product Test-1] LogUtils - Clear text on element By.xpath: //input[@id='password']
[INFO] 13-07-2025 12:15:56 [TestNG-test=User Add Product Test-1] LogUtils - Set text [123456] on element: By.xpath: //input[@id='password']
[INFO] 13-07-2025 12:15:58 [TestNG-test=User Add Product Test-1] LogUtils - Click on element By.xpath: //button[normalize-space()='Login']
[INFO] 13-07-2025 12:16:00 [TestNG-test=User Add Product Test-1] LogUtils - Get current url: https://cms.anhtester.com/admin
[INFO] 13-07-2025 12:16:00 [TestNG-test=User Add Product Test-1] LogUtils - checkElementExist: true --- By.xpath: (//span[normalize-space()='Dashboard'])[1]
[INFO] 13-07-2025 12:16:00 [TestNG-test=User Add Product Test-1] LogUtils - checkElementExist: true --- By.xpath: //span[normalize-space()='Admin Example']
[INFO] 13-07-2025 12:16:00 [TestNG-test=User Add Product Test-1] LogUtils - checkElementExist: true --- By.xpath: //span[normalize-space()='Clear Cache']
[INFO] 13-07-2025 12:16:00 [TestNG-test=User Add Product Test-1] LogUtils - Get text of element: By.xpath: //span[normalize-space()='Clear Cache'] || ==> Text Return: Clear Cache
[INFO] 13-07-2025 12:16:00 [TestNG-test=User Add Product Test-1] LogUtils - Click on element By.xpath: //ul[@id='main-menu']//span[normalize-space()='Products']
[INFO] 13-07-2025 12:16:02 [TestNG-test=User Add Product Test-1] LogUtils - Click on element By.xpath: //span[normalize-space()='Add New Product']
[INFO] 13-07-2025 12:16:02 [TestNG-test=User Add Product Test-1] LogUtils - Get current url: https://cms.anhtester.com/admin/products/create
[INFO] 13-07-2025 12:16:02 [TestNG-test=User Add Product Test-1] LogUtils - Get text of element: By.xpath: //h5[normalize-space()='Add New Product'] || ==> Text Return: Add New Product
[INFO] 13-07-2025 12:16:02 [TestNG-test=User Add Product Test-1] LogUtils - checkElementExist: true --- By.xpath: //h5[normalize-space()='Product Information']
[INFO] 13-07-2025 12:16:02 [TestNG-test=User Add Product Test-1] LogUtils - checkElementExist: true --- By.xpath: //h5[normalize-space()='Add New Product']
[INFO] 13-07-2025 12:16:02 [TestNG-test=User Add Product Test-1] LogUtils - Verify add new product page successfully
[INFO] 13-07-2025 12:16:03 [TestNG-test=User Add Product Test-1] LogUtils - Clear text on element By.xpath: //input[@name='name']
[INFO] 13-07-2025 12:16:03 [TestNG-test=User Add Product Test-1] LogUtils - Set text [Laptop Asus] on element: By.xpath: //input[@name='name']
[INFO] 13-07-2025 12:16:03 [TestNG-test=User Add Product Test-1] LogUtils - Click on element By.xpath: //button[@data-id='category_id']
[INFO] 13-07-2025 12:16:04 [TestNG-test=User Add Product Test-1] LogUtils - Set text [Laptop] on element: By.xpath: //button[@data-id='category_id']/following-sibling::div//input
[INFO] 13-07-2025 12:16:04 [TestNG-test=User Add Product Test-1] LogUtils - Click on element By.xpath: (//div[@id='bs-select-1']//li)[1]
[INFO] 13-07-2025 12:16:04 [TestNG-test=User Add Product Test-1] LogUtils - Click on element By.xpath: //button[@data-id='brand_id']
[INFO] 13-07-2025 12:16:05 [TestNG-test=User Add Product Test-1] LogUtils - Set text [Asus] on element: By.xpath: //button[@data-id='brand_id']/following-sibling::div//input
[INFO] 13-07-2025 12:16:05 [TestNG-test=User Add Product Test-1] LogUtils - Click on element By.xpath: (//div[@id='bs-select-2']//li)[1]
[INFO] 13-07-2025 12:16:05 [TestNG-test=User Add Product Test-1] LogUtils - Clear text on element By.xpath: //input[@name='unit']
[INFO] 13-07-2025 12:16:06 [TestNG-test=User Add Product Test-1] LogUtils - Set text [PC] on element: By.xpath: //input[@name='unit']
[INFO] 13-07-2025 12:16:06 [TestNG-test=User Add Product Test-1] LogUtils - Clear text on element By.xpath: //input[@name='weight']
[INFO] 13-07-2025 12:16:06 [TestNG-test=User Add Product Test-1] LogUtils - Set text [5] on element: By.xpath: //input[@name='weight']
[INFO] 13-07-2025 12:16:07 [TestNG-test=User Add Product Test-1] LogUtils - Set text [laptop asus] on element: By.xpath: //tags[@role='tagslist']
[INFO] 13-07-2025 12:16:07 [TestNG-test=User Add Product Test-1] LogUtils - Click on element By.xpath: //label[@for='signinSrEmail' and contains(normalize-space(), 'Gallery Images ')]/following-sibling::div/div
[INFO] 13-07-2025 12:16:09 [TestNG-test=User Add Product Test-1] LogUtils - Click on element By.xpath: //a[normalize-space()='Upload New']
[INFO] 13-07-2025 12:16:10 [TestNG-test=User Add Product Test-1] LogUtils - Click on element By.xpath: //button[normalize-space()='Browse']
[INFO] 13-07-2025 12:16:12 [TestNG-test=User Add Product Test-1] LogUtils - 📁 File path để upload: D:\LearnAutomationTest\EcommerceAutomationTesting\src\test\resources\datatest\laptop_asus.webp
[INFO] 13-07-2025 12:16:12 [TestNG-test=User Add Product Test-1] LogUtils - 📋 Đã copy đường dẫn file vào clipboard
[INFO] 13-07-2025 12:16:13 [TestNG-test=User Add Product Test-1] LogUtils - ⌨️ Đã thực hiện Ctrl + V
[INFO] 13-07-2025 12:16:14 [TestNG-test=User Add Product Test-1] LogUtils - ⏎ Đã nhấn Enter để xác nhận chọn file
[INFO] 13-07-2025 12:16:16 [TestNG-test=User Add Product Test-1] LogUtils - Click on element By.xpath: //a[normalize-space()='Select File']
[INFO] 13-07-2025 12:16:18 [TestNG-test=User Add Product Test-1] LogUtils - Click element with JavaScript: By.xpath: (//div[@title='laptop_asus.webp'])[13]
[INFO] 13-07-2025 12:16:18 [TestNG-test=User Add Product Test-1] LogUtils - Click on element By.xpath: //button[normalize-space()='Add Files']
[INFO] 13-07-2025 12:16:18 [TestNG-test=User Add Product Test-1] LogUtils - ✅ Upload file thành công và đã xác nhận trong UI
[INFO] 13-07-2025 12:16:19 [TestNG-test=User Add Product Test-1] LogUtils - Click on element By.xpath: //label[@for='signinSrEmail' and contains(normalize-space(), 'Thumbnail Image ')]/following-sibling::div/div[@data-type='image']
[INFO] 13-07-2025 12:16:22 [TestNG-test=User Add Product Test-1] LogUtils - Click on element By.xpath: //a[normalize-space()='Upload New']
[INFO] 13-07-2025 12:16:22 [TestNG-test=User Add Product Test-1] LogUtils - Click on element By.xpath: //button[normalize-space()='Browse']
[INFO] 13-07-2025 12:16:24 [TestNG-test=User Add Product Test-1] LogUtils - 📁 File path để upload: D:\LearnAutomationTest\EcommerceAutomationTesting\src\test\resources\datatest\laptop_asus.webp
[INFO] 13-07-2025 12:16:24 [TestNG-test=User Add Product Test-1] LogUtils - 📋 Đã copy đường dẫn file vào clipboard
[INFO] 13-07-2025 12:16:25 [TestNG-test=User Add Product Test-1] LogUtils - ⌨️ Đã thực hiện Ctrl + V
[INFO] 13-07-2025 12:16:26 [TestNG-test=User Add Product Test-1] LogUtils - ⏎ Đã nhấn Enter để xác nhận chọn file
[INFO] 13-07-2025 12:16:29 [TestNG-test=User Add Product Test-1] LogUtils - Click on element By.xpath: //a[normalize-space()='Select File']
[INFO] 13-07-2025 12:16:30 [TestNG-test=User Add Product Test-1] LogUtils - Click element with JavaScript: By.xpath: (//div[@title='laptop_asus.webp'])[15]
[INFO] 13-07-2025 12:16:30 [TestNG-test=User Add Product Test-1] LogUtils - Click on element By.xpath: //button[normalize-space()='Add Files']
[INFO] 13-07-2025 12:16:30 [TestNG-test=User Add Product Test-1] LogUtils - ✅ Upload file thành công và đã xác nhận trong UI
[INFO] 13-07-2025 12:16:31 [TestNG-test=User Add Product Test-1] LogUtils - Click on element By.xpath: //button[@data-id='colors']/parent::div/parent::div/following-sibling::div/label
[INFO] 13-07-2025 12:16:32 [TestNG-test=User Add Product Test-1] LogUtils - Click on element By.xpath: //button[@data-id='colors']
[INFO] 13-07-2025 12:16:32 [TestNG-test=User Add Product Test-1] LogUtils - Clear text on element By.xpath: //button[@data-id='colors']/following-sibling::div//input
[INFO] 13-07-2025 12:16:32 [TestNG-test=User Add Product Test-1] LogUtils - Set text [Aqua] on element: By.xpath: //button[@data-id='colors']/following-sibling::div//input
[INFO] 13-07-2025 12:16:33 [TestNG-test=User Add Product Test-1] LogUtils - Click on element By.xpath: (//button[@data-id='colors']/following-sibling::div//ul/li)[1]
[INFO] 13-07-2025 12:16:33 [TestNG-test=User Add Product Test-1] LogUtils - Click on element By.xpath: //h5[normalize-space()='Product Variation']
[INFO] 13-07-2025 12:16:34 [TestNG-test=User Add Product Test-1] LogUtils - Clear text on element By.xpath: //input[@name='unit_price']
[INFO] 13-07-2025 12:16:35 [TestNG-test=User Add Product Test-1] LogUtils - Set text [3000] on element: By.xpath: //input[@name='unit_price']
[INFO] 13-07-2025 12:16:36 [TestNG-test=User Add Product Test-1] LogUtils - Clear text on element By.xpath: //input[@name='qty_Aqua']
[INFO] 13-07-2025 12:16:36 [TestNG-test=User Add Product Test-1] LogUtils - Set text [500] on element: By.xpath: //input[@name='qty_Aqua']
[INFO] 13-07-2025 12:16:37 [TestNG-test=User Add Product Test-1] LogUtils - Clear text on element By.xpath: //input[@name='price_Aqua']
[INFO] 13-07-2025 12:16:37 [TestNG-test=User Add Product Test-1] LogUtils - Set text [3000] on element: By.xpath: //input[@name='price_Aqua']
[INFO] 13-07-2025 12:16:40 [TestNG-test=User Add Product Test-1] LogUtils - Set text [Laptop asus vừa mạnh vừa đẹp] on element: By.xpath: //div[@role='textbox']
[INFO] 13-07-2025 12:16:40 [TestNG-test=User Add Product Test-1] LogUtils - 📝 Product Name: Laptop Asus
[INFO] 13-07-2025 12:16:40 [TestNG-test=User Add Product Test-1] LogUtils - 📂 Category: Laptop
[INFO] 13-07-2025 12:16:40 [TestNG-test=User Add Product Test-1] LogUtils - 🏷️ Brand: Asus
[INFO] 13-07-2025 12:16:40 [TestNG-test=User Add Product Test-1] LogUtils - 📏 Unit: PC
[INFO] 13-07-2025 12:16:40 [TestNG-test=User Add Product Test-1] LogUtils - ⚖️ Weight: 5
[INFO] 13-07-2025 12:16:40 [TestNG-test=User Add Product Test-1] LogUtils - 🔖 Tag: laptop asus
[INFO] 13-07-2025 12:16:40 [TestNG-test=User Add Product Test-1] LogUtils - 💵 Price: 3000
[INFO] 13-07-2025 12:16:40 [TestNG-test=User Add Product Test-1] LogUtils - 💵 Color: Aqua
[INFO] 13-07-2025 12:16:40 [TestNG-test=User Add Product Test-1] LogUtils - 📦 Quantity: 500
[INFO] 13-07-2025 12:16:40 [TestNG-test=User Add Product Test-1] LogUtils - 🧾 Description: Laptop asus vừa mạnh vừa đẹp
[INFO] 13-07-2025 12:16:40 [TestNG-test=User Add Product Test-1] LogUtils - 🖼️ Image path: laptop_asus.webp
[INFO] 13-07-2025 12:16:40 [TestNG-test=User Add Product Test-1] LogUtils - Click on element By.xpath: //button[normalize-space()='Save & Publish']
[INFO] 13-07-2025 12:16:41 [TestNG-test=User Add Product Test-1] LogUtils - Get text of element: By.xpath: //span[normalize-space()='Product has been inserted successfully'] || ==> Text Return: Product has been inserted successfully
[INFO] 13-07-2025 12:16:41 [TestNG-test=User Add Product Test-1] LogUtils - checkElementExist: true --- By.xpath: //span[normalize-space()='Product has been inserted successfully']
[INFO] 13-07-2025 12:16:41 [TestNG-test=User Add Product Test-1] LogUtils - Get current url: https://cms.anhtester.com/admin/products/admin
[INFO] 13-07-2025 12:16:42 [TestNG-test=User Add Product Test-1] LogUtils - 🔍 Tìm kiếm với từ khóa [Laptop Asus] bằng element: By.xpath: //input[@id='search']
[INFO] 13-07-2025 12:16:43 [TestNG-test=User Add Product Test-1] LogUtils - Get text of element: By.xpath: (//tbody/tr)[1]/td[2]//span || ==> Text Return: Laptop Asus
[INFO] 13-07-2025 12:16:43 [TestNG-test=User Add Product Test-1] LogUtils - checkElementExist: true --- By.xpath: //h5[normalize-space()='All Product']
[INFO] 13-07-2025 12:16:43 [TestNG-test=User Add Product Test-1] LogUtils - Get text of element: By.xpath: //h5[normalize-space()='All Product'] || ==> Text Return: All Product
[INFO] 13-07-2025 12:16:43 [TestNG-test=User Add Product Test-1] LogUtils - ✅ Verify add new product successfully !
[INFO] 13-07-2025 12:16:43 [TestNG-test=User Add Product Test-1] LogUtils - Get attribute of element By.xpath: (//a[@title='View'])[1]
[INFO] 13-07-2025 12:16:44 [TestNG-test=User Add Product Test-1] LogUtils - ==> Attribute value: https://cms.anhtester.com/product/laptop-asus-7
[INFO] 13-07-2025 12:16:44 [TestNG-test=User Add Product Test-1] LogUtils - Click on element By.xpath: (//a[@title='View'])[1]
[INFO] 13-07-2025 12:16:45 [TestNG-test=User Add Product Test-1] LogUtils - ✅ Switched to new tab with URL: https://cms.anhtester.com/product/laptop-asus-7
[INFO] 13-07-2025 12:16:45 [TestNG-test=User Add Product Test-1] LogUtils - start verifyProductDetailPage
[INFO] 13-07-2025 12:16:45 [TestNG-test=User Add Product Test-1] LogUtils - Get current url: https://cms.anhtester.com/product/laptop-asus-7
[INFO] 13-07-2025 12:16:45 [TestNG-test=User Add Product Test-1] LogUtils - currentURL verify product detail page: https://cms.anhtester.com/product/laptop-asus-7
[INFO] 13-07-2025 12:16:45 [TestNG-test=User Add Product Test-1] LogUtils - href expected verify product detail page: https://cms.anhtester.com/product/laptop-asus-7
[INFO] 13-07-2025 12:16:45 [TestNG-test=User Add Product Test-1] LogUtils - title verify product detail page: Laptop Asus
[INFO] 13-07-2025 12:16:45 [TestNG-test=User Add Product Test-1] LogUtils - Get text of element: By.xpath: //div[@class='text-left']/h1 || ==> Text Return: Laptop Asus
[INFO] 13-07-2025 12:16:45 [TestNG-test=User Add Product Test-1] LogUtils - href expected verify product detail page: https://cms.anhtester.com/product/laptop-asus-7
[INFO] 13-07-2025 12:16:45 [TestNG-test=User Add Product Test-1] LogUtils - title verify product detail page: Laptop Asus
[INFO] 13-07-2025 12:16:45 [TestNG-test=User Add Product Test-1] LogUtils - Get text of element: By.xpath: //div[@class='text-left']/h1 || ==> Text Return: Laptop Asus
[INFO] 13-07-2025 12:16:45 [TestNG-test=User Add Product Test-1] LogUtils - Get text of element: By.xpath: (//div[@class='text-left']//strong)[1] || ==> Text Return: $3,000.00
[INFO] 13-07-2025 12:16:45 [TestNG-test=User Add Product Test-1] LogUtils - Get text of element: By.xpath: (//div[@class='text-left']//strong)[1]/following-sibling::span || ==> Text Return: /PC
[INFO] 13-07-2025 12:16:45 [TestNG-test=User Add Product Test-1] LogUtils - Get text of element: By.xpath: //span[@id='available-quantity'] || ==> Text Return: 500
[INFO] 13-07-2025 12:16:45 [TestNG-test=User Add Product Test-1] LogUtils - Get text of element: By.xpath: //div[@id='tab_default_1']//p || ==> Text Return: Laptop asus vừa mạnh vừa đẹp
[INFO] 13-07-2025 12:16:45 [TestNG-test=User Add Product Test-1] LogUtils - 🔍 nameProduct UI: Laptop Asus | expected: Laptop Asus
[INFO] 13-07-2025 12:16:45 [TestNG-test=User Add Product Test-1] LogUtils - 🔍 priceProduct UI: 3000 | expected: 3000
[INFO] 13-07-2025 12:16:45 [TestNG-test=User Add Product Test-1] LogUtils - 🔍 unitProduct UI: PC | expected: PC
[INFO] 13-07-2025 12:16:45 [TestNG-test=User Add Product Test-1] LogUtils - 🔍 quantityProduct UI: 500 | expected: 500
[INFO] 13-07-2025 12:16:45 [TestNG-test=User Add Product Test-1] LogUtils - 🔍 descriptionProduct UI: Laptop asus vừa mạnh vừa đẹp | expected: Laptop asus vừa mạnh vừa đẹp
[INFO] 13-07-2025 12:16:45 [TestNG-test=User Add Product Test-1] LogUtils - ✅ Verify info product detail with excel data successfully !
[INFO] 13-07-2025 12:16:48 [TestNG-test=User Add Product Test-1] LogUtils - ✅ Đây là Test case chạy thành công: testAdminCheckDetailProduct
[INFO] 13-07-2025 12:16:49 [main] LogUtils - ⭐️ Total test: 9
[INFO] 13-07-2025 12:16:49 [main] LogUtils - ⭐️ Passed: 8
[INFO] 13-07-2025 12:16:49 [main] LogUtils - ⭐️ Failed: 1
[INFO] 13-07-2025 12:16:49 [main] LogUtils - ⭐️ Skipped: 0
[INFO] 13-07-2025 12:16:49 [main] LogUtils - 🟢 Kết thúc toàn bộ suite: User Add Product Test
[INFO] 13-07-2025 12:16:52 [main] LogUtils - ✅ Email with attachments sent!
[INFO] 13-07-2025 12:19:40 [main] LogUtils - ⚙\uFE0F Thời gian chạy toàn bộ test:Sun Jul 13 12:19:39 ICT 2025
[INFO] 13-07-2025 12:19:41 [main] LogUtils - ⚙️ Bắt đầu test suite cho class: UserLoginTest
[INFO] 13-07-2025 12:19:43 [TestNG-test=User Login Test-1] LogUtils - Login Data from Excel: [[Ljava.lang.Object;@56e88d40
[INFO] 13-07-2025 12:19:43 [TestNG-test=User Login Test-3] LogUtils - Login Data from Excel: [[Ljava.lang.Object;@22a11cbc
[INFO] 13-07-2025 12:19:43 [TestNG-test=User Login Test-2] LogUtils - Login Data from Excel: [[Ljava.lang.Object;@532eda31
[INFO] 13-07-2025 12:19:47 [TestNG-test=User Login Test-3] LogUtils - Run with Edge browser
[INFO] 13-07-2025 12:19:47 [TestNG-test=User Login Test-2] LogUtils - Run with Edge browser
[INFO] 13-07-2025 12:19:48 [TestNG-test=User Login Test-1] LogUtils - Run with Edge browser
[INFO] 13-07-2025 12:19:48 [TestNG-test=User Login Test-3] LogUtils - Bắt đầu chạy test: testUserLoginPageFailWithInvalidPassword
[INFO] 13-07-2025 12:19:48 [TestNG-test=User Login Test-1] LogUtils - Bắt đầu chạy test: testUserLoginPageSuccess
[INFO] 13-07-2025 12:19:48 [TestNG-test=User Login Test-2] LogUtils - Bắt đầu chạy test: testUserLoginPageFailWithInvalidEmail
[INFO] 13-07-2025 12:19:50 [TestNG-test=User Login Test-1] LogUtils - 🌐 Open URL: https://cms.anhtester.com/
[INFO] 13-07-2025 12:19:51 [TestNG-test=User Login Test-2] LogUtils - 🌐 Open URL: https://cms.anhtester.com/
[INFO] 13-07-2025 12:19:51 [TestNG-test=User Login Test-3] LogUtils - 🌐 Open URL: https://cms.anhtester.com/
[INFO] 13-07-2025 12:19:52 [TestNG-test=User Login Test-2] LogUtils - checkElementExist: true --- By.xpath: //b[normalize-space()='Website Demo']
[INFO] 13-07-2025 12:19:52 [TestNG-test=User Login Test-3] LogUtils - checkElementExist: true --- By.xpath: //b[normalize-space()='Website Demo']
[INFO] 13-07-2025 12:19:52 [TestNG-test=User Login Test-1] LogUtils - checkElementExist: true --- By.xpath: //b[normalize-space()='Website Demo']
[INFO] 13-07-2025 12:19:53 [TestNG-test=User Login Test-1] LogUtils - Click on element By.xpath: //b[normalize-space()='Website Demo']/following::button[@data-value='removed']
[INFO] 13-07-2025 12:19:53 [TestNG-test=User Login Test-2] LogUtils - Click on element By.xpath: //b[normalize-space()='Website Demo']/following::button[@data-value='removed']
[INFO] 13-07-2025 12:19:53 [TestNG-test=User Login Test-3] LogUtils - Click on element By.xpath: //b[normalize-space()='Website Demo']/following::button[@data-value='removed']
[INFO] 13-07-2025 12:19:54 [TestNG-test=User Login Test-3] LogUtils - Click on element By.xpath: (//a[normalize-space()='Login'])[1]
[INFO] 13-07-2025 12:19:54 [TestNG-test=User Login Test-2] LogUtils - Click on element By.xpath: (//a[normalize-space()='Login'])[1]
[INFO] 13-07-2025 12:19:54 [TestNG-test=User Login Test-1] LogUtils - Click on element By.xpath: (//a[normalize-space()='Login'])[1]
[INFO] 13-07-2025 12:19:55 [TestNG-test=User Login Test-3] LogUtils - checkElementExist: true --- By.xpath: //a[contains(normalize-space(), 'Forgot password')]
[INFO] 13-07-2025 12:19:55 [TestNG-test=User Login Test-2] LogUtils - checkElementExist: true --- By.xpath: //a[contains(normalize-space(), 'Forgot password')]
[INFO] 13-07-2025 12:19:55 [TestNG-test=User Login Test-1] LogUtils - checkElementExist: true --- By.xpath: //a[contains(normalize-space(), 'Forgot password')]
[INFO] 13-07-2025 12:19:55 [TestNG-test=User Login Test-2] LogUtils - Clear text on element By.xpath: //input[@id='email']
[INFO] 13-07-2025 12:19:55 [TestNG-test=User Login Test-3] LogUtils - Clear text on element By.xpath: //input[@id='email']
[INFO] 13-07-2025 12:19:55 [TestNG-test=User Login Test-1] LogUtils - Clear text on element By.xpath: //input[@id='email']
[INFO] 13-07-2025 12:19:55 [TestNG-test=User Login Test-3] LogUtils - Set text [customer@example.com] on element: By.xpath: //input[@id='email']
[INFO] 13-07-2025 12:19:55 [TestNG-test=User Login Test-2] LogUtils - Set text [customer123@example.com] on element: By.xpath: //input[@id='email']
[INFO] 13-07-2025 12:19:55 [TestNG-test=User Login Test-1] LogUtils - Set text [customer@example.com] on element: By.xpath: //input[@id='email']
[INFO] 13-07-2025 12:19:56 [TestNG-test=User Login Test-3] LogUtils - Clear text on element By.xpath: //input[@id='password']
[INFO] 13-07-2025 12:19:56 [TestNG-test=User Login Test-2] LogUtils - Clear text on element By.xpath: //input[@id='password']
[INFO] 13-07-2025 12:19:56 [TestNG-test=User Login Test-1] LogUtils - Clear text on element By.xpath: //input[@id='password']
[INFO] 13-07-2025 12:19:56 [TestNG-test=User Login Test-3] LogUtils - Set text [123] on element: By.xpath: //input[@id='password']
[INFO] 13-07-2025 12:19:56 [TestNG-test=User Login Test-2] LogUtils - Set text [123456] on element: By.xpath: //input[@id='password']
[INFO] 13-07-2025 12:19:56 [TestNG-test=User Login Test-1] LogUtils - Set text [123456] on element: By.xpath: //input[@id='password']
[INFO] 13-07-2025 12:19:57 [TestNG-test=User Login Test-2] LogUtils - Click on element By.xpath: //button[normalize-space()='Login']
[INFO] 13-07-2025 12:19:57 [TestNG-test=User Login Test-3] LogUtils - Click on element By.xpath: //button[normalize-space()='Login']
[INFO] 13-07-2025 12:19:57 [TestNG-test=User Login Test-1] LogUtils - Click on element By.xpath: //button[normalize-space()='Login']
[INFO] 13-07-2025 12:19:59 [TestNG-test=User Login Test-2] LogUtils - Get text of element: By.xpath: //span[contains(normalize-space(), 'Invalid login')] || ==> Text Return: Invalid login credentials
[INFO] 13-07-2025 12:19:59 [TestNG-test=User Login Test-3] LogUtils - Get text of element: By.xpath: //span[contains(normalize-space(), 'Invalid login')] || ==> Text Return: Invalid login credentials
[INFO] 13-07-2025 12:19:59 [TestNG-test=User Login Test-2] LogUtils - Verify login fail success !
[INFO] 13-07-2025 12:19:59 [TestNG-test=User Login Test-3] LogUtils - Verify login fail success !
[INFO] 13-07-2025 12:19:59 [TestNG-test=User Login Test-3] LogUtils - ✅ Đây là Test case chạy thành công: testUserLoginPageFailWithInvalidPassword
[INFO] 13-07-2025 12:19:59 [TestNG-test=User Login Test-2] LogUtils - ✅ Đây là Test case chạy thành công: testUserLoginPageFailWithInvalidEmail
[INFO] 13-07-2025 12:20:00 [TestNG-test=User Login Test-1] LogUtils - checkElementExist: true --- By.xpath: (//span[normalize-space()='Dashboard'])[1]
[INFO] 13-07-2025 12:20:00 [TestNG-test=User Login Test-1] LogUtils - Verify login success !
[INFO] 13-07-2025 12:20:00 [TestNG-test=User Login Test-1] LogUtils - ✅ Đây là Test case chạy thành công: testUserLoginPageSuccess
[INFO] 13-07-2025 12:20:02 [main] LogUtils - ⭐️ Total test: 3
[INFO] 13-07-2025 12:20:02 [main] LogUtils - ⭐️ Passed: 3
[INFO] 13-07-2025 12:20:02 [main] LogUtils - ⭐️ Failed: 0
[INFO] 13-07-2025 12:20:02 [main] LogUtils - ⭐️ Skipped: 0
[INFO] 13-07-2025 12:20:02 [main] LogUtils - 🟢 Kết thúc toàn bộ suite: User Login Test
[INFO] 13-07-2025 12:20:05 [main] LogUtils - ✅ Email with attachments sent!
[INFO] 13-07-2025 12:20:06 [main] LogUtils - ⚙\uFE0F Thời gian chạy toàn bộ test:Sun Jul 13 12:20:06 ICT 2025
[INFO] 13-07-2025 12:20:06 [main] LogUtils - ⚙️ Bắt đầu test suite cho class: UserUpdateProfileTest
[INFO] 13-07-2025 12:20:08 [main] LogUtils - Run with Edge browser
[INFO] 13-07-2025 12:20:08 [main] LogUtils - Bắt đầu chạy test: testUpdateUserWithAddNewName
[INFO] 13-07-2025 12:20:10 [main] LogUtils - 🌐 Open URL: https://cms.anhtester.com/
[INFO] 13-07-2025 12:20:10 [main] LogUtils - checkElementExist: true --- By.xpath: //b[normalize-space()='Website Demo']
[INFO] 13-07-2025 12:20:10 [main] LogUtils - Click on element By.xpath: //b[normalize-space()='Website Demo']/following::button[@data-value='removed']
[INFO] 13-07-2025 12:20:11 [main] LogUtils - Click on element By.xpath: (//a[normalize-space()='Login'])[1]
[INFO] 13-07-2025 12:20:11 [main] LogUtils - checkElementExist: true --- By.xpath: //a[contains(normalize-space(), 'Forgot password')]
[INFO] 13-07-2025 12:20:12 [main] LogUtils - Clear text on element By.xpath: //input[@id='email']
[INFO] 13-07-2025 12:20:12 [main] LogUtils - Set text [customer@example.com] on element: By.xpath: //input[@id='email']
[INFO] 13-07-2025 12:20:12 [main] LogUtils - Clear text on element By.xpath: //input[@id='password']
[INFO] 13-07-2025 12:20:13 [main] LogUtils - Set text [123456] on element: By.xpath: //input[@id='password']
[INFO] 13-07-2025 12:20:14 [main] LogUtils - Click on element By.xpath: //button[normalize-space()='Login']
[INFO] 13-07-2025 12:20:14 [main] LogUtils - checkElementExist: true --- By.xpath: (//span[normalize-space()='Dashboard'])[1]
[INFO] 13-07-2025 12:20:14 [main] LogUtils - Verify login success !
[INFO] 13-07-2025 12:20:15 [main] LogUtils - checkElementExist: true --- By.xpath: (//span[normalize-space()='Manage Profile'])[1]
[INFO] 13-07-2025 12:20:17 [main] LogUtils - Click on element By.xpath: (//span[normalize-space()='Manage Profile'])[1]
[INFO] 13-07-2025 12:20:17 [main] LogUtils - Get current url: https://cms.anhtester.com/profile
[INFO] 13-07-2025 12:20:17 [main] LogUtils - checkElementExist: true --- By.xpath: //button[normalize-space()='Update Profile']
[INFO] 13-07-2025 12:20:17 [main] LogUtils - checkElementExist: true --- By.xpath: //input[@placeholder='Your name' and @name='name']
[INFO] 13-07-2025 12:20:17 [main] LogUtils - Get attribute of element By.xpath: //input[@placeholder='Your name' and @name='name']
[INFO] 13-07-2025 12:20:17 [main] LogUtils - ==> Attribute value: User Test
[INFO] 13-07-2025 12:20:17 [main] LogUtils - Clear text on element By.xpath: //input[@placeholder='Your name' and @name='name']
[INFO] 13-07-2025 12:20:18 [main] LogUtils - Set text [User Test Hoàng] on element: By.xpath: //input[@placeholder='Your name' and @name='name']
[INFO] 13-07-2025 12:20:18 [main] LogUtils - checkElementExist: true --- By.xpath: //button[normalize-space()='Update Profile']
[INFO] 13-07-2025 12:20:19 [main] LogUtils - Click on element By.xpath: //button[normalize-space()='Update Profile']
[INFO] 13-07-2025 12:20:20 [main] LogUtils - checkElementExist: true --- By.xpath: //input[@placeholder='Your name' and @name='name']
[INFO] 13-07-2025 12:20:20 [main] LogUtils - Get attribute of element By.xpath: //input[@placeholder='Your name' and @name='name']
[INFO] 13-07-2025 12:20:20 [main] LogUtils - ==> Attribute value: User Test Hoàng
[INFO] 13-07-2025 12:20:20 [main] LogUtils - checkElementExist: true --- By.xpath: //span[contains(normalize-space(), 'updated successfully')]
[INFO] 13-07-2025 12:20:20 [main] LogUtils - verifyUpdateUserProfileSuccess: profile updated successfully!
[INFO] 13-07-2025 12:20:21 [main] LogUtils - checkElementExist: true --- By.xpath: //span[contains(normalize-space(), 'updated successfully')]
[INFO] 13-07-2025 12:20:21 [main] LogUtils - verifyUpdateUserProfileSuccess: profile updated successfully!
[INFO] 13-07-2025 12:20:21 [main] LogUtils - ✅ Đây là Test case chạy thành công: testUpdateUserWithAddNewName
[INFO] 13-07-2025 12:20:24 [main] LogUtils - Run with Edge browser
[INFO] 13-07-2025 12:20:24 [main] LogUtils - Bắt đầu chạy test: testUpdateUserWithChangeValue
[INFO] 13-07-2025 12:20:27 [main] LogUtils - 🌐 Open URL: https://cms.anhtester.com/
[INFO] 13-07-2025 12:20:27 [main] LogUtils - checkElementExist: true --- By.xpath: //b[normalize-space()='Website Demo']
[INFO] 13-07-2025 12:20:27 [main] LogUtils - Click on element By.xpath: //b[normalize-space()='Website Demo']/following::button[@data-value='removed']
[INFO] 13-07-2025 12:20:28 [main] LogUtils - Click on element By.xpath: (//a[normalize-space()='Login'])[1]
[INFO] 13-07-2025 12:20:28 [main] LogUtils - checkElementExist: true --- By.xpath: //a[contains(normalize-space(), 'Forgot password')]
[INFO] 13-07-2025 12:20:29 [main] LogUtils - Clear text on element By.xpath: //input[@id='email']
[INFO] 13-07-2025 12:20:29 [main] LogUtils - Set text [customer@example.com] on element: By.xpath: //input[@id='email']
[INFO] 13-07-2025 12:20:29 [main] LogUtils - Clear text on element By.xpath: //input[@id='password']
[INFO] 13-07-2025 12:20:30 [main] LogUtils - Set text [123456] on element: By.xpath: //input[@id='password']
[INFO] 13-07-2025 12:20:31 [main] LogUtils - Click on element By.xpath: //button[normalize-space()='Login']
[INFO] 13-07-2025 12:20:31 [main] LogUtils - checkElementExist: true --- By.xpath: (//span[normalize-space()='Dashboard'])[1]
[INFO] 13-07-2025 12:20:31 [main] LogUtils - Verify login success !
[INFO] 13-07-2025 12:20:32 [main] LogUtils - checkElementExist: true --- By.xpath: (//span[normalize-space()='Manage Profile'])[1]
[INFO] 13-07-2025 12:20:34 [main] LogUtils - Click on element By.xpath: (//span[normalize-space()='Manage Profile'])[1]
[INFO] 13-07-2025 12:20:34 [main] LogUtils - Get current url: https://cms.anhtester.com/profile
[INFO] 13-07-2025 12:20:35 [main] LogUtils - checkElementExist: true --- By.xpath: //button[normalize-space()='Update Profile']
[INFO] 13-07-2025 12:20:35 [main] LogUtils - checkElementExist: true --- By.xpath: //input[@placeholder='Your name' and @name='name']
[INFO] 13-07-2025 12:20:35 [main] LogUtils - Get attribute of element By.xpath: //input[@placeholder='Your name' and @name='name']
[INFO] 13-07-2025 12:20:35 [main] LogUtils - ==> Attribute value: User Test Hoàng
[INFO] 13-07-2025 12:20:35 [main] LogUtils - Clear text on element By.xpath: //input[@placeholder='Your name' and @name='name']
[INFO] 13-07-2025 12:20:35 [main] LogUtils - Set text [User Test Tài] on element: By.xpath: //input[@placeholder='Your name' and @name='name']
[INFO] 13-07-2025 12:20:35 [main] LogUtils - checkElementExist: true --- By.xpath: //button[normalize-space()='Update Profile']
[INFO] 13-07-2025 12:20:37 [main] LogUtils - Click on element By.xpath: //button[normalize-space()='Update Profile']
[INFO] 13-07-2025 12:20:38 [main] LogUtils - checkElementExist: true --- By.xpath: //input[@placeholder='Your name' and @name='name']
[INFO] 13-07-2025 12:20:38 [main] LogUtils - Get attribute of element By.xpath: //input[@placeholder='Your name' and @name='name']
[INFO] 13-07-2025 12:20:38 [main] LogUtils - ==> Attribute value: User Test Tài
[INFO] 13-07-2025 12:20:38 [main] LogUtils - checkElementExist: true --- By.xpath: //span[contains(normalize-space(), 'updated successfully')]
[INFO] 13-07-2025 12:20:38 [main] LogUtils - verifyUpdateUserProfileSuccess: profile updated successfully!
[INFO] 13-07-2025 12:20:38 [main] LogUtils - checkElementExist: true --- By.xpath: //span[contains(normalize-space(), 'updated successfully')]
[INFO] 13-07-2025 12:20:38 [main] LogUtils - verifyUpdateUserProfileSuccess: profile updated successfully!
[INFO] 13-07-2025 12:20:38 [main] LogUtils - ✅ Đây là Test case chạy thành công: testUpdateUserWithChangeValue
[INFO] 13-07-2025 12:20:40 [main] LogUtils - Run with Edge browser
[INFO] 13-07-2025 12:20:40 [main] LogUtils - Bắt đầu chạy test: testUpdateUserWithDeletePart
[INFO] 13-07-2025 12:20:42 [main] LogUtils - 🌐 Open URL: https://cms.anhtester.com/
[INFO] 13-07-2025 12:20:42 [main] LogUtils - checkElementExist: true --- By.xpath: //b[normalize-space()='Website Demo']
[INFO] 13-07-2025 12:20:43 [main] LogUtils - Click on element By.xpath: //b[normalize-space()='Website Demo']/following::button[@data-value='removed']
[INFO] 13-07-2025 12:20:44 [main] LogUtils - Click on element By.xpath: (//a[normalize-space()='Login'])[1]
[INFO] 13-07-2025 12:20:44 [main] LogUtils - checkElementExist: true --- By.xpath: //a[contains(normalize-space(), 'Forgot password')]
[INFO] 13-07-2025 12:20:44 [main] LogUtils - Clear text on element By.xpath: //input[@id='email']
[INFO] 13-07-2025 12:20:45 [main] LogUtils - Set text [customer@example.com] on element: By.xpath: //input[@id='email']
[INFO] 13-07-2025 12:20:45 [main] LogUtils - Clear text on element By.xpath: //input[@id='password']
[INFO] 13-07-2025 12:20:45 [main] LogUtils - Set text [123456] on element: By.xpath: //input[@id='password']
[INFO] 13-07-2025 12:20:47 [main] LogUtils - Click on element By.xpath: //button[normalize-space()='Login']
[INFO] 13-07-2025 12:20:47 [main] LogUtils - checkElementExist: true --- By.xpath: (//span[normalize-space()='Dashboard'])[1]
[INFO] 13-07-2025 12:20:47 [main] LogUtils - Verify login success !
[INFO] 13-07-2025 12:20:48 [main] LogUtils - checkElementExist: true --- By.xpath: (//span[normalize-space()='Manage Profile'])[1]
[INFO] 13-07-2025 12:20:49 [main] LogUtils - Click on element By.xpath: (//span[normalize-space()='Manage Profile'])[1]
[INFO] 13-07-2025 12:20:49 [main] LogUtils - Get current url: https://cms.anhtester.com/profile
[INFO] 13-07-2025 12:20:49 [main] LogUtils - checkElementExist: true --- By.xpath: //button[normalize-space()='Update Profile']
[INFO] 13-07-2025 12:20:49 [main] LogUtils - checkElementExist: true --- By.xpath: //input[@placeholder='Your name' and @name='name']
[INFO] 13-07-2025 12:20:49 [main] LogUtils - Get attribute of element By.xpath: //input[@placeholder='Your name' and @name='name']
[INFO] 13-07-2025 12:20:49 [main] LogUtils - ==> Attribute value: User Test Tài
[INFO] 13-07-2025 12:20:49 [main] LogUtils - Clear text on element By.xpath: //input[@placeholder='Your name' and @name='name']
[INFO] 13-07-2025 12:20:50 [main] LogUtils - Set text [User Test] on element: By.xpath: //input[@placeholder='Your name' and @name='name']
[INFO] 13-07-2025 12:20:50 [main] LogUtils - checkElementExist: true --- By.xpath: //button[normalize-space()='Update Profile']
[INFO] 13-07-2025 12:20:51 [main] LogUtils - Click on element By.xpath: //button[normalize-space()='Update Profile']
[INFO] 13-07-2025 12:20:52 [main] LogUtils - checkElementExist: true --- By.xpath: //input[@placeholder='Your name' and @name='name']
[INFO] 13-07-2025 12:20:52 [main] LogUtils - checkElementExist: true --- By.xpath: //span[contains(normalize-space(), 'updated successfully')]
[INFO] 13-07-2025 12:20:52 [main] LogUtils - verifyUpdateUserProfileSuccess: profile updated successfully!
[INFO] 13-07-2025 12:20:52 [main] LogUtils - ✅ Đây là Test case chạy thành công: testUpdateUserWithDeletePart
[INFO] 13-07-2025 12:20:53 [main] LogUtils - ⭐️ Total test: 6
[INFO] 13-07-2025 12:20:53 [main] LogUtils - ⭐️ Passed: 6
[INFO] 13-07-2025 12:20:53 [main] LogUtils - ⭐️ Failed: 0
[INFO] 13-07-2025 12:20:53 [main] LogUtils - ⭐️ Skipped: 0
[INFO] 13-07-2025 12:20:53 [main] LogUtils - 🟢 Kết thúc toàn bộ suite: Update User Profile Test
[INFO] 13-07-2025 12:20:56 [main] LogUtils - ✅ Email with attachments sent!
[INFO] 13-07-2025 12:20:56 [main] LogUtils - ⚙\uFE0F Thời gian chạy toàn bộ test:Sun Jul 13 12:20:56 ICT 2025
[INFO] 13-07-2025 12:20:56 [main] LogUtils - ⚙️ Bắt đầu test suite cho class: UserSetInfoProductToExcelTest
[INFO] 13-07-2025 12:20:58 [TestNG-test=Save Data Product To Excel Test-1] LogUtils - Run with Edge browser
[INFO] 13-07-2025 12:20:58 [TestNG-test=Save Data Product To Excel Test-1] LogUtils - Bắt đầu chạy test: testSetInfoProduct
[INFO] 13-07-2025 12:21:00 [TestNG-test=Save Data Product To Excel Test-1] LogUtils - 🌐 Open URL: https://cms.anhtester.com/
[INFO] 13-07-2025 12:21:00 [TestNG-test=Save Data Product To Excel Test-1] LogUtils - checkElementExist: true --- By.xpath: //b[normalize-space()='Website Demo']
[INFO] 13-07-2025 12:21:01 [TestNG-test=Save Data Product To Excel Test-1] LogUtils - Click on element By.xpath: //b[normalize-space()='Website Demo']/following::button[@data-value='removed']
[INFO] 13-07-2025 12:21:02 [TestNG-test=Save Data Product To Excel Test-1] LogUtils - Click on element By.xpath: (//a[normalize-space()='Login'])[1]
[INFO] 13-07-2025 12:21:02 [TestNG-test=Save Data Product To Excel Test-1] LogUtils - checkElementExist: true --- By.xpath: //a[contains(normalize-space(), 'Forgot password')]
[INFO] 13-07-2025 12:21:02 [TestNG-test=Save Data Product To Excel Test-1] LogUtils - Clear text on element By.xpath: //input[@id='email']
[INFO] 13-07-2025 12:21:02 [TestNG-test=Save Data Product To Excel Test-1] LogUtils - Set text [customer@example.com] on element: By.xpath: //input[@id='email']
[INFO] 13-07-2025 12:21:03 [TestNG-test=Save Data Product To Excel Test-1] LogUtils - Clear text on element By.xpath: //input[@id='password']
[INFO] 13-07-2025 12:21:03 [TestNG-test=Save Data Product To Excel Test-1] LogUtils - Set text [123456] on element: By.xpath: //input[@id='password']
[INFO] 13-07-2025 12:21:04 [TestNG-test=Save Data Product To Excel Test-1] LogUtils - Click on element By.xpath: //button[normalize-space()='Login']
[INFO] 13-07-2025 12:21:04 [TestNG-test=Save Data Product To Excel Test-1] LogUtils - checkElementExist: true --- By.xpath: (//span[normalize-space()='Dashboard'])[1]
[INFO] 13-07-2025 12:21:05 [TestNG-test=Save Data Product To Excel Test-1] LogUtils - Verify login success !
[INFO] 13-07-2025 12:21:05 [TestNG-test=Save Data Product To Excel Test-1] LogUtils - Clear text on element By.xpath: //input[@id='search' and @name='keyword']
[INFO] 13-07-2025 12:21:05 [TestNG-test=Save Data Product To Excel Test-1] LogUtils - Set text [Laptop asus] on element: By.xpath: //input[@id='search' and @name='keyword']
[INFO] 13-07-2025 12:21:08 [TestNG-test=Save Data Product To Excel Test-1] LogUtils - Click on element By.xpath: (//div[normalize-space()='Products']/following-sibling::ul/li)[1]
[INFO] 13-07-2025 12:21:08 [TestNG-test=Save Data Product To Excel Test-1] LogUtils - Get current url: https://cms.anhtester.com/product/laptop-asus-7
[INFO] 13-07-2025 12:21:09 [TestNG-test=Save Data Product To Excel Test-1] LogUtils - formatSlug: laptop asus 7
[INFO] 13-07-2025 12:21:09 [TestNG-test=Save Data Product To Excel Test-1] LogUtils - Product Name: laptop asus
[INFO] 13-07-2025 12:21:09 [TestNG-test=Save Data Product To Excel Test-1] LogUtils - Search Words: [laptop, asus]
[INFO] 13-07-2025 12:21:09 [TestNG-test=Save Data Product To Excel Test-1] LogUtils - Matched Words: [laptop, laptop, asus, asus]
[INFO] 13-07-2025 12:21:09 [TestNG-test=Save Data Product To Excel Test-1] LogUtils - Total Matches: 4
[INFO] 13-07-2025 12:21:09 [TestNG-test=Save Data Product To Excel Test-1] LogUtils - verifyInfoProductPage: Passed - Product is correctly displayed on the page!
[INFO] 13-07-2025 12:21:10 [TestNG-test=Save Data Product To Excel Test-1] LogUtils - checkElementExist: true --- By.xpath: (//div[contains(normalize-space(), 'Price:')]/following-sibling::div/div/strong)[1]
[INFO] 13-07-2025 12:21:10 [TestNG-test=Save Data Product To Excel Test-1] LogUtils - checkElementExist: true --- By.xpath: (//div[contains(normalize-space(), 'Price:')]/following-sibling::div/div/strong)[1]
[INFO] 13-07-2025 12:21:10 [TestNG-test=Save Data Product To Excel Test-1] LogUtils - Get text of element: By.xpath: (//div[contains(normalize-space(), 'Price:')]/following-sibling::div/div/strong)[1] || ==> Text Return: $3,000.00
[INFO] 13-07-2025 12:21:10 [TestNG-test=Save Data Product To Excel Test-1] LogUtils - Get text of element: By.xpath: //div[@id='order_details']/following::div[@class='text-left']/h1 || ==> Text Return: Laptop Asus
[INFO] 13-07-2025 12:21:10 [TestNG-test=Save Data Product To Excel Test-1] LogUtils - Get text of element: By.xpath: //span[@id='available-quantity'] || ==> Text Return: 500
[INFO] 13-07-2025 12:21:10 [TestNG-test=Save Data Product To Excel Test-1] LogUtils - Get text of element: By.xpath: //div[@id='tab_default_1']/descendant::p || ==> Text Return: Laptop asus vừa mạnh vừa đẹp
[INFO] 13-07-2025 12:21:10 [TestNG-test=Save Data Product To Excel Test-1] LogUtils - Get attribute of element By.xpath: (//div[@data-fade='true']/descendant::img)[1]
[INFO] 13-07-2025 12:21:10 [TestNG-test=Save Data Product To Excel Test-1] LogUtils - ==> Attribute value: https://cms.anhtester.com/public/uploads/all/lBlf5f6r8uudgHJomw8hKYSCruMgPwpIAzKpojIH.webp
[INFO] 13-07-2025 12:21:10 [TestNG-test=Save Data Product To Excel Test-1] LogUtils - Data written successfully to Excel!
[INFO] 13-07-2025 12:21:10 [TestNG-test=Save Data Product To Excel Test-1] LogUtils - checkElementExist: true --- By.xpath: (//div[contains(normalize-space(), 'Price:')]/following-sibling::div/div/strong)[1]
[INFO] 13-07-2025 12:21:10 [TestNG-test=Save Data Product To Excel Test-1] LogUtils - checkElementExist: true --- By.xpath: (//div[contains(normalize-space(), 'Price:')]/following-sibling::div/div/strong)[1]
[INFO] 13-07-2025 12:21:10 [TestNG-test=Save Data Product To Excel Test-1] LogUtils - Get text of element: By.xpath: (//div[contains(normalize-space(), 'Price:')]/following-sibling::div/div/strong)[1] || ==> Text Return: $3,000.00
[INFO] 13-07-2025 12:21:11 [TestNG-test=Save Data Product To Excel Test-1] LogUtils - Get text of element: By.xpath: //div[@id='order_details']/following::div[@class='text-left']/h1 || ==> Text Return: Laptop Asus
[INFO] 13-07-2025 12:21:11 [TestNG-test=Save Data Product To Excel Test-1] LogUtils - Get text of element: By.xpath: //span[@id='available-quantity'] || ==> Text Return: 500
[INFO] 13-07-2025 12:21:11 [TestNG-test=Save Data Product To Excel Test-1] LogUtils - Get text of element: By.xpath: //div[@id='tab_default_1']/descendant::p || ==> Text Return: Laptop asus vừa mạnh vừa đẹp
[INFO] 13-07-2025 12:21:11 [TestNG-test=Save Data Product To Excel Test-1] LogUtils - Get attribute of element By.xpath: (//div[@data-fade='true']/descendant::img)[1]
[INFO] 13-07-2025 12:21:11 [TestNG-test=Save Data Product To Excel Test-1] LogUtils - ==> Attribute value: https://cms.anhtester.com/public/uploads/all/lBlf5f6r8uudgHJomw8hKYSCruMgPwpIAzKpojIH.webp
[INFO] 13-07-2025 12:21:11 [TestNG-test=Save Data Product To Excel Test-1] LogUtils - expectedDataProduct: {URL image=https://cms.anhtester.com/public/uploads/all/lBlf5f6r8uudgHJomw8hKYSCruMgPwpIAzKpojIH.webp, Description=Laptop asus vừa mạnh vừa đẹp, Price=$3,000.00, Available Quantity=500, Product Name=Laptop Asus, Time=13/07/2025 12:21, Color =Aqua}
[INFO] 13-07-2025 12:21:11 [TestNG-test=Save Data Product To Excel Test-1] LogUtils - actualData: {URL image=https://cms.anhtester.com/public/uploads/all/lBlf5f6r8uudgHJomw8hKYSCruMgPwpIAzKpojIH.webp, Description=Laptop asus vừa mạnh vừa đẹp, Price=$3,000.00, Available Quantity=500, Product Name=Laptop Asus, Time=13/07/2025 12:21, Color =Aqua}
[INFO] 13-07-2025 12:21:11 [TestNG-test=Save Data Product To Excel Test-1] LogUtils - ✅ Đây là Test case chạy thành công: testSetInfoProduct
[INFO] 13-07-2025 12:21:12 [main] LogUtils - ⭐️ Total test: 7
[INFO] 13-07-2025 12:21:12 [main] LogUtils - ⭐️ Passed: 7
[INFO] 13-07-2025 12:21:12 [main] LogUtils - ⭐️ Failed: 0
[INFO] 13-07-2025 12:21:12 [main] LogUtils - ⭐️ Skipped: 0
[INFO] 13-07-2025 12:21:12 [main] LogUtils - 🟢 Kết thúc toàn bộ suite: Save Data Product To Excel Test
[INFO] 13-07-2025 12:21:15 [main] LogUtils - ✅ Email with attachments sent!
[INFO] 13-07-2025 12:21:15 [main] LogUtils - ⚙\uFE0F Thời gian chạy toàn bộ test:Sun Jul 13 12:21:15 ICT 2025
[INFO] 13-07-2025 12:21:15 [main] LogUtils - ⚙️ Bắt đầu test suite cho class: UserAddCartTest
[INFO] 13-07-2025 12:21:15 [TestNG-test=User Add Product Test-1] LogUtils - Run with Edge browser (default)
[INFO] 13-07-2025 12:21:16 [TestNG-test=User Add Product Test-1] LogUtils - Bắt đầu chạy test: testAddCart
[INFO] 13-07-2025 12:21:19 [TestNG-test=User Add Product Test-1] LogUtils - 🌐 Open URL: https://cms.anhtester.com/
[INFO] 13-07-2025 12:21:19 [TestNG-test=User Add Product Test-1] LogUtils - checkElementExist: true --- By.xpath: //b[normalize-space()='Website Demo']
[INFO] 13-07-2025 12:21:19 [TestNG-test=User Add Product Test-1] LogUtils - Click on element By.xpath: //b[normalize-space()='Website Demo']/following::button[@data-value='removed']
[INFO] 13-07-2025 12:21:20 [TestNG-test=User Add Product Test-1] LogUtils - Click on element By.xpath: (//a[normalize-space()='Login'])[1]
[INFO] 13-07-2025 12:21:20 [TestNG-test=User Add Product Test-1] LogUtils - checkElementExist: true --- By.xpath: //a[contains(normalize-space(), 'Forgot password')]
[INFO] 13-07-2025 12:21:20 [TestNG-test=User Add Product Test-1] LogUtils - Clear text on element By.xpath: //input[@id='email']
[INFO] 13-07-2025 12:21:21 [TestNG-test=User Add Product Test-1] LogUtils - Set text [customer@example.com] on element: By.xpath: //input[@id='email']
[INFO] 13-07-2025 12:21:21 [TestNG-test=User Add Product Test-1] LogUtils - Clear text on element By.xpath: //input[@id='password']
[INFO] 13-07-2025 12:21:21 [TestNG-test=User Add Product Test-1] LogUtils - Set text [123456] on element: By.xpath: //input[@id='password']
[INFO] 13-07-2025 12:21:25 [TestNG-test=User Add Product Test-1] LogUtils - Click on element By.xpath: //button[normalize-space()='Login']
[INFO] 13-07-2025 12:21:25 [TestNG-test=User Add Product Test-1] LogUtils - Clear text on element By.xpath: //input[@id='search' and @name='keyword']
[INFO] 13-07-2025 12:21:25 [TestNG-test=User Add Product Test-1] LogUtils - Set text [laptop asus] on element: By.xpath: //input[@id='search' and @name='keyword']
[INFO] 13-07-2025 12:21:27 [TestNG-test=User Add Product Test-1] LogUtils - Click on element By.xpath: //input[@id='search' and @name='keyword']/following-sibling::div/button[@type='submit']
[INFO] 13-07-2025 12:21:28 [TestNG-test=User Add Product Test-1] LogUtils - Get current url: https://cms.anhtester.com/search?keyword=laptop+asus
[INFO] 13-07-2025 12:21:28 [TestNG-test=User Add Product Test-1] LogUtils - verifyUserProductListPage: Passed - This Is Product List Page
[INFO] 13-07-2025 12:21:28 [TestNG-test=User Add Product Test-1] LogUtils - Get text of element: By.xpath: //div[@id='cart_items']//span[contains(@class, 'badge') and contains(@class, 'cart-count')] || ==> Text Return: 0
[INFO] 13-07-2025 12:21:29 [TestNG-test=User Add Product Test-1] LogUtils - Click on element By.xpath: ((//form[@id='search-form']/descendant::div[@class='col'])[1]/descendant::a[@data-title='Add to cart'])[1]
[INFO] 13-07-2025 12:21:29 [TestNG-test=User Add Product Test-1] LogUtils - Get text of element: By.xpath: (//form[@id='search-form']/descendant::div[@class='col'])[1]/descendant::div[contains(@class, 'rating')]/following-sibling::h3/a || ==> Text Return: Laptop Asus
[INFO] 13-07-2025 12:21:29 [TestNG-test=User Add Product Test-1] LogUtils - Get text of element: By.xpath: (//form[@id='search-form']/descendant::div[@class='col'])[2]/descendant::div[contains(@class, 'rating')]/following-sibling::h3/a || ==> Text Return: Laptop Asus
[INFO] 13-07-2025 12:21:29 [TestNG-test=User Add Product Test-1] LogUtils - Get text of element: By.xpath: //div[@id='addToCart-modal-body']//h2 || ==> Text Return: Laptop Asus
[INFO] 13-07-2025 12:21:29 [TestNG-test=User Add Product Test-1] LogUtils - ✅ verifyPopupAddCart: verify success !
[INFO] 13-07-2025 12:21:29 [TestNG-test=User Add Product Test-1] LogUtils - Get text of element: By.xpath: (//div[@id='addToCart-modal-body']//strong)[1] || ==> Text Return: $3,000.00
[INFO] 13-07-2025 12:21:29 [TestNG-test=User Add Product Test-1] LogUtils - 🔍 Raw price (popup): $3,000.00
[INFO] 13-07-2025 12:21:29 [TestNG-test=User Add Product Test-1] LogUtils - 💡 Formatted price range: 3000.00
[INFO] 13-07-2025 12:21:29 [TestNG-test=User Add Product Test-1] LogUtils - 📌 prices[0]: 3000.00
[INFO] 13-07-2025 12:21:29 [TestNG-test=User Add Product Test-1] LogUtils - 💲 Chỉ có một mức giá: 3000.0
[INFO] 13-07-2025 12:21:29 [TestNG-test=User Add Product Test-1] LogUtils - Get attribute of element By.xpath: //input[@name='quantity']
[INFO] 13-07-2025 12:21:29 [TestNG-test=User Add Product Test-1] LogUtils - ==> Attribute value: 1
[INFO] 13-07-2025 12:21:29 [TestNG-test=User Add Product Test-1] LogUtils - Get text of element: By.xpath: //div[@id='addToCart-modal-body']//h2 || ==> Text Return: Laptop Asus
[INFO] 13-07-2025 12:21:29 [TestNG-test=User Add Product Test-1] LogUtils - Click on element By.xpath: //span[normalize-space()='Add to cart']
[INFO] 13-07-2025 12:21:29 [TestNG-test=User Add Product Test-1] LogUtils - Click button add cart in popup add cart
[INFO] 13-07-2025 12:21:30 [TestNG-test=User Add Product Test-1] LogUtils - checkElementExist: true --- By.xpath: //h3[normalize-space()='Item added to your cart!']
[INFO] 13-07-2025 12:21:30 [TestNG-test=User Add Product Test-1] LogUtils - checkElementExist: true --- By.xpath: //span[normalize-space()='Frequently Bought Together']
[INFO] 13-07-2025 12:21:30 [TestNG-test=User Add Product Test-1] LogUtils - checkElementExist: true --- By.xpath: //h3[normalize-space()='Item added to your cart!']
[INFO] 13-07-2025 12:21:30 [TestNG-test=User Add Product Test-1] LogUtils - checkElementExist: true --- By.xpath: //span[normalize-space()='Frequently Bought Together']
[INFO] 13-07-2025 12:21:30 [TestNG-test=User Add Product Test-1] LogUtils - Get text of element: By.xpath: //div[@id='cart_items']//span[contains(@class, 'badge') and contains(@class, 'cart-count')] || ==> Text Return: 1
[INFO] 13-07-2025 12:21:30 [TestNG-test=User Add Product Test-1] LogUtils - verifyPopupAddCartSuccess countProductCart: 1
[INFO] 13-07-2025 12:21:30 [TestNG-test=User Add Product Test-1] LogUtils - verifyPopupAddCartSuccess getCartCount: 1
[INFO] 13-07-2025 12:21:30 [TestNG-test=User Add Product Test-1] LogUtils - verifyPopupAddCartSuccess: popup add cart success!
[INFO] 13-07-2025 12:21:31 [TestNG-test=User Add Product Test-1] LogUtils - Click on element By.xpath: //div[@id='addToCart']/descendant::button[contains(@class, 'close') and @aria-label='Close']
[INFO] 13-07-2025 12:21:31 [TestNG-test=User Add Product Test-1] LogUtils - Click button close popup add cart
[INFO] 13-07-2025 12:21:33 [TestNG-test=User Add Product Test-1] LogUtils - Click on element By.xpath: ((//form[@id='search-form']/descendant::div[@class='col'])[2]/descendant::a[@data-title='Add to cart'])[1]
[INFO] 13-07-2025 12:21:33 [TestNG-test=User Add Product Test-1] LogUtils - Get text of element: By.xpath: (//form[@id='search-form']/descendant::div[@class='col'])[1]/descendant::div[contains(@class, 'rating')]/following-sibling::h3/a || ==> Text Return: Laptop Asus
[INFO] 13-07-2025 12:21:33 [TestNG-test=User Add Product Test-1] LogUtils - Get text of element: By.xpath: (//form[@id='search-form']/descendant::div[@class='col'])[2]/descendant::div[contains(@class, 'rating')]/following-sibling::h3/a || ==> Text Return: Laptop Asus
[INFO] 13-07-2025 12:21:34 [TestNG-test=User Add Product Test-1] LogUtils - Get text of element: By.xpath: //div[@id='addToCart-modal-body']//h2 || ==> Text Return: Laptop Asus
[INFO] 13-07-2025 12:21:34 [TestNG-test=User Add Product Test-1] LogUtils - ✅ verifyPopupAddCart: verify success !
[INFO] 13-07-2025 12:21:34 [TestNG-test=User Add Product Test-1] LogUtils - Get text of element: By.xpath: (//div[@id='addToCart-modal-body']//strong)[1] || ==> Text Return: $3,000.00
[INFO] 13-07-2025 12:21:34 [TestNG-test=User Add Product Test-1] LogUtils - 🔍 Raw price (popup): $3,000.00
[INFO] 13-07-2025 12:21:34 [TestNG-test=User Add Product Test-1] LogUtils - 💡 Formatted price range: 3000.00
[INFO] 13-07-2025 12:21:34 [TestNG-test=User Add Product Test-1] LogUtils - 📌 prices[0]: 3000.00
[INFO] 13-07-2025 12:21:34 [TestNG-test=User Add Product Test-1] LogUtils - 💲 Chỉ có một mức giá: 3000.0
[INFO] 13-07-2025 12:21:34 [TestNG-test=User Add Product Test-1] LogUtils - Get attribute of element By.xpath: //input[@name='quantity']
[INFO] 13-07-2025 12:21:34 [TestNG-test=User Add Product Test-1] LogUtils - ==> Attribute value: 1
[INFO] 13-07-2025 12:21:34 [TestNG-test=User Add Product Test-1] LogUtils - Get text of element: By.xpath: //div[@id='addToCart-modal-body']//h2 || ==> Text Return: Laptop Asus
[INFO] 13-07-2025 12:21:34 [TestNG-test=User Add Product Test-1] LogUtils - Click on element By.xpath: //span[normalize-space()='Add to cart']
[INFO] 13-07-2025 12:21:34 [TestNG-test=User Add Product Test-1] LogUtils - Click button add cart in popup add cart
[INFO] 13-07-2025 12:21:35 [TestNG-test=User Add Product Test-1] LogUtils - checkElementExist: true --- By.xpath: //h3[normalize-space()='Item added to your cart!']
[INFO] 13-07-2025 12:21:35 [TestNG-test=User Add Product Test-1] LogUtils - checkElementExist: true --- By.xpath: //span[normalize-space()='Frequently Bought Together']
[INFO] 13-07-2025 12:21:35 [TestNG-test=User Add Product Test-1] LogUtils - checkElementExist: true --- By.xpath: //h3[normalize-space()='Item added to your cart!']
[INFO] 13-07-2025 12:21:35 [TestNG-test=User Add Product Test-1] LogUtils - checkElementExist: true --- By.xpath: //span[normalize-space()='Frequently Bought Together']
[INFO] 13-07-2025 12:21:35 [TestNG-test=User Add Product Test-1] LogUtils - Get text of element: By.xpath: //div[@id='cart_items']//span[contains(@class, 'badge') and contains(@class, 'cart-count')] || ==> Text Return: 2
[INFO] 13-07-2025 12:21:35 [TestNG-test=User Add Product Test-1] LogUtils - verifyPopupAddCartSuccess countProductCart: 2
[INFO] 13-07-2025 12:21:35 [TestNG-test=User Add Product Test-1] LogUtils - verifyPopupAddCartSuccess getCartCount: 2
[INFO] 13-07-2025 12:21:35 [TestNG-test=User Add Product Test-1] LogUtils - verifyPopupAddCartSuccess: popup add cart success!
[INFO] 13-07-2025 12:21:36 [TestNG-test=User Add Product Test-1] LogUtils - Click on element By.xpath: //div[@id='addToCart']/descendant::button[contains(@class, 'close') and @aria-label='Close']
[INFO] 13-07-2025 12:21:36 [TestNG-test=User Add Product Test-1] LogUtils - Click button close popup add cart
[INFO] 13-07-2025 12:21:36 [TestNG-test=User Add Product Test-1] LogUtils - Click on element By.xpath: //div[@id='cart_items']
[INFO] 13-07-2025 12:21:36 [TestNG-test=User Add Product Test-1] LogUtils - checkElementExist: true --- By.xpath: //div[normalize-space()='Cart Items']
[INFO] 13-07-2025 12:21:36 [TestNG-test=User Add Product Test-1] LogUtils - checkElementExist: true --- By.xpath: //span[normalize-space()='Subtotal']
[INFO] 13-07-2025 12:21:36 [TestNG-test=User Add Product Test-1] LogUtils - checkElementExist: true --- By.xpath: //a[normalize-space()='View cart']
[INFO] 13-07-2025 12:21:36 [TestNG-test=User Add Product Test-1] LogUtils - Get text of element: By.xpath: //div[normalize-space()='Cart Items'] || ==> Text Return: Cart Items
[INFO] 13-07-2025 12:21:36 [TestNG-test=User Add Product Test-1] LogUtils - 📦 Product: Laptop Asus
[INFO] 13-07-2025 12:21:36 [TestNG-test=User Add Product Test-1] LogUtils - Quantity: 1, Price: 3000.0, Subtotal: 3000.0
[INFO] 13-07-2025 12:21:36 [TestNG-test=User Add Product Test-1] LogUtils - 📦 Product: Laptop Asus
[INFO] 13-07-2025 12:21:36 [TestNG-test=User Add Product Test-1] LogUtils - Quantity: 1, Price: 3000.0, Subtotal: 3000.0
[INFO] 13-07-2025 12:21:37 [TestNG-test=User Add Product Test-1] LogUtils - Get text of element: By.xpath: //span[normalize-space()='Subtotal']/following-sibling::span || ==> Text Return: $6,000.00
[INFO] 13-07-2025 12:21:37 [TestNG-test=User Add Product Test-1] LogUtils - 🔢 Expected total: 6000.0 | Actual total: 6000.0
[INFO] 13-07-2025 12:21:37 [TestNG-test=User Add Product Test-1] LogUtils - ✅ verifyAddCartSuccess successfully! Sản phẩm còn lại: 2
[INFO] 13-07-2025 12:21:38 [TestNG-test=User Add Product Test-1] LogUtils - Click on element By.xpath: //a[normalize-space()='View cart']
[INFO] 13-07-2025 12:21:38 [TestNG-test=User Add Product Test-1] LogUtils - Get current url: https://cms.anhtester.com/cart
[INFO] 13-07-2025 12:21:38 [TestNG-test=User Add Product Test-1] LogUtils - checkElementExist: true --- By.xpath: //h3[contains(normalize-space(),'My Cart')]
[INFO] 13-07-2025 12:21:38 [TestNG-test=User Add Product Test-1] LogUtils - checkElementExist: true --- By.xpath: //section[@id='cart-summary']/descendant::span[normalize-space()='Subtotal']
[INFO] 13-07-2025 12:21:38 [TestNG-test=User Add Product Test-1] LogUtils - Get text of element: By.xpath: //h3[contains(normalize-space(),'My Cart')] || ==> Text Return: 1. My Cart
[INFO] 13-07-2025 12:21:38 [TestNG-test=User Add Product Test-1] LogUtils - Get text of element: By.xpath: //section[@id='cart-summary']/descendant::span[normalize-space()='Subtotal'] || ==> Text Return: Subtotal
[INFO] 13-07-2025 12:21:38 [TestNG-test=User Add Product Test-1] LogUtils - 🧾 Product: Laptop Asus - Aqua | Qty: 1 | Price: $3000.0 | Subtotal: $3000.0
[INFO] 13-07-2025 12:21:38 [TestNG-test=User Add Product Test-1] LogUtils - Total price each product actual: 3000.0, expected: 3000.0
[INFO] 13-07-2025 12:21:38 [TestNG-test=User Add Product Test-1] LogUtils - 🎯 Expected → Qty: 1 | Min: 3000.0 | Max: 3000.0
[INFO] 13-07-2025 12:21:38 [TestNG-test=User Add Product Test-1] LogUtils - 🧾 Product: Laptop Asus - Aqua | Qty: 1 | Price: $3000.0 | Subtotal: $3000.0
[INFO] 13-07-2025 12:21:38 [TestNG-test=User Add Product Test-1] LogUtils - Total price each product actual: 3000.0, expected: 3000.0
[INFO] 13-07-2025 12:21:38 [TestNG-test=User Add Product Test-1] LogUtils - 🎯 Expected → Qty: 1 | Min: 3000.0 | Max: 3000.0
[INFO] 13-07-2025 12:21:38 [TestNG-test=User Add Product Test-1] LogUtils - Get text of element: By.xpath: //section[@id='cart-summary']/descendant::span[normalize-space()='Subtotal']/following-sibling::span || ==> Text Return: $6,000.00
[INFO] 13-07-2025 12:21:38 [TestNG-test=User Add Product Test-1] LogUtils - 🔢 Expected total: 6000.0 | Actual total: 6000.0
[INFO] 13-07-2025 12:21:38 [TestNG-test=User Add Product Test-1] LogUtils - ✅ verifyProductInCart hoàn tất!
[INFO] 13-07-2025 12:21:39 [TestNG-test=User Add Product Test-1] LogUtils - Click on element By.xpath: //a[normalize-space()='Continue to Shipping']
[INFO] 13-07-2025 12:21:39 [TestNG-test=User Add Product Test-1] LogUtils - 🚛 Start verify shipping page
[INFO] 13-07-2025 12:21:39 [TestNG-test=User Add Product Test-1] LogUtils - Get current url: https://cms.anhtester.com/checkout
[INFO] 13-07-2025 12:21:39 [TestNG-test=User Add Product Test-1] LogUtils - Get CSS value color of element By.xpath: //h3[contains(normalize-space(), 'Shipping info')]
[INFO] 13-07-2025 12:21:39 [TestNG-test=User Add Product Test-1] LogUtils - ==> CSS value: rgba(230, 46, 4, 1)
[INFO] 13-07-2025 12:21:39 [TestNG-test=User Add Product Test-1] LogUtils - colorHeaderShippingPage: #e62e04
[INFO] 13-07-2025 12:21:39 [TestNG-test=User Add Product Test-1] LogUtils - 🔍 Trạng thái enabled của By.xpath: (//input[@name='address_id'])[1]/ancestor::label/parent::div: true
[INFO] 13-07-2025 12:21:40 [TestNG-test=User Add Product Test-1] LogUtils - 🔍 Trạng thái enabled của By.xpath: //div[text()='Add New Address']: true
[INFO] 13-07-2025 12:21:40 [TestNG-test=User Add Product Test-1] LogUtils - 🔍 Trạng thái enabled của By.xpath: //button[normalize-space()='Continue to Delivery Info']: true
[INFO] 13-07-2025 12:21:40 [TestNG-test=User Add Product Test-1] LogUtils - Get text of element: By.xpath: //button[normalize-space()='Continue to Delivery Info'] || ==> Text Return: Continue to Delivery Info
[INFO] 13-07-2025 12:21:41 [TestNG-test=User Add Product Test-1] LogUtils - ✅ An address option is already selected. No action taken.
[INFO] 13-07-2025 12:21:42 [TestNG-test=User Add Product Test-1] LogUtils - Click on element By.xpath: //button[normalize-space()='Continue to Delivery Info']
[INFO] 13-07-2025 12:21:42 [TestNG-test=User Add Product Test-1] LogUtils - Start verify delivery page
[INFO] 13-07-2025 12:21:42 [TestNG-test=User Add Product Test-1] LogUtils - Get current url: https://cms.anhtester.com/checkout/delivery_info
[INFO] 13-07-2025 12:21:42 [TestNG-test=User Add Product Test-1] LogUtils - Get text of element: By.xpath: //h3[normalize-space()='3. Delivery info'] || ==> Text Return: 3. Delivery info
[INFO] 13-07-2025 12:21:42 [TestNG-test=User Add Product Test-1] LogUtils - Get text of element: By.xpath: //h5[normalize-space()='Active eCommerce CMS Products'] || ==> Text Return: Active eCommerce CMS Products
[INFO] 13-07-2025 12:21:42 [TestNG-test=User Add Product Test-1] LogUtils - Get CSS value color of element By.xpath: //h3[normalize-space()='3. Delivery info']
[INFO] 13-07-2025 12:21:42 [TestNG-test=User Add Product Test-1] LogUtils - ==> CSS value: rgba(230, 46, 4, 1)
[INFO] 13-07-2025 12:21:42 [TestNG-test=User Add Product Test-1] LogUtils - checkElementExist: true --- By.xpath: //h5[normalize-space()='Active eCommerce CMS Products']
[INFO] 13-07-2025 12:21:42 [TestNG-test=User Add Product Test-1] LogUtils - checkElementExist: true --- By.xpath: //h3[normalize-space()='3. Delivery info']
[INFO] 13-07-2025 12:21:42 [TestNG-test=User Add Product Test-1] LogUtils - 🔍 Trạng thái enabled của By.xpath: //button[normalize-space()='Continue to Payment']: true
[INFO] 13-07-2025 12:21:42 [TestNG-test=User Add Product Test-1] LogUtils - Get text of element: By.xpath: //button[normalize-space()='Continue to Payment'] || ==> Text Return: Continue to Payment
[INFO] 13-07-2025 12:21:42 [TestNG-test=User Add Product Test-1] LogUtils - 🚛 Start verify product in delivery page
[INFO] 13-07-2025 12:21:42 [TestNG-test=User Add Product Test-1] LogUtils - 📦 nameProductActual: Laptop Asus
[INFO] 13-07-2025 12:21:42 [TestNG-test=User Add Product Test-1] LogUtils - 📦 nameProductActual: Laptop Asus
[INFO] 13-07-2025 12:21:44 [TestNG-test=User Add Product Test-1] LogUtils - Click on element By.xpath: //button[normalize-space()='Continue to Payment']
[INFO] 13-07-2025 12:21:44 [TestNG-test=User Add Product Test-1] LogUtils - 🚛 Start verify payment page
[INFO] 13-07-2025 12:21:44 [TestNG-test=User Add Product Test-1] LogUtils - Get current url: https://cms.anhtester.com/checkout/payment_select
[INFO] 13-07-2025 12:21:44 [TestNG-test=User Add Product Test-1] LogUtils - Get CSS value color of element By.xpath: //h3[normalize-space()='4. Payment']
[INFO] 13-07-2025 12:21:44 [TestNG-test=User Add Product Test-1] LogUtils - ==> CSS value: rgba(230, 46, 4, 1)
[INFO] 13-07-2025 12:21:44 [TestNG-test=User Add Product Test-1] LogUtils - Get text of element: By.xpath: //button[normalize-space()='Complete Order'] || ==> Text Return: Complete Order
[INFO] 13-07-2025 12:21:44 [TestNG-test=User Add Product Test-1] LogUtils - 🔍 Trạng thái enabled của By.xpath: //button[normalize-space()='Complete Order']: true
[INFO] 13-07-2025 12:21:44 [TestNG-test=User Add Product Test-1] LogUtils - 🚛 Start verify product in payment page
[INFO] 13-07-2025 12:21:44 [TestNG-test=User Add Product Test-1] LogUtils - Get text of element: By.xpath: //h3[normalize-space()='Summary']/following::span[contains(normalize-space(), 'Items')] || ==> Text Return: 2 Items
[INFO] 13-07-2025 12:21:44 [TestNG-test=User Add Product Test-1] LogUtils - countProductActual: 2
[INFO] 13-07-2025 12:21:44 [TestNG-test=User Add Product Test-1] LogUtils - countProductExpected: 2
[INFO] 13-07-2025 12:21:44 [TestNG-test=User Add Product Test-1] LogUtils - 🔍 Sản phẩm: Laptop Asus
[INFO] 13-07-2025 12:21:44 [TestNG-test=User Add Product Test-1] LogUtils -    Số lượng: 1
[INFO] 13-07-2025 12:21:44 [TestNG-test=User Add Product Test-1] LogUtils -    Giá: 3000.0
[INFO] 13-07-2025 12:21:44 [TestNG-test=User Add Product Test-1] LogUtils - 🔍 Sản phẩm: Laptop Asus
[INFO] 13-07-2025 12:21:44 [TestNG-test=User Add Product Test-1] LogUtils -    Số lượng: 1
[INFO] 13-07-2025 12:21:44 [TestNG-test=User Add Product Test-1] LogUtils -    Giá: 3000.0
[INFO] 13-07-2025 12:21:44 [TestNG-test=User Add Product Test-1] LogUtils - Get text of element: By.xpath: //th[normalize-space()='Subtotal']/following-sibling::td/span || ==> Text Return: $6,000.00
[INFO] 13-07-2025 12:21:44 [TestNG-test=User Add Product Test-1] LogUtils - 💰 Tổng tiền mong đợi (calculated): 6000.0
[INFO] 13-07-2025 12:21:44 [TestNG-test=User Add Product Test-1] LogUtils - 💰 Tổng tiền hiển thị UI: 6000.0
[INFO] 13-07-2025 12:21:44 [TestNG-test=User Add Product Test-1] LogUtils - Get text of element: By.xpath: //th[normalize-space()='Total Shipping']//following-sibling::td/span || ==> Text Return: $30,000.00
[INFO] 13-07-2025 12:21:44 [TestNG-test=User Add Product Test-1] LogUtils - Get text of element: By.xpath: //tr[@class='cart-total']/td//span || ==> Text Return: $36,000.00
[INFO] 13-07-2025 12:21:44 [TestNG-test=User Add Product Test-1] LogUtils - ✅ verifyProductPaymentPage: success!
[INFO] 13-07-2025 12:21:45 [TestNG-test=User Add Product Test-1] LogUtils - Click on element By.xpath: //input[@id='agree_checkbox']/ancestor::label[@class='aiz-checkbox']
[INFO] 13-07-2025 12:21:49 [TestNG-test=User Add Product Test-1] LogUtils - Click on element By.xpath: //button[normalize-space()='Complete Order']
[INFO] 13-07-2025 12:21:49 [TestNG-test=User Add Product Test-1] LogUtils - Get current url: https://cms.anhtester.com/checkout/order-confirmed
[INFO] 13-07-2025 12:21:49 [TestNG-test=User Add Product Test-1] LogUtils - Get CSS value color of element By.xpath: //h3[normalize-space()='5. Confirmation']
[INFO] 13-07-2025 12:21:49 [TestNG-test=User Add Product Test-1] LogUtils - ==> CSS value: rgba(230, 46, 4, 1)
[INFO] 13-07-2025 12:21:49 [TestNG-test=User Add Product Test-1] LogUtils - checkElementExist: true --- By.xpath: //span[normalize-space()='Your order has been placed successfully']
[INFO] 13-07-2025 12:21:49 [TestNG-test=User Add Product Test-1] LogUtils - Get text of element: By.xpath: //span[normalize-space()='Your order has been placed successfully'] || ==> Text Return: Your order has been placed successfully
[INFO] 13-07-2025 12:21:49 [TestNG-test=User Add Product Test-1] LogUtils - Verify order confirm page successfully!
[INFO] 13-07-2025 12:21:49 [TestNG-test=User Add Product Test-1] LogUtils - addProductToCart: success
[INFO] 13-07-2025 12:21:51 [TestNG-test=User Add Product Test-1] LogUtils - ✅ Đây là Test case chạy thành công: testAddCart
[INFO] 13-07-2025 12:21:52 [main] LogUtils - ⭐️ Total test: 8
[INFO] 13-07-2025 12:21:52 [main] LogUtils - ⭐️ Passed: 8
[INFO] 13-07-2025 12:21:52 [main] LogUtils - ⭐️ Failed: 0
[INFO] 13-07-2025 12:21:52 [main] LogUtils - ⭐️ Skipped: 0
[INFO] 13-07-2025 12:21:52 [main] LogUtils - 🟢 Kết thúc toàn bộ suite: User Add Product Test
[INFO] 13-07-2025 12:21:55 [main] LogUtils - ✅ Email with attachments sent!
[INFO] 13-07-2025 12:21:55 [main] LogUtils - ⚙\uFE0F Thời gian chạy toàn bộ test:Sun Jul 13 12:21:55 ICT 2025
[INFO] 13-07-2025 12:21:55 [main] LogUtils - ⚙️ Bắt đầu test suite cho class: AdminCheckDetailProduct
[INFO] 13-07-2025 12:21:55 [TestNG-test=User Add Product Test-1] LogUtils - ✅ Read data from Excel: [[Laptop Asus, Laptop, Asus, PC, Aqua, 5, laptop asus, 3000, 500, Laptop asus vừa mạnh vừa đẹp, laptop_asus.webp]]
[INFO] 13-07-2025 12:21:55 [TestNG-test=User Add Product Test-1] LogUtils - Run with Edge browser (default)
[INFO] 13-07-2025 12:21:57 [TestNG-test=User Add Product Test-1] LogUtils - Bắt đầu chạy test: testAdminCheckDetailProduct
[INFO] 13-07-2025 12:21:59 [TestNG-test=User Add Product Test-1] LogUtils - 🌐 Open URL: https://cms.anhtester.com/
[INFO] 13-07-2025 12:21:59 [TestNG-test=User Add Product Test-1] LogUtils - checkElementExist: true --- By.xpath: //b[normalize-space()='Website Demo']
[INFO] 13-07-2025 12:22:00 [TestNG-test=User Add Product Test-1] LogUtils - Click on element By.xpath: //b[normalize-space()='Website Demo']/following::button[@data-value='removed']
[INFO] 13-07-2025 12:22:03 [TestNG-test=User Add Product Test-1] LogUtils - Click on element By.xpath: (//a[normalize-space()='Login'])[1]
[INFO] 13-07-2025 12:22:03 [TestNG-test=User Add Product Test-1] LogUtils - checkElementExist: true --- By.xpath: //a[contains(normalize-space(), 'Forgot password')]
[INFO] 13-07-2025 12:22:03 [TestNG-test=User Add Product Test-1] LogUtils - Clear text on element By.xpath: //input[@id='email']
[INFO] 13-07-2025 12:22:03 [TestNG-test=User Add Product Test-1] LogUtils - Set text [admin@example.com] on element: By.xpath: //input[@id='email']
[INFO] 13-07-2025 12:22:04 [TestNG-test=User Add Product Test-1] LogUtils - Clear text on element By.xpath: //input[@id='password']
[INFO] 13-07-2025 12:22:04 [TestNG-test=User Add Product Test-1] LogUtils - Set text [123456] on element: By.xpath: //input[@id='password']
[INFO] 13-07-2025 12:22:11 [TestNG-test=User Add Product Test-1] LogUtils - Click on element By.xpath: //button[normalize-space()='Login']
[INFO] 13-07-2025 12:22:13 [TestNG-test=User Add Product Test-1] LogUtils - Get current url: https://cms.anhtester.com/admin
[INFO] 13-07-2025 12:22:13 [TestNG-test=User Add Product Test-1] LogUtils - checkElementExist: true --- By.xpath: (//span[normalize-space()='Dashboard'])[1]
[INFO] 13-07-2025 12:22:13 [TestNG-test=User Add Product Test-1] LogUtils - checkElementExist: true --- By.xpath: //span[normalize-space()='Admin Example']
[INFO] 13-07-2025 12:22:13 [TestNG-test=User Add Product Test-1] LogUtils - checkElementExist: true --- By.xpath: //span[normalize-space()='Clear Cache']
[INFO] 13-07-2025 12:22:14 [TestNG-test=User Add Product Test-1] LogUtils - Get text of element: By.xpath: //span[normalize-space()='Clear Cache'] || ==> Text Return: Clear Cache
[INFO] 13-07-2025 12:22:14 [TestNG-test=User Add Product Test-1] LogUtils - Click on element By.xpath: //ul[@id='main-menu']//span[normalize-space()='Products']
[INFO] 13-07-2025 12:22:15 [TestNG-test=User Add Product Test-1] LogUtils - Click on element By.xpath: //span[normalize-space()='Add New Product']
[INFO] 13-07-2025 12:22:15 [TestNG-test=User Add Product Test-1] LogUtils - Get current url: https://cms.anhtester.com/admin/products/create
[INFO] 13-07-2025 12:22:15 [TestNG-test=User Add Product Test-1] LogUtils - Get text of element: By.xpath: //h5[normalize-space()='Add New Product'] || ==> Text Return: Add New Product
[INFO] 13-07-2025 12:22:15 [TestNG-test=User Add Product Test-1] LogUtils - checkElementExist: true --- By.xpath: //h5[normalize-space()='Product Information']
[INFO] 13-07-2025 12:22:15 [TestNG-test=User Add Product Test-1] LogUtils - checkElementExist: true --- By.xpath: //h5[normalize-space()='Add New Product']
[INFO] 13-07-2025 12:22:15 [TestNG-test=User Add Product Test-1] LogUtils - Verify add new product page successfully
[INFO] 13-07-2025 12:22:16 [TestNG-test=User Add Product Test-1] LogUtils - Clear text on element By.xpath: //input[@name='name']
[INFO] 13-07-2025 12:22:16 [TestNG-test=User Add Product Test-1] LogUtils - Set text [Laptop Asus] on element: By.xpath: //input[@name='name']
[INFO] 13-07-2025 12:22:16 [TestNG-test=User Add Product Test-1] LogUtils - Click on element By.xpath: //button[@data-id='category_id']
[INFO] 13-07-2025 12:22:17 [TestNG-test=User Add Product Test-1] LogUtils - Set text [Laptop] on element: By.xpath: //button[@data-id='category_id']/following-sibling::div//input
[INFO] 13-07-2025 12:22:17 [TestNG-test=User Add Product Test-1] LogUtils - Click on element By.xpath: (//div[@id='bs-select-1']//li)[1]
[INFO] 13-07-2025 12:22:18 [TestNG-test=User Add Product Test-1] LogUtils - Click on element By.xpath: //button[@data-id='brand_id']
[INFO] 13-07-2025 12:22:18 [TestNG-test=User Add Product Test-1] LogUtils - Set text [Asus] on element: By.xpath: //button[@data-id='brand_id']/following-sibling::div//input
[INFO] 13-07-2025 12:22:18 [TestNG-test=User Add Product Test-1] LogUtils - Click on element By.xpath: (//div[@id='bs-select-2']//li)[1]
[INFO] 13-07-2025 12:22:18 [TestNG-test=User Add Product Test-1] LogUtils - Clear text on element By.xpath: //input[@name='unit']
[INFO] 13-07-2025 12:22:19 [TestNG-test=User Add Product Test-1] LogUtils - Set text [PC] on element: By.xpath: //input[@name='unit']
[INFO] 13-07-2025 12:22:19 [TestNG-test=User Add Product Test-1] LogUtils - Clear text on element By.xpath: //input[@name='weight']
[INFO] 13-07-2025 12:22:19 [TestNG-test=User Add Product Test-1] LogUtils - Set text [5] on element: By.xpath: //input[@name='weight']
[INFO] 13-07-2025 12:22:20 [TestNG-test=User Add Product Test-1] LogUtils - Set text [laptop asus] on element: By.xpath: //tags[@role='tagslist']
[INFO] 13-07-2025 12:22:20 [TestNG-test=User Add Product Test-1] LogUtils - Click on element By.xpath: //label[@for='signinSrEmail' and contains(normalize-space(), 'Gallery Images ')]/following-sibling::div/div
[INFO] 13-07-2025 12:22:22 [TestNG-test=User Add Product Test-1] LogUtils - Click on element By.xpath: //a[normalize-space()='Upload New']
[INFO] 13-07-2025 12:22:23 [TestNG-test=User Add Product Test-1] LogUtils - Click on element By.xpath: //button[normalize-space()='Browse']
[INFO] 13-07-2025 12:22:25 [TestNG-test=User Add Product Test-1] LogUtils - 📁 File path để upload: D:\LearnAutomationTest\EcommerceAutomationTesting\src\test\resources\datatest\laptop_asus.webp
[INFO] 13-07-2025 12:22:25 [TestNG-test=User Add Product Test-1] LogUtils - 📋 Đã copy đường dẫn file vào clipboard
[INFO] 13-07-2025 12:22:26 [TestNG-test=User Add Product Test-1] LogUtils - ⌨️ Đã thực hiện Ctrl + V
[INFO] 13-07-2025 12:22:27 [TestNG-test=User Add Product Test-1] LogUtils - ⏎ Đã nhấn Enter để xác nhận chọn file
[INFO] 13-07-2025 12:22:29 [TestNG-test=User Add Product Test-1] LogUtils - Click on element By.xpath: //a[normalize-space()='Select File']
[INFO] 13-07-2025 12:22:31 [TestNG-test=User Add Product Test-1] LogUtils - Click element with JavaScript: By.xpath: (//div[@title='laptop_asus.webp'])[15]
[INFO] 13-07-2025 12:22:31 [TestNG-test=User Add Product Test-1] LogUtils - Click on element By.xpath: //button[normalize-space()='Add Files']
[INFO] 13-07-2025 12:22:31 [TestNG-test=User Add Product Test-1] LogUtils - ✅ Upload file thành công và đã xác nhận trong UI
[INFO] 13-07-2025 12:22:32 [TestNG-test=User Add Product Test-1] LogUtils - Click on element By.xpath: //label[@for='signinSrEmail' and contains(normalize-space(), 'Thumbnail Image ')]/following-sibling::div/div[@data-type='image']
[INFO] 13-07-2025 12:22:35 [TestNG-test=User Add Product Test-1] LogUtils - Click on element By.xpath: //a[normalize-space()='Upload New']
[INFO] 13-07-2025 12:22:35 [TestNG-test=User Add Product Test-1] LogUtils - Click on element By.xpath: //button[normalize-space()='Browse']
[INFO] 13-07-2025 12:22:37 [TestNG-test=User Add Product Test-1] LogUtils - 📁 File path để upload: D:\LearnAutomationTest\EcommerceAutomationTesting\src\test\resources\datatest\laptop_asus.webp
[INFO] 13-07-2025 12:22:37 [TestNG-test=User Add Product Test-1] LogUtils - 📋 Đã copy đường dẫn file vào clipboard
[INFO] 13-07-2025 12:22:38 [TestNG-test=User Add Product Test-1] LogUtils - ⌨️ Đã thực hiện Ctrl + V
[INFO] 13-07-2025 12:22:39 [TestNG-test=User Add Product Test-1] LogUtils - ⏎ Đã nhấn Enter để xác nhận chọn file
[INFO] 13-07-2025 12:22:42 [TestNG-test=User Add Product Test-1] LogUtils - Click on element By.xpath: //a[normalize-space()='Select File']
[INFO] 13-07-2025 12:22:43 [TestNG-test=User Add Product Test-1] LogUtils - Click element with JavaScript: By.xpath: (//div[@title='laptop_asus.webp'])[17]
[INFO] 13-07-2025 12:22:43 [TestNG-test=User Add Product Test-1] LogUtils - Click on element By.xpath: //button[normalize-space()='Add Files']
[INFO] 13-07-2025 12:22:43 [TestNG-test=User Add Product Test-1] LogUtils - ✅ Upload file thành công và đã xác nhận trong UI
[INFO] 13-07-2025 12:22:44 [TestNG-test=User Add Product Test-1] LogUtils - Click on element By.xpath: //button[@data-id='colors']/parent::div/parent::div/following-sibling::div/label
[INFO] 13-07-2025 12:22:45 [TestNG-test=User Add Product Test-1] LogUtils - Click on element By.xpath: //button[@data-id='colors']
[INFO] 13-07-2025 12:22:45 [TestNG-test=User Add Product Test-1] LogUtils - Clear text on element By.xpath: //button[@data-id='colors']/following-sibling::div//input
[INFO] 13-07-2025 12:22:45 [TestNG-test=User Add Product Test-1] LogUtils - Set text [Aqua] on element: By.xpath: //button[@data-id='colors']/following-sibling::div//input
[INFO] 13-07-2025 12:22:46 [TestNG-test=User Add Product Test-1] LogUtils - Click on element By.xpath: (//button[@data-id='colors']/following-sibling::div//ul/li)[1]
[INFO] 13-07-2025 12:22:46 [TestNG-test=User Add Product Test-1] LogUtils - Click on element By.xpath: //h5[normalize-space()='Product Variation']
[INFO] 13-07-2025 12:22:47 [TestNG-test=User Add Product Test-1] LogUtils - Clear text on element By.xpath: //input[@name='unit_price']
[INFO] 13-07-2025 12:22:48 [TestNG-test=User Add Product Test-1] LogUtils - Set text [3000] on element: By.xpath: //input[@name='unit_price']
[INFO] 13-07-2025 12:22:49 [TestNG-test=User Add Product Test-1] LogUtils - Clear text on element By.xpath: //input[@name='qty_Aqua']
[INFO] 13-07-2025 12:22:49 [TestNG-test=User Add Product Test-1] LogUtils - Set text [500] on element: By.xpath: //input[@name='qty_Aqua']
[INFO] 13-07-2025 12:22:50 [TestNG-test=User Add Product Test-1] LogUtils - Clear text on element By.xpath: //input[@name='price_Aqua']
[INFO] 13-07-2025 12:22:50 [TestNG-test=User Add Product Test-1] LogUtils - Set text [3000] on element: By.xpath: //input[@name='price_Aqua']
[INFO] 13-07-2025 12:22:52 [TestNG-test=User Add Product Test-1] LogUtils - Set text [Laptop asus vừa mạnh vừa đẹp] on element: By.xpath: //div[@role='textbox']
[INFO] 13-07-2025 12:22:52 [TestNG-test=User Add Product Test-1] LogUtils - 📝 Product Name: Laptop Asus
[INFO] 13-07-2025 12:22:52 [TestNG-test=User Add Product Test-1] LogUtils - 📂 Category: Laptop
[INFO] 13-07-2025 12:22:52 [TestNG-test=User Add Product Test-1] LogUtils - 🏷️ Brand: Asus
[INFO] 13-07-2025 12:22:52 [TestNG-test=User Add Product Test-1] LogUtils - 📏 Unit: PC
[INFO] 13-07-2025 12:22:52 [TestNG-test=User Add Product Test-1] LogUtils - ⚖️ Weight: 5
[INFO] 13-07-2025 12:22:52 [TestNG-test=User Add Product Test-1] LogUtils - 🔖 Tag: laptop asus
[INFO] 13-07-2025 12:22:52 [TestNG-test=User Add Product Test-1] LogUtils - 💵 Price: 3000
[INFO] 13-07-2025 12:22:52 [TestNG-test=User Add Product Test-1] LogUtils - 💵 Color: Aqua
[INFO] 13-07-2025 12:22:52 [TestNG-test=User Add Product Test-1] LogUtils - 📦 Quantity: 500
[INFO] 13-07-2025 12:22:52 [TestNG-test=User Add Product Test-1] LogUtils - 🧾 Description: Laptop asus vừa mạnh vừa đẹp
[INFO] 13-07-2025 12:22:52 [TestNG-test=User Add Product Test-1] LogUtils - 🖼️ Image path: laptop_asus.webp
[INFO] 13-07-2025 12:22:53 [TestNG-test=User Add Product Test-1] LogUtils - Click on element By.xpath: //button[normalize-space()='Save & Publish']
[INFO] 13-07-2025 12:22:54 [TestNG-test=User Add Product Test-1] LogUtils - Get text of element: By.xpath: //span[normalize-space()='Product has been inserted successfully'] || ==> Text Return: Product has been inserted successfully
[INFO] 13-07-2025 12:22:54 [TestNG-test=User Add Product Test-1] LogUtils - checkElementExist: true --- By.xpath: //span[normalize-space()='Product has been inserted successfully']
[INFO] 13-07-2025 12:22:54 [TestNG-test=User Add Product Test-1] LogUtils - Get current url: https://cms.anhtester.com/admin/products/admin
[INFO] 13-07-2025 12:22:55 [TestNG-test=User Add Product Test-1] LogUtils - 🔍 Tìm kiếm với từ khóa [Laptop Asus] bằng element: By.xpath: //input[@id='search']
[INFO] 13-07-2025 12:22:56 [TestNG-test=User Add Product Test-1] LogUtils - Get text of element: By.xpath: (//tbody/tr)[1]/td[2]//span || ==> Text Return: Laptop Asus
[INFO] 13-07-2025 12:22:56 [TestNG-test=User Add Product Test-1] LogUtils - checkElementExist: true --- By.xpath: //h5[normalize-space()='All Product']
[INFO] 13-07-2025 12:22:56 [TestNG-test=User Add Product Test-1] LogUtils - Get text of element: By.xpath: //h5[normalize-space()='All Product'] || ==> Text Return: All Product
[INFO] 13-07-2025 12:22:56 [TestNG-test=User Add Product Test-1] LogUtils - ✅ Verify add new product successfully !
[INFO] 13-07-2025 12:22:56 [TestNG-test=User Add Product Test-1] LogUtils - Get attribute of element By.xpath: (//a[@title='View'])[1]
[INFO] 13-07-2025 12:22:56 [TestNG-test=User Add Product Test-1] LogUtils - ==> Attribute value: https://cms.anhtester.com/product/laptop-asus-5
[INFO] 13-07-2025 12:22:57 [TestNG-test=User Add Product Test-1] LogUtils - Click on element By.xpath: (//a[@title='View'])[1]
[INFO] 13-07-2025 12:22:58 [TestNG-test=User Add Product Test-1] LogUtils - ✅ Switched to new tab with URL: https://cms.anhtester.com/product/laptop-asus-5
[INFO] 13-07-2025 12:22:58 [TestNG-test=User Add Product Test-1] LogUtils - start verifyProductDetailPage
[INFO] 13-07-2025 12:22:58 [TestNG-test=User Add Product Test-1] LogUtils - Get current url: https://cms.anhtester.com/product/laptop-asus-5
[INFO] 13-07-2025 12:22:58 [TestNG-test=User Add Product Test-1] LogUtils - currentURL verify product detail page: https://cms.anhtester.com/product/laptop-asus-5
[INFO] 13-07-2025 12:22:58 [TestNG-test=User Add Product Test-1] LogUtils - href expected verify product detail page: https://cms.anhtester.com/product/laptop-asus-5
[INFO] 13-07-2025 12:22:58 [TestNG-test=User Add Product Test-1] LogUtils - title verify product detail page: Laptop Asus
[INFO] 13-07-2025 12:22:58 [TestNG-test=User Add Product Test-1] LogUtils - Get text of element: By.xpath: //div[@class='text-left']/h1 || ==> Text Return: Laptop Asus
[INFO] 13-07-2025 12:22:58 [TestNG-test=User Add Product Test-1] LogUtils - href expected verify product detail page: https://cms.anhtester.com/product/laptop-asus-5
[INFO] 13-07-2025 12:22:58 [TestNG-test=User Add Product Test-1] LogUtils - title verify product detail page: Laptop Asus
[INFO] 13-07-2025 12:22:58 [TestNG-test=User Add Product Test-1] LogUtils - Get text of element: By.xpath: //div[@class='text-left']/h1 || ==> Text Return: Laptop Asus
[INFO] 13-07-2025 12:22:58 [TestNG-test=User Add Product Test-1] LogUtils - Get text of element: By.xpath: (//div[@class='text-left']//strong)[1] || ==> Text Return: $3,000.00
[INFO] 13-07-2025 12:22:58 [TestNG-test=User Add Product Test-1] LogUtils - Get text of element: By.xpath: (//div[@class='text-left']//strong)[1]/following-sibling::span || ==> Text Return: /PC
[INFO] 13-07-2025 12:22:58 [TestNG-test=User Add Product Test-1] LogUtils - Get text of element: By.xpath: //span[@id='available-quantity'] || ==> Text Return: 498
[INFO] 13-07-2025 12:22:58 [TestNG-test=User Add Product Test-1] LogUtils - Get text of element: By.xpath: //div[@id='tab_default_1']//p || ==> Text Return: Laptop asus vừa mạnh vừa đẹp
[INFO] 13-07-2025 12:22:58 [TestNG-test=User Add Product Test-1] LogUtils - 🔍 nameProduct UI: Laptop Asus | expected: Laptop Asus
[INFO] 13-07-2025 12:22:58 [TestNG-test=User Add Product Test-1] LogUtils - 🔍 priceProduct UI: 3000 | expected: 3000
[INFO] 13-07-2025 12:22:58 [TestNG-test=User Add Product Test-1] LogUtils - 🔍 unitProduct UI: PC | expected: PC
[INFO] 13-07-2025 12:22:58 [TestNG-test=User Add Product Test-1] LogUtils - 🔍 quantityProduct UI: 498 | expected: 500
[INFO] 13-07-2025 12:22:58 [TestNG-test=User Add Product Test-1] LogUtils - 🔍 descriptionProduct UI: Laptop asus vừa mạnh vừa đẹp | expected: Laptop asus vừa mạnh vừa đẹp
[ERROR] 13-07-2025 12:22:58 [TestNG-test=User Add Product Test-1] LogUtils - ❌ Đây là Test case chạy thất bại: testAdminCheckDetailProduct
[ERROR] 13-07-2025 12:22:58 [TestNG-test=User Add Product Test-1] LogUtils - java.lang.AssertionError: ❌ Quantity product is not match with excel data expected [500] but found [498]
[INFO] 13-07-2025 12:22:58 [TestNG-test=User Add Product Test-1] LogUtils - Screenshot taken: testAdminCheckDetailProduct
[INFO] 13-07-2025 12:22:58 [TestNG-test=User Add Product Test-1] LogUtils - Screenshot taken current URL: https://cms.anhtester.com/product/laptop-asus-5
[INFO] 13-07-2025 12:23:00 [main] LogUtils - ⭐️ Total test: 9
[INFO] 13-07-2025 12:23:00 [main] LogUtils - ⭐️ Passed: 8
[INFO] 13-07-2025 12:23:00 [main] LogUtils - ⭐️ Failed: 1
[INFO] 13-07-2025 12:23:00 [main] LogUtils - ⭐️ Skipped: 0
[INFO] 13-07-2025 12:23:00 [main] LogUtils - 🟢 Kết thúc toàn bộ suite: User Add Product Test
[INFO] 13-07-2025 12:23:03 [main] LogUtils - ✅ Email with attachments sent!
[INFO] 13-07-2025 12:31:46 [main] LogUtils - ⚙\uFE0F Thời gian chạy toàn bộ test:Sun Jul 13 12:31:45 ICT 2025
[INFO] 13-07-2025 12:31:47 [main] LogUtils - ⚙️ Bắt đầu test suite cho class: AdminCheckDetailProduct
[INFO] 13-07-2025 12:31:48 [main] LogUtils - ✅ Read data from Excel: [[Laptop Asus, Laptop, Asus, PC, Aqua, 5, laptop asus, 3000, 500, Laptop asus vừa mạnh vừa đẹp, laptop_asus.webp]]
[INFO] 13-07-2025 12:31:51 [main] LogUtils - Run with Edge browser
[INFO] 13-07-2025 12:31:52 [main] LogUtils - Bắt đầu chạy test: testAdminCheckDetailProduct
[INFO] 13-07-2025 12:31:54 [main] LogUtils - 🌐 Open URL: https://cms.anhtester.com/
[INFO] 13-07-2025 12:31:54 [main] LogUtils - checkElementExist: true --- By.xpath: //b[normalize-space()='Website Demo']
[INFO] 13-07-2025 12:31:55 [main] LogUtils - Click on element By.xpath: //b[normalize-space()='Website Demo']/following::button[@data-value='removed']
[INFO] 13-07-2025 12:31:56 [main] LogUtils - Click on element By.xpath: (//a[normalize-space()='Login'])[1]
[INFO] 13-07-2025 12:31:56 [main] LogUtils - checkElementExist: true --- By.xpath: //a[contains(normalize-space(), 'Forgot password')]
[INFO] 13-07-2025 12:31:56 [main] LogUtils - Clear text on element By.xpath: //input[@id='email']
[INFO] 13-07-2025 12:31:57 [main] LogUtils - Set text [admin@example.com] on element: By.xpath: //input[@id='email']
[INFO] 13-07-2025 12:31:57 [main] LogUtils - Clear text on element By.xpath: //input[@id='password']
[INFO] 13-07-2025 12:31:57 [main] LogUtils - Set text [123456] on element: By.xpath: //input[@id='password']
[INFO] 13-07-2025 12:32:00 [main] LogUtils - Click on element By.xpath: //button[normalize-space()='Login']
[INFO] 13-07-2025 12:32:02 [main] LogUtils - Get current url: https://cms.anhtester.com/admin
[INFO] 13-07-2025 12:32:02 [main] LogUtils - checkElementExist: true --- By.xpath: (//span[normalize-space()='Dashboard'])[1]
[INFO] 13-07-2025 12:32:02 [main] LogUtils - checkElementExist: true --- By.xpath: //span[normalize-space()='Admin Example']
[INFO] 13-07-2025 12:32:03 [main] LogUtils - checkElementExist: true --- By.xpath: //span[normalize-space()='Clear Cache']
[INFO] 13-07-2025 12:32:03 [main] LogUtils - Get text of element: By.xpath: //span[normalize-space()='Clear Cache'] || ==> Text Return: Clear Cache
[INFO] 13-07-2025 12:32:03 [main] LogUtils - Click on element By.xpath: //ul[@id='main-menu']//span[normalize-space()='Products']
[INFO] 13-07-2025 12:32:04 [main] LogUtils - Click on element By.xpath: //span[normalize-space()='Add New Product']
[INFO] 13-07-2025 12:32:04 [main] LogUtils - Get current url: https://cms.anhtester.com/admin/products/create
[INFO] 13-07-2025 12:32:05 [main] LogUtils - Get text of element: By.xpath: //h5[normalize-space()='Add New Product'] || ==> Text Return: Add New Product
[INFO] 13-07-2025 12:32:05 [main] LogUtils - checkElementExist: true --- By.xpath: //h5[normalize-space()='Product Information']
[INFO] 13-07-2025 12:32:05 [main] LogUtils - checkElementExist: true --- By.xpath: //h5[normalize-space()='Add New Product']
[INFO] 13-07-2025 12:32:05 [main] LogUtils - Verify add new product page successfully
[INFO] 13-07-2025 12:32:05 [main] LogUtils - Clear text on element By.xpath: //input[@name='name']
[INFO] 13-07-2025 12:32:05 [main] LogUtils - Set text [Laptop Asus] on element: By.xpath: //input[@name='name']
[INFO] 13-07-2025 12:32:06 [main] LogUtils - Click on element By.xpath: //button[@data-id='category_id']
[INFO] 13-07-2025 12:32:06 [main] LogUtils - Set text [Laptop] on element: By.xpath: //button[@data-id='category_id']/following-sibling::div//input
[INFO] 13-07-2025 12:32:07 [main] LogUtils - Click on element By.xpath: (//div[@id='bs-select-1']//li)[1]
[INFO] 13-07-2025 12:32:07 [main] LogUtils - Click on element By.xpath: //button[@data-id='brand_id']
[INFO] 13-07-2025 12:32:07 [main] LogUtils - Set text [Asus] on element: By.xpath: //button[@data-id='brand_id']/following-sibling::div//input
[INFO] 13-07-2025 12:32:08 [main] LogUtils - Click on element By.xpath: (//div[@id='bs-select-2']//li)[1]
[INFO] 13-07-2025 12:32:08 [main] LogUtils - Clear text on element By.xpath: //input[@name='unit']
[INFO] 13-07-2025 12:32:08 [main] LogUtils - Set text [PC] on element: By.xpath: //input[@name='unit']
[INFO] 13-07-2025 12:32:09 [main] LogUtils - Clear text on element By.xpath: //input[@name='weight']
[INFO] 13-07-2025 12:32:09 [main] LogUtils - Set text [5] on element: By.xpath: //input[@name='weight']
[INFO] 13-07-2025 12:32:09 [main] LogUtils - Set text [laptop asus] on element: By.xpath: //tags[@role='tagslist']
[INFO] 13-07-2025 12:32:09 [main] LogUtils - Click on element By.xpath: //label[@for='signinSrEmail' and contains(normalize-space(), 'Gallery Images ')]/following-sibling::div/div
[INFO] 13-07-2025 12:32:12 [main] LogUtils - Click on element By.xpath: //a[normalize-space()='Upload New']
[INFO] 13-07-2025 12:32:12 [main] LogUtils - Click on element By.xpath: //button[normalize-space()='Browse']
[INFO] 13-07-2025 12:32:14 [main] LogUtils - 📁 File path để upload: D:\LearnAutomationTest\EcommerceAutomationTesting\src\test\resources\datatest\laptop_asus.webp
[INFO] 13-07-2025 12:32:14 [main] LogUtils - 📋 Đã copy đường dẫn file vào clipboard
[INFO] 13-07-2025 12:32:15 [main] LogUtils - ⌨️ Đã thực hiện Ctrl + V
[INFO] 13-07-2025 12:32:16 [main] LogUtils - ⏎ Đã nhấn Enter để xác nhận chọn file
[INFO] 13-07-2025 12:32:19 [main] LogUtils - Click on element By.xpath: //a[normalize-space()='Select File']
[INFO] 13-07-2025 12:32:20 [main] LogUtils - Click element with JavaScript: By.xpath: (//div[@title='laptop_asus.webp'])[17]
[INFO] 13-07-2025 12:32:21 [main] LogUtils - Click on element By.xpath: //button[normalize-space()='Add Files']
[INFO] 13-07-2025 12:32:21 [main] LogUtils - ✅ Upload file thành công và đã xác nhận trong UI
[INFO] 13-07-2025 12:32:22 [main] LogUtils - Click on element By.xpath: //label[@for='signinSrEmail' and contains(normalize-space(), 'Thumbnail Image ')]/following-sibling::div/div[@data-type='image']
[INFO] 13-07-2025 12:32:24 [main] LogUtils - Click on element By.xpath: //a[normalize-space()='Upload New']
[INFO] 13-07-2025 12:32:24 [main] LogUtils - Click on element By.xpath: //button[normalize-space()='Browse']
[INFO] 13-07-2025 12:32:26 [main] LogUtils - 📁 File path để upload: D:\LearnAutomationTest\EcommerceAutomationTesting\src\test\resources\datatest\laptop_asus.webp
[INFO] 13-07-2025 12:32:26 [main] LogUtils - 📋 Đã copy đường dẫn file vào clipboard
[INFO] 13-07-2025 12:32:27 [main] LogUtils - ⌨️ Đã thực hiện Ctrl + V
[INFO] 13-07-2025 12:32:29 [main] LogUtils - ⏎ Đã nhấn Enter để xác nhận chọn file
[INFO] 13-07-2025 12:32:31 [main] LogUtils - Click on element By.xpath: //a[normalize-space()='Select File']
[INFO] 13-07-2025 12:32:32 [main] LogUtils - Click element with JavaScript: By.xpath: (//div[@title='laptop_asus.webp'])[19]
[INFO] 13-07-2025 12:32:33 [main] LogUtils - Click on element By.xpath: //button[normalize-space()='Add Files']
[INFO] 13-07-2025 12:32:33 [main] LogUtils - ✅ Upload file thành công và đã xác nhận trong UI
[INFO] 13-07-2025 12:32:34 [main] LogUtils - Click on element By.xpath: //button[@data-id='colors']/parent::div/parent::div/following-sibling::div/label
[INFO] 13-07-2025 12:32:34 [main] LogUtils - Click on element By.xpath: //button[@data-id='colors']
[INFO] 13-07-2025 12:32:35 [main] LogUtils - Clear text on element By.xpath: //button[@data-id='colors']/following-sibling::div//input
[INFO] 13-07-2025 12:32:35 [main] LogUtils - Set text [Aqua] on element: By.xpath: //button[@data-id='colors']/following-sibling::div//input
[INFO] 13-07-2025 12:32:35 [main] LogUtils - Click on element By.xpath: (//button[@data-id='colors']/following-sibling::div//ul/li)[1]
[INFO] 13-07-2025 12:32:36 [main] LogUtils - Click on element By.xpath: //h5[normalize-space()='Product Variation']
[INFO] 13-07-2025 12:32:37 [main] LogUtils - Clear text on element By.xpath: //input[@name='unit_price']
[INFO] 13-07-2025 12:32:37 [main] LogUtils - Set text [3000] on element: By.xpath: //input[@name='unit_price']
[INFO] 13-07-2025 12:32:38 [main] LogUtils - Clear text on element By.xpath: //input[@name='qty_Aqua']
[INFO] 13-07-2025 12:32:39 [main] LogUtils - Set text [500] on element: By.xpath: //input[@name='qty_Aqua']
[INFO] 13-07-2025 12:32:39 [main] LogUtils - Clear text on element By.xpath: //input[@name='price_Aqua']
[INFO] 13-07-2025 12:32:39 [main] LogUtils - Set text [3000] on element: By.xpath: //input[@name='price_Aqua']
[INFO] 13-07-2025 12:32:42 [main] LogUtils - Set text [Laptop asus vừa mạnh vừa đẹp] on element: By.xpath: //div[@role='textbox']
[INFO] 13-07-2025 12:32:42 [main] LogUtils - 📝 Product Name: Laptop Asus
[INFO] 13-07-2025 12:32:42 [main] LogUtils - 📂 Category: Laptop
[INFO] 13-07-2025 12:32:42 [main] LogUtils - 🏷️ Brand: Asus
[INFO] 13-07-2025 12:32:42 [main] LogUtils - 📏 Unit: PC
[INFO] 13-07-2025 12:32:42 [main] LogUtils - ⚖️ Weight: 5
[INFO] 13-07-2025 12:32:42 [main] LogUtils - 🔖 Tag: laptop asus
[INFO] 13-07-2025 12:32:42 [main] LogUtils - 💵 Price: 3000
[INFO] 13-07-2025 12:32:42 [main] LogUtils - 💵 Color: Aqua
[INFO] 13-07-2025 12:32:42 [main] LogUtils - 📦 Quantity: 500
[INFO] 13-07-2025 12:32:42 [main] LogUtils - 🧾 Description: Laptop asus vừa mạnh vừa đẹp
[INFO] 13-07-2025 12:32:42 [main] LogUtils - 🖼️ Image path: laptop_asus.webp
[INFO] 13-07-2025 12:32:44 [main] LogUtils - Click on element By.xpath: //button[normalize-space()='Save & Publish']
[INFO] 13-07-2025 12:32:44 [main] LogUtils - Get text of element: By.xpath: //span[normalize-space()='Product has been inserted successfully'] || ==> Text Return: Product has been inserted successfully
[INFO] 13-07-2025 12:32:44 [main] LogUtils - checkElementExist: true --- By.xpath: //span[normalize-space()='Product has been inserted successfully']
[INFO] 13-07-2025 12:32:44 [main] LogUtils - Get current url: https://cms.anhtester.com/admin/products/admin
[INFO] 13-07-2025 12:32:45 [main] LogUtils - 🔍 Tìm kiếm với từ khóa [Laptop Asus] bằng element: By.xpath: //input[@id='search']
[INFO] 13-07-2025 12:32:46 [main] LogUtils - Get text of element: By.xpath: (//tbody/tr)[1]/td[2]//span || ==> Text Return: Laptop Asus
[INFO] 13-07-2025 12:32:46 [main] LogUtils - checkElementExist: true --- By.xpath: //h5[normalize-space()='All Product']
[INFO] 13-07-2025 12:32:46 [main] LogUtils - Get text of element: By.xpath: //h5[normalize-space()='All Product'] || ==> Text Return: All Product
[INFO] 13-07-2025 12:32:46 [main] LogUtils - ✅ Verify add new product successfully !
[INFO] 13-07-2025 12:32:46 [main] LogUtils - Get attribute of element By.xpath: (//a[@title='View'])[1]
[INFO] 13-07-2025 12:32:46 [main] LogUtils - ==> Attribute value: https://cms.anhtester.com/product/laptop-asus-7
[INFO] 13-07-2025 12:32:46 [main] LogUtils - Click on element By.xpath: (//a[@title='View'])[1]
[INFO] 13-07-2025 12:32:47 [main] LogUtils - ✅ Switched to new tab with URL: https://cms.anhtester.com/product/laptop-asus-7
[INFO] 13-07-2025 12:32:47 [main] LogUtils - start verifyProductDetailPage
[INFO] 13-07-2025 12:32:47 [main] LogUtils - Get current url: https://cms.anhtester.com/product/laptop-asus-7
[INFO] 13-07-2025 12:32:47 [main] LogUtils - currentURL verify product detail page: https://cms.anhtester.com/product/laptop-asus-7
[INFO] 13-07-2025 12:32:47 [main] LogUtils - href expected verify product detail page: https://cms.anhtester.com/product/laptop-asus-7
[INFO] 13-07-2025 12:32:47 [main] LogUtils - title verify product detail page: Laptop Asus
[INFO] 13-07-2025 12:32:48 [main] LogUtils - Get text of element: By.xpath: //div[@class='text-left']/h1 || ==> Text Return: Laptop Asus
[INFO] 13-07-2025 12:32:48 [main] LogUtils - href expected verify product detail page: https://cms.anhtester.com/product/laptop-asus-7
[INFO] 13-07-2025 12:32:48 [main] LogUtils - title verify product detail page: Laptop Asus
[INFO] 13-07-2025 12:32:48 [main] LogUtils - Get text of element: By.xpath: //div[@class='text-left']/h1 || ==> Text Return: Laptop Asus
[INFO] 13-07-2025 12:32:48 [main] LogUtils - Get text of element: By.xpath: (//div[@class='text-left']//strong)[1] || ==> Text Return: $3,000.00
[INFO] 13-07-2025 12:32:48 [main] LogUtils - Get text of element: By.xpath: (//div[@class='text-left']//strong)[1]/following-sibling::span || ==> Text Return: /PC
[INFO] 13-07-2025 12:32:48 [main] LogUtils - Get text of element: By.xpath: //span[@id='available-quantity'] || ==> Text Return: 499
[INFO] 13-07-2025 12:32:48 [main] LogUtils - Get text of element: By.xpath: //div[@id='tab_default_1']//p || ==> Text Return: Laptop asus vừa mạnh vừa đẹp
[INFO] 13-07-2025 12:32:48 [main] LogUtils - 🔍 nameProduct UI: Laptop Asus | expected: Laptop Asus
[INFO] 13-07-2025 12:32:48 [main] LogUtils - 🔍 priceProduct UI: 3000 | expected: 3000
[INFO] 13-07-2025 12:32:48 [main] LogUtils - 🔍 unitProduct UI: PC | expected: PC
[INFO] 13-07-2025 12:32:48 [main] LogUtils - 🔍 quantityProduct UI: 499 | expected: 500
[INFO] 13-07-2025 12:32:48 [main] LogUtils - 🔍 descriptionProduct UI: Laptop asus vừa mạnh vừa đẹp | expected: Laptop asus vừa mạnh vừa đẹp
[ERROR] 13-07-2025 12:32:48 [main] LogUtils - ❌ Đây là Test case chạy thất bại: testAdminCheckDetailProduct
[ERROR] 13-07-2025 12:32:48 [main] LogUtils - java.lang.AssertionError: ❌ Quantity product is not match with excel data expected [500] but found [499]
[INFO] 13-07-2025 12:32:48 [main] LogUtils - Screenshot taken: testAdminCheckDetailProduct
[INFO] 13-07-2025 12:32:48 [main] LogUtils - Screenshot taken current URL: https://cms.anhtester.com/product/laptop-asus-7
[INFO] 13-07-2025 12:32:49 [main] LogUtils - ⭐️ Total test: 1
[INFO] 13-07-2025 12:32:49 [main] LogUtils - ⭐️ Passed: 0
[INFO] 13-07-2025 12:32:49 [main] LogUtils - ⭐️ Failed: 1
[INFO] 13-07-2025 12:32:49 [main] LogUtils - ⭐️ Skipped: 0
[INFO] 13-07-2025 12:32:49 [main] LogUtils - 🟢 Kết thúc toàn bộ suite: EcommerceAutomationTesting
[INFO] 13-07-2025 12:32:53 [main] LogUtils - ✅ Email with attachments sent!
[INFO] 13-07-2025 12:36:53 [main] LogUtils - ⚙\uFE0F Thời gian chạy toàn bộ test:Sun Jul 13 12:36:52 ICT 2025
[INFO] 13-07-2025 12:36:53 [main] LogUtils - ⚙️ Bắt đầu test suite cho class: AdminCheckDetailProduct
[INFO] 13-07-2025 12:36:56 [main] LogUtils - ✅ Read data from Excel: [[Laptop Asus, Laptop, Asus, PC, Aqua, 5, laptop asus, 3000, 500, Laptop asus vừa mạnh vừa đẹp, laptop_asus.webp]]
[INFO] 13-07-2025 12:37:00 [main] LogUtils - Run with Edge browser
[INFO] 13-07-2025 12:37:00 [main] LogUtils - Bắt đầu chạy test: testAdminCheckDetailProduct
[INFO] 13-07-2025 12:37:03 [main] LogUtils - 🌐 Open URL: https://cms.anhtester.com/
[INFO] 13-07-2025 12:37:04 [main] LogUtils - checkElementExist: true --- By.xpath: //b[normalize-space()='Website Demo']
[INFO] 13-07-2025 12:37:04 [main] LogUtils - Click on element By.xpath: //b[normalize-space()='Website Demo']/following::button[@data-value='removed']
[INFO] 13-07-2025 12:37:05 [main] LogUtils - Click on element By.xpath: (//a[normalize-space()='Login'])[1]
[INFO] 13-07-2025 12:37:05 [main] LogUtils - checkElementExist: true --- By.xpath: //a[contains(normalize-space(), 'Forgot password')]
[INFO] 13-07-2025 12:37:05 [main] LogUtils - Clear text on element By.xpath: //input[@id='email']
[INFO] 13-07-2025 12:37:06 [main] LogUtils - Set text [admin@example.com] on element: By.xpath: //input[@id='email']
[INFO] 13-07-2025 12:37:06 [main] LogUtils - Clear text on element By.xpath: //input[@id='password']
[INFO] 13-07-2025 12:37:06 [main] LogUtils - Set text [123456] on element: By.xpath: //input[@id='password']
[INFO] 13-07-2025 12:37:10 [main] LogUtils - Click on element By.xpath: //button[normalize-space()='Login']
[INFO] 13-07-2025 12:37:12 [main] LogUtils - Get current url: https://cms.anhtester.com/admin
[INFO] 13-07-2025 12:37:12 [main] LogUtils - checkElementExist: true --- By.xpath: (//span[normalize-space()='Dashboard'])[1]
[INFO] 13-07-2025 12:37:12 [main] LogUtils - checkElementExist: true --- By.xpath: //span[normalize-space()='Admin Example']
[INFO] 13-07-2025 12:37:12 [main] LogUtils - checkElementExist: true --- By.xpath: //span[normalize-space()='Clear Cache']
[INFO] 13-07-2025 12:37:12 [main] LogUtils - Get text of element: By.xpath: //span[normalize-space()='Clear Cache'] || ==> Text Return: Clear Cache
[INFO] 13-07-2025 12:37:12 [main] LogUtils - Click on element By.xpath: //ul[@id='main-menu']//span[normalize-space()='Products']
[INFO] 13-07-2025 12:37:14 [main] LogUtils - Click on element By.xpath: //span[normalize-space()='Add New Product']
[INFO] 13-07-2025 12:37:14 [main] LogUtils - Get current url: https://cms.anhtester.com/admin/products/create
[INFO] 13-07-2025 12:37:14 [main] LogUtils - Get text of element: By.xpath: //h5[normalize-space()='Add New Product'] || ==> Text Return: Add New Product
[INFO] 13-07-2025 12:37:14 [main] LogUtils - checkElementExist: true --- By.xpath: //h5[normalize-space()='Product Information']
[INFO] 13-07-2025 12:37:14 [main] LogUtils - checkElementExist: true --- By.xpath: //h5[normalize-space()='Add New Product']
[INFO] 13-07-2025 12:37:14 [main] LogUtils - Verify add new product page successfully
[INFO] 13-07-2025 12:37:15 [main] LogUtils - Clear text on element By.xpath: //input[@name='name']
[INFO] 13-07-2025 12:37:15 [main] LogUtils - Set text [Laptop Asus] on element: By.xpath: //input[@name='name']
[INFO] 13-07-2025 12:37:15 [main] LogUtils - Click on element By.xpath: //button[@data-id='category_id']
[INFO] 13-07-2025 12:37:16 [main] LogUtils - Set text [Laptop] on element: By.xpath: //button[@data-id='category_id']/following-sibling::div//input
[INFO] 13-07-2025 12:37:16 [main] LogUtils - Click on element By.xpath: (//div[@id='bs-select-1']//li)[1]
[INFO] 13-07-2025 12:37:16 [main] LogUtils - Click on element By.xpath: //button[@data-id='brand_id']
[INFO] 13-07-2025 12:37:17 [main] LogUtils - Set text [Asus] on element: By.xpath: //button[@data-id='brand_id']/following-sibling::div//input
[INFO] 13-07-2025 12:37:17 [main] LogUtils - Click on element By.xpath: (//div[@id='bs-select-2']//li)[1]
[INFO] 13-07-2025 12:37:17 [main] LogUtils - Clear text on element By.xpath: //input[@name='unit']
[INFO] 13-07-2025 12:37:18 [main] LogUtils - Set text [PC] on element: By.xpath: //input[@name='unit']
[INFO] 13-07-2025 12:37:18 [main] LogUtils - Clear text on element By.xpath: //input[@name='weight']
[INFO] 13-07-2025 12:37:18 [main] LogUtils - Set text [5] on element: By.xpath: //input[@name='weight']
[INFO] 13-07-2025 12:37:19 [main] LogUtils - Set text [laptop asus] on element: By.xpath: //tags[@role='tagslist']
[INFO] 13-07-2025 12:37:19 [main] LogUtils - Click on element By.xpath: //label[@for='signinSrEmail' and contains(normalize-space(), 'Gallery Images ')]/following-sibling::div/div
[INFO] 13-07-2025 12:37:21 [main] LogUtils - Click on element By.xpath: //a[normalize-space()='Upload New']
[INFO] 13-07-2025 12:37:22 [main] LogUtils - Click on element By.xpath: //button[normalize-space()='Browse']
[INFO] 13-07-2025 12:37:24 [main] LogUtils - 📁 File path để upload: D:\LearnAutomationTest\EcommerceAutomationTesting\src\test\resources\datatest\laptop_asus.webp
[INFO] 13-07-2025 12:37:24 [main] LogUtils - 📋 Đã copy đường dẫn file vào clipboard
[INFO] 13-07-2025 12:37:25 [main] LogUtils - ⌨️ Đã thực hiện Ctrl + V
[INFO] 13-07-2025 12:37:26 [main] LogUtils - ⏎ Đã nhấn Enter để xác nhận chọn file
[INFO] 13-07-2025 12:37:28 [main] LogUtils - Click on element By.xpath: //a[normalize-space()='Select File']
[INFO] 13-07-2025 12:37:29 [main] LogUtils - Click element with JavaScript: By.xpath: (//div[@title='laptop_asus.webp'])[19]
[INFO] 13-07-2025 12:37:30 [main] LogUtils - Click on element By.xpath: //button[normalize-space()='Add Files']
[INFO] 13-07-2025 12:37:30 [main] LogUtils - ✅ Upload file thành công và đã xác nhận trong UI
[INFO] 13-07-2025 12:37:31 [main] LogUtils - Click on element By.xpath: //label[@for='signinSrEmail' and contains(normalize-space(), 'Thumbnail Image ')]/following-sibling::div/div[@data-type='image']
[INFO] 13-07-2025 12:37:34 [main] LogUtils - Click on element By.xpath: //a[normalize-space()='Upload New']
[INFO] 13-07-2025 12:37:34 [main] LogUtils - Click on element By.xpath: //button[normalize-space()='Browse']
[INFO] 13-07-2025 12:37:36 [main] LogUtils - 📁 File path để upload: D:\LearnAutomationTest\EcommerceAutomationTesting\src\test\resources\datatest\laptop_asus.webp
[INFO] 13-07-2025 12:37:36 [main] LogUtils - 📋 Đã copy đường dẫn file vào clipboard
[INFO] 13-07-2025 12:37:37 [main] LogUtils - ⌨️ Đã thực hiện Ctrl + V
[INFO] 13-07-2025 12:37:38 [main] LogUtils - ⏎ Đã nhấn Enter để xác nhận chọn file
[INFO] 13-07-2025 12:37:40 [main] LogUtils - Click on element By.xpath: //a[normalize-space()='Select File']
[INFO] 13-07-2025 12:37:42 [main] LogUtils - Click element with JavaScript: By.xpath: (//div[@title='laptop_asus.webp'])[21]
[INFO] 13-07-2025 12:37:42 [main] LogUtils - Click on element By.xpath: //button[normalize-space()='Add Files']
[INFO] 13-07-2025 12:37:42 [main] LogUtils - ✅ Upload file thành công và đã xác nhận trong UI
[INFO] 13-07-2025 12:37:43 [main] LogUtils - Click on element By.xpath: //button[@data-id='colors']/parent::div/parent::div/following-sibling::div/label
[INFO] 13-07-2025 12:37:44 [main] LogUtils - Click on element By.xpath: //button[@data-id='colors']
[INFO] 13-07-2025 12:37:44 [main] LogUtils - Clear text on element By.xpath: //button[@data-id='colors']/following-sibling::div//input
[INFO] 13-07-2025 12:37:44 [main] LogUtils - Set text [Aqua] on element: By.xpath: //button[@data-id='colors']/following-sibling::div//input
[INFO] 13-07-2025 12:37:45 [main] LogUtils - Click on element By.xpath: (//button[@data-id='colors']/following-sibling::div//ul/li)[1]
[INFO] 13-07-2025 12:37:45 [main] LogUtils - Click on element By.xpath: //h5[normalize-space()='Product Variation']
[INFO] 13-07-2025 12:37:46 [main] LogUtils - Clear text on element By.xpath: //input[@name='unit_price']
[INFO] 13-07-2025 12:37:47 [main] LogUtils - Set text [3000] on element: By.xpath: //input[@name='unit_price']
[INFO] 13-07-2025 12:37:48 [main] LogUtils - Clear text on element By.xpath: //input[@name='qty_Aqua']
[INFO] 13-07-2025 12:37:48 [main] LogUtils - Set text [500] on element: By.xpath: //input[@name='qty_Aqua']
[INFO] 13-07-2025 12:37:49 [main] LogUtils - Clear text on element By.xpath: //input[@name='price_Aqua']
[INFO] 13-07-2025 12:37:49 [main] LogUtils - Set text [3000] on element: By.xpath: //input[@name='price_Aqua']
[INFO] 13-07-2025 12:37:51 [main] LogUtils - Set text [Laptop asus vừa mạnh vừa đẹp] on element: By.xpath: //div[@role='textbox']
[INFO] 13-07-2025 12:37:51 [main] LogUtils - 📝 Product Name: Laptop Asus
[INFO] 13-07-2025 12:37:51 [main] LogUtils - 📂 Category: Laptop
[INFO] 13-07-2025 12:37:51 [main] LogUtils - 🏷️ Brand: Asus
[INFO] 13-07-2025 12:37:51 [main] LogUtils - 📏 Unit: PC
[INFO] 13-07-2025 12:37:51 [main] LogUtils - ⚖️ Weight: 5
[INFO] 13-07-2025 12:37:51 [main] LogUtils - 🔖 Tag: laptop asus
[INFO] 13-07-2025 12:37:51 [main] LogUtils - 💵 Price: 3000
[INFO] 13-07-2025 12:37:51 [main] LogUtils - 💵 Color: Aqua
[INFO] 13-07-2025 12:37:51 [main] LogUtils - 📦 Quantity: 500
[INFO] 13-07-2025 12:37:51 [main] LogUtils - 🧾 Description: Laptop asus vừa mạnh vừa đẹp
[INFO] 13-07-2025 12:37:51 [main] LogUtils - 🖼️ Image path: laptop_asus.webp
[INFO] 13-07-2025 12:37:52 [main] LogUtils - Click on element By.xpath: //button[normalize-space()='Save & Publish']
[INFO] 13-07-2025 12:37:53 [main] LogUtils - Get text of element: By.xpath: //span[normalize-space()='Product has been inserted successfully'] || ==> Text Return: Product has been inserted successfully
[INFO] 13-07-2025 12:37:53 [main] LogUtils - checkElementExist: true --- By.xpath: //span[normalize-space()='Product has been inserted successfully']
[INFO] 13-07-2025 12:37:53 [main] LogUtils - Get current url: https://cms.anhtester.com/admin/products/admin
[INFO] 13-07-2025 12:37:54 [main] LogUtils - 🔍 Tìm kiếm với từ khóa [Laptop Asus] bằng element: By.xpath: //input[@id='search']
[INFO] 13-07-2025 12:37:55 [main] LogUtils - Get text of element: By.xpath: (//tbody/tr)[1]/td[2]//span || ==> Text Return: Laptop Asus
[INFO] 13-07-2025 12:37:55 [main] LogUtils - checkElementExist: true --- By.xpath: //h5[normalize-space()='All Product']
[INFO] 13-07-2025 12:37:55 [main] LogUtils - Get text of element: By.xpath: //h5[normalize-space()='All Product'] || ==> Text Return: All Product
[INFO] 13-07-2025 12:37:55 [main] LogUtils - ✅ Verify add new product successfully !
[INFO] 13-07-2025 12:37:55 [main] LogUtils - Get attribute of element By.xpath: (//a[@title='View'])[1]
[INFO] 13-07-2025 12:37:55 [main] LogUtils - ==> Attribute value: https://cms.anhtester.com/product/laptop-asus-8
[INFO] 13-07-2025 12:37:56 [main] LogUtils - Click on element By.xpath: (//a[@title='View'])[1]
[INFO] 13-07-2025 12:37:57 [main] LogUtils - ✅ Switched to new tab with URL: https://cms.anhtester.com/product/laptop-asus-8
[INFO] 13-07-2025 12:37:57 [main] LogUtils - start verifyProductDetailPage
[INFO] 13-07-2025 12:37:57 [main] LogUtils - Get current url: https://cms.anhtester.com/product/laptop-asus-8
[INFO] 13-07-2025 12:37:57 [main] LogUtils - currentURL verify product detail page: https://cms.anhtester.com/product/laptop-asus-8
[INFO] 13-07-2025 12:37:57 [main] LogUtils - href expected verify product detail page: https://cms.anhtester.com/product/laptop-asus-8
[INFO] 13-07-2025 12:37:57 [main] LogUtils - title verify product detail page: Laptop Asus
[INFO] 13-07-2025 12:37:57 [main] LogUtils - Get text of element: By.xpath: //div[@class='text-left']/h1 || ==> Text Return: Laptop Asus
[INFO] 13-07-2025 12:37:57 [main] LogUtils - href expected verify product detail page: https://cms.anhtester.com/product/laptop-asus-8
[INFO] 13-07-2025 12:37:57 [main] LogUtils - title verify product detail page: Laptop Asus
[INFO] 13-07-2025 12:37:57 [main] LogUtils - Get text of element: By.xpath: //div[@class='text-left']/h1 || ==> Text Return: Laptop Asus
[INFO] 13-07-2025 12:37:57 [main] LogUtils - Get text of element: By.xpath: (//div[@class='text-left']//strong)[1] || ==> Text Return: $3,000.00
[INFO] 13-07-2025 12:37:57 [main] LogUtils - Get text of element: By.xpath: (//div[@class='text-left']//strong)[1]/following-sibling::span || ==> Text Return: /PC
[INFO] 13-07-2025 12:37:57 [main] LogUtils - Get text of element: By.xpath: //span[@id='available-quantity'] || ==> Text Return: 500
[INFO] 13-07-2025 12:37:57 [main] LogUtils - Get text of element: By.xpath: //div[@id='tab_default_1']//p || ==> Text Return: Laptop asus vừa mạnh vừa đẹp
[INFO] 13-07-2025 12:37:57 [main] LogUtils - 🔍 nameProduct UI: Laptop Asus | expected: Laptop Asus
[INFO] 13-07-2025 12:37:57 [main] LogUtils - 🔍 priceProduct UI: 3000 | expected: 3000
[INFO] 13-07-2025 12:37:57 [main] LogUtils - 🔍 unitProduct UI: PC | expected: PC
[INFO] 13-07-2025 12:37:57 [main] LogUtils - 🔍 quantityProduct UI: 500 | expected: 500
[INFO] 13-07-2025 12:37:57 [main] LogUtils - 🔍 descriptionProduct UI: Laptop asus vừa mạnh vừa đẹp | expected: Laptop asus vừa mạnh vừa đẹp
[INFO] 13-07-2025 12:37:57 [main] LogUtils - ✅ Verify info product detail with excel data successfully !
[INFO] 13-07-2025 12:38:00 [main] LogUtils - ✅ Đây là Test case chạy thành công: testAdminCheckDetailProduct
[INFO] 13-07-2025 12:38:01 [main] LogUtils - ⭐️ Total test: 1
[INFO] 13-07-2025 12:38:01 [main] LogUtils - ⭐️ Passed: 1
[INFO] 13-07-2025 12:38:01 [main] LogUtils - ⭐️ Failed: 0
[INFO] 13-07-2025 12:38:01 [main] LogUtils - ⭐️ Skipped: 0
[INFO] 13-07-2025 12:38:01 [main] LogUtils - 🟢 Kết thúc toàn bộ suite: EcommerceAutomationTesting
[INFO] 13-07-2025 12:38:05 [main] LogUtils - ✅ Email with attachments sent!
[INFO] 13-07-2025 12:39:08 [main] LogUtils - ⚙\uFE0F Thời gian chạy toàn bộ test:Sun Jul 13 12:39:07 ICT 2025
[INFO] 13-07-2025 12:39:08 [main] LogUtils - ⚙️ Bắt đầu test suite cho class: UserLoginTest
[INFO] 13-07-2025 12:39:10 [TestNG-test=User Login Test-1] LogUtils - Login Data from Excel: [[Ljava.lang.Object;@b068780
[INFO] 13-07-2025 12:39:10 [TestNG-test=User Login Test-2] LogUtils - Login Data from Excel: [[Ljava.lang.Object;@23c9886f
[INFO] 13-07-2025 12:39:10 [TestNG-test=User Login Test-3] LogUtils - Login Data from Excel: [[Ljava.lang.Object;@436f00d1
[INFO] 13-07-2025 12:39:14 [TestNG-test=User Login Test-1] LogUtils - Run with Edge browser
[INFO] 13-07-2025 12:39:14 [TestNG-test=User Login Test-3] LogUtils - Run with Edge browser
[INFO] 13-07-2025 12:39:14 [TestNG-test=User Login Test-2] LogUtils - Run with Edge browser
[INFO] 13-07-2025 12:39:14 [TestNG-test=User Login Test-2] LogUtils - Bắt đầu chạy test: testUserLoginPageFailWithInvalidEmail
[INFO] 13-07-2025 12:39:14 [TestNG-test=User Login Test-1] LogUtils - Bắt đầu chạy test: testUserLoginPageSuccess
[INFO] 13-07-2025 12:39:14 [TestNG-test=User Login Test-3] LogUtils - Bắt đầu chạy test: testUserLoginPageFailWithInvalidPassword
[INFO] 13-07-2025 12:39:15 [TestNG-test=User Login Test-1] LogUtils - 🌐 Open URL: https://cms.anhtester.com/
[INFO] 13-07-2025 12:39:17 [TestNG-test=User Login Test-2] LogUtils - 🌐 Open URL: https://cms.anhtester.com/
[INFO] 13-07-2025 12:39:17 [TestNG-test=User Login Test-2] LogUtils - checkElementExist: true --- By.xpath: //b[normalize-space()='Website Demo']
[INFO] 13-07-2025 12:39:17 [TestNG-test=User Login Test-3] LogUtils - 🌐 Open URL: https://cms.anhtester.com/
[INFO] 13-07-2025 12:39:17 [TestNG-test=User Login Test-3] LogUtils - checkElementExist: true --- By.xpath: //b[normalize-space()='Website Demo']
[INFO] 13-07-2025 12:39:18 [TestNG-test=User Login Test-2] LogUtils - Click on element By.xpath: //b[normalize-space()='Website Demo']/following::button[@data-value='removed']
[INFO] 13-07-2025 12:39:18 [TestNG-test=User Login Test-3] LogUtils - Click on element By.xpath: //b[normalize-space()='Website Demo']/following::button[@data-value='removed']
[INFO] 13-07-2025 12:39:19 [TestNG-test=User Login Test-2] LogUtils - Click on element By.xpath: (//a[normalize-space()='Login'])[1]
[INFO] 13-07-2025 12:39:19 [TestNG-test=User Login Test-3] LogUtils - Click on element By.xpath: (//a[normalize-space()='Login'])[1]
[INFO] 13-07-2025 12:39:19 [TestNG-test=User Login Test-2] LogUtils - checkElementExist: true --- By.xpath: //a[contains(normalize-space(), 'Forgot password')]
[INFO] 13-07-2025 12:39:19 [TestNG-test=User Login Test-3] LogUtils - checkElementExist: true --- By.xpath: //a[contains(normalize-space(), 'Forgot password')]
[INFO] 13-07-2025 12:39:19 [TestNG-test=User Login Test-2] LogUtils - Clear text on element By.xpath: //input[@id='email']
[INFO] 13-07-2025 12:39:19 [TestNG-test=User Login Test-3] LogUtils - Clear text on element By.xpath: //input[@id='email']
[INFO] 13-07-2025 12:39:20 [TestNG-test=User Login Test-2] LogUtils - Set text [customer123@example.com] on element: By.xpath: //input[@id='email']
[INFO] 13-07-2025 12:39:20 [TestNG-test=User Login Test-3] LogUtils - Set text [customer@example.com] on element: By.xpath: //input[@id='email']
[INFO] 13-07-2025 12:39:20 [TestNG-test=User Login Test-2] LogUtils - Clear text on element By.xpath: //input[@id='password']
[INFO] 13-07-2025 12:39:20 [TestNG-test=User Login Test-3] LogUtils - Clear text on element By.xpath: //input[@id='password']
[INFO] 13-07-2025 12:39:20 [TestNG-test=User Login Test-2] LogUtils - Set text [123456] on element: By.xpath: //input[@id='password']
[INFO] 13-07-2025 12:39:20 [TestNG-test=User Login Test-3] LogUtils - Set text [123] on element: By.xpath: //input[@id='password']
[INFO] 13-07-2025 12:39:22 [TestNG-test=User Login Test-2] LogUtils - Click on element By.xpath: //button[normalize-space()='Login']
[INFO] 13-07-2025 12:39:22 [TestNG-test=User Login Test-3] LogUtils - Click on element By.xpath: //button[normalize-space()='Login']
[INFO] 13-07-2025 12:39:24 [TestNG-test=User Login Test-2] LogUtils - Get text of element: By.xpath: //span[contains(normalize-space(), 'Invalid login')] || ==> Text Return: Invalid login credentials
[INFO] 13-07-2025 12:39:24 [TestNG-test=User Login Test-2] LogUtils - Verify login fail success !
[INFO] 13-07-2025 12:39:24 [TestNG-test=User Login Test-2] LogUtils - ✅ Đây là Test case chạy thành công: testUserLoginPageFailWithInvalidEmail
[INFO] 13-07-2025 12:39:24 [TestNG-test=User Login Test-3] LogUtils - Get text of element: By.xpath: //span[contains(normalize-space(), 'Invalid login')] || ==> Text Return: Invalid login credentials
[INFO] 13-07-2025 12:39:24 [TestNG-test=User Login Test-3] LogUtils - Verify login fail success !
[INFO] 13-07-2025 12:39:24 [TestNG-test=User Login Test-3] LogUtils - ✅ Đây là Test case chạy thành công: testUserLoginPageFailWithInvalidPassword
[ERROR] 13-07-2025 12:39:25 [TestNG-test=User Login Test-1] LogUtils - Timeout waiting for the element Visible. By.xpath: //b[normalize-space()='Website Demo']
[ERROR] 13-07-2025 12:39:25 [TestNG-test=User Login Test-1] LogUtils - ❌ Đây là Test case chạy thất bại: testUserLoginPageSuccess
[ERROR] 13-07-2025 12:39:25 [TestNG-test=User Login Test-1] LogUtils - java.lang.AssertionError: Timeout waiting for the element Visible. By.xpath: //b[normalize-space()='Website Demo']
[INFO] 13-07-2025 12:39:26 [TestNG-test=User Login Test-1] LogUtils - Screenshot taken: testUserLoginPageSuccess
[INFO] 13-07-2025 12:39:26 [TestNG-test=User Login Test-1] LogUtils - Screenshot taken current URL: https://cms.anhtester.com/
[INFO] 13-07-2025 12:39:26 [main] LogUtils - ⭐️ Total test: 3
[INFO] 13-07-2025 12:39:26 [main] LogUtils - ⭐️ Passed: 2
[INFO] 13-07-2025 12:39:26 [main] LogUtils - ⭐️ Failed: 1
[INFO] 13-07-2025 12:39:26 [main] LogUtils - ⭐️ Skipped: 0
[INFO] 13-07-2025 12:39:26 [main] LogUtils - 🟢 Kết thúc toàn bộ suite: User Login Test
[INFO] 13-07-2025 12:39:30 [main] LogUtils - ✅ Email with attachments sent!
[INFO] 13-07-2025 12:39:30 [main] LogUtils - ⚙\uFE0F Thời gian chạy toàn bộ test:Sun Jul 13 12:39:30 ICT 2025
[INFO] 13-07-2025 12:39:30 [main] LogUtils - ⚙️ Bắt đầu test suite cho class: UserUpdateProfileTest
[INFO] 13-07-2025 12:39:31 [main] LogUtils - Run with Edge browser
[INFO] 13-07-2025 12:39:31 [main] LogUtils - Bắt đầu chạy test: testUpdateUserWithAddNewName
[INFO] 13-07-2025 12:39:33 [main] LogUtils - 🌐 Open URL: https://cms.anhtester.com/
[INFO] 13-07-2025 12:39:33 [main] LogUtils - checkElementExist: true --- By.xpath: //b[normalize-space()='Website Demo']
[INFO] 13-07-2025 12:39:34 [main] LogUtils - Click on element By.xpath: //b[normalize-space()='Website Demo']/following::button[@data-value='removed']
[INFO] 13-07-2025 12:39:36 [main] LogUtils - Click on element By.xpath: (//a[normalize-space()='Login'])[1]
[INFO] 13-07-2025 12:39:36 [main] LogUtils - checkElementExist: true --- By.xpath: //a[contains(normalize-space(), 'Forgot password')]
[INFO] 13-07-2025 12:39:36 [main] LogUtils - Clear text on element By.xpath: //input[@id='email']
[INFO] 13-07-2025 12:39:36 [main] LogUtils - Set text [customer@example.com] on element: By.xpath: //input[@id='email']
[INFO] 13-07-2025 12:39:37 [main] LogUtils - Clear text on element By.xpath: //input[@id='password']
[INFO] 13-07-2025 12:39:37 [main] LogUtils - Set text [123456] on element: By.xpath: //input[@id='password']
[INFO] 13-07-2025 12:39:37 [main] LogUtils - Click on element By.xpath: //button[normalize-space()='Login']
[INFO] 13-07-2025 12:39:38 [main] LogUtils - checkElementExist: true --- By.xpath: (//span[normalize-space()='Dashboard'])[1]
[INFO] 13-07-2025 12:39:38 [main] LogUtils - Verify login success !
[INFO] 13-07-2025 12:39:39 [main] LogUtils - checkElementExist: true --- By.xpath: (//span[normalize-space()='Manage Profile'])[1]
[INFO] 13-07-2025 12:39:41 [main] LogUtils - Click on element By.xpath: (//span[normalize-space()='Manage Profile'])[1]
[INFO] 13-07-2025 12:39:41 [main] LogUtils - Get current url: https://cms.anhtester.com/profile
[INFO] 13-07-2025 12:39:41 [main] LogUtils - checkElementExist: true --- By.xpath: //button[normalize-space()='Update Profile']
[INFO] 13-07-2025 12:39:41 [main] LogUtils - checkElementExist: true --- By.xpath: //input[@placeholder='Your name' and @name='name']
[INFO] 13-07-2025 12:39:41 [main] LogUtils - Get attribute of element By.xpath: //input[@placeholder='Your name' and @name='name']
[INFO] 13-07-2025 12:39:41 [main] LogUtils - ==> Attribute value: User Test
[INFO] 13-07-2025 12:39:41 [main] LogUtils - Clear text on element By.xpath: //input[@placeholder='Your name' and @name='name']
[INFO] 13-07-2025 12:39:42 [main] LogUtils - Set text [User Test Hoàng] on element: By.xpath: //input[@placeholder='Your name' and @name='name']
[INFO] 13-07-2025 12:39:42 [main] LogUtils - checkElementExist: true --- By.xpath: //button[normalize-space()='Update Profile']
[INFO] 13-07-2025 12:39:48 [main] LogUtils - Click on element By.xpath: //button[normalize-space()='Update Profile']
[INFO] 13-07-2025 12:39:49 [main] LogUtils - checkElementExist: true --- By.xpath: //input[@placeholder='Your name' and @name='name']
[INFO] 13-07-2025 12:39:49 [main] LogUtils - Get attribute of element By.xpath: //input[@placeholder='Your name' and @name='name']
[INFO] 13-07-2025 12:39:49 [main] LogUtils - ==> Attribute value: User Test Hoàng
[INFO] 13-07-2025 12:39:49 [main] LogUtils - checkElementExist: true --- By.xpath: //span[contains(normalize-space(), 'updated successfully')]
[INFO] 13-07-2025 12:39:49 [main] LogUtils - verifyUpdateUserProfileSuccess: profile updated successfully!
[INFO] 13-07-2025 12:39:49 [main] LogUtils - checkElementExist: true --- By.xpath: //span[contains(normalize-space(), 'updated successfully')]
[INFO] 13-07-2025 12:39:49 [main] LogUtils - verifyUpdateUserProfileSuccess: profile updated successfully!
[INFO] 13-07-2025 12:39:49 [main] LogUtils - ✅ Đây là Test case chạy thành công: testUpdateUserWithAddNewName
[INFO] 13-07-2025 12:39:51 [main] LogUtils - Run with Edge browser
[INFO] 13-07-2025 12:39:51 [main] LogUtils - Bắt đầu chạy test: testUpdateUserWithChangeValue
[INFO] 13-07-2025 12:39:53 [main] LogUtils - 🌐 Open URL: https://cms.anhtester.com/
[INFO] 13-07-2025 12:39:53 [main] LogUtils - checkElementExist: true --- By.xpath: //b[normalize-space()='Website Demo']
[INFO] 13-07-2025 12:39:54 [main] LogUtils - Click on element By.xpath: //b[normalize-space()='Website Demo']/following::button[@data-value='removed']
[INFO] 13-07-2025 12:39:55 [main] LogUtils - Click on element By.xpath: (//a[normalize-space()='Login'])[1]
[INFO] 13-07-2025 12:39:55 [main] LogUtils - checkElementExist: true --- By.xpath: //a[contains(normalize-space(), 'Forgot password')]
[INFO] 13-07-2025 12:39:55 [main] LogUtils - Clear text on element By.xpath: //input[@id='email']
[INFO] 13-07-2025 12:39:56 [main] LogUtils - Set text [customer@example.com] on element: By.xpath: //input[@id='email']
[INFO] 13-07-2025 12:39:56 [main] LogUtils - Clear text on element By.xpath: //input[@id='password']
[INFO] 13-07-2025 12:39:56 [main] LogUtils - Set text [123456] on element: By.xpath: //input[@id='password']
[INFO] 13-07-2025 12:39:57 [main] LogUtils - Click on element By.xpath: //button[normalize-space()='Login']
[INFO] 13-07-2025 12:39:57 [main] LogUtils - checkElementExist: true --- By.xpath: (//span[normalize-space()='Dashboard'])[1]
[INFO] 13-07-2025 12:39:58 [main] LogUtils - Verify login success !
[INFO] 13-07-2025 12:39:59 [main] LogUtils - checkElementExist: true --- By.xpath: (//span[normalize-space()='Manage Profile'])[1]
[INFO] 13-07-2025 12:40:00 [main] LogUtils - Click on element By.xpath: (//span[normalize-space()='Manage Profile'])[1]
[INFO] 13-07-2025 12:40:00 [main] LogUtils - Get current url: https://cms.anhtester.com/profile
[INFO] 13-07-2025 12:40:00 [main] LogUtils - checkElementExist: true --- By.xpath: //button[normalize-space()='Update Profile']
[INFO] 13-07-2025 12:40:00 [main] LogUtils - checkElementExist: true --- By.xpath: //input[@placeholder='Your name' and @name='name']
[INFO] 13-07-2025 12:40:01 [main] LogUtils - Get attribute of element By.xpath: //input[@placeholder='Your name' and @name='name']
[INFO] 13-07-2025 12:40:01 [main] LogUtils - ==> Attribute value: User Test Hoàng
[INFO] 13-07-2025 12:40:01 [main] LogUtils - Clear text on element By.xpath: //input[@placeholder='Your name' and @name='name']
[INFO] 13-07-2025 12:40:01 [main] LogUtils - Set text [User Test Tài] on element: By.xpath: //input[@placeholder='Your name' and @name='name']
[INFO] 13-07-2025 12:40:01 [main] LogUtils - checkElementExist: true --- By.xpath: //button[normalize-space()='Update Profile']
[INFO] 13-07-2025 12:40:03 [main] LogUtils - Click on element By.xpath: //button[normalize-space()='Update Profile']
[INFO] 13-07-2025 12:40:04 [main] LogUtils - checkElementExist: true --- By.xpath: //input[@placeholder='Your name' and @name='name']
[INFO] 13-07-2025 12:40:04 [main] LogUtils - Get attribute of element By.xpath: //input[@placeholder='Your name' and @name='name']
[INFO] 13-07-2025 12:40:04 [main] LogUtils - ==> Attribute value: User Test Tài
[INFO] 13-07-2025 12:40:04 [main] LogUtils - checkElementExist: true --- By.xpath: //span[contains(normalize-space(), 'updated successfully')]
[INFO] 13-07-2025 12:40:04 [main] LogUtils - verifyUpdateUserProfileSuccess: profile updated successfully!
[INFO] 13-07-2025 12:40:04 [main] LogUtils - checkElementExist: true --- By.xpath: //span[contains(normalize-space(), 'updated successfully')]
[INFO] 13-07-2025 12:40:04 [main] LogUtils - verifyUpdateUserProfileSuccess: profile updated successfully!
[INFO] 13-07-2025 12:40:04 [main] LogUtils - ✅ Đây là Test case chạy thành công: testUpdateUserWithChangeValue
[INFO] 13-07-2025 12:40:06 [main] LogUtils - Run with Edge browser
[INFO] 13-07-2025 12:40:06 [main] LogUtils - Bắt đầu chạy test: testUpdateUserWithDeletePart
[INFO] 13-07-2025 12:40:08 [main] LogUtils - 🌐 Open URL: https://cms.anhtester.com/
[INFO] 13-07-2025 12:40:08 [main] LogUtils - checkElementExist: true --- By.xpath: //b[normalize-space()='Website Demo']
[INFO] 13-07-2025 12:40:09 [main] LogUtils - Click on element By.xpath: //b[normalize-space()='Website Demo']/following::button[@data-value='removed']
[INFO] 13-07-2025 12:40:10 [main] LogUtils - Click on element By.xpath: (//a[normalize-space()='Login'])[1]
[INFO] 13-07-2025 12:40:10 [main] LogUtils - checkElementExist: true --- By.xpath: //a[contains(normalize-space(), 'Forgot password')]
[INFO] 13-07-2025 12:40:10 [main] LogUtils - Clear text on element By.xpath: //input[@id='email']
[INFO] 13-07-2025 12:40:10 [main] LogUtils - Set text [customer@example.com] on element: By.xpath: //input[@id='email']
[INFO] 13-07-2025 12:40:11 [main] LogUtils - Clear text on element By.xpath: //input[@id='password']
[INFO] 13-07-2025 12:40:11 [main] LogUtils - Set text [123456] on element: By.xpath: //input[@id='password']
[INFO] 13-07-2025 12:40:11 [main] LogUtils - Click on element By.xpath: //button[normalize-space()='Login']
[INFO] 13-07-2025 12:40:12 [main] LogUtils - checkElementExist: true --- By.xpath: (//span[normalize-space()='Dashboard'])[1]
[INFO] 13-07-2025 12:40:12 [main] LogUtils - Verify login success !
[INFO] 13-07-2025 12:40:13 [main] LogUtils - checkElementExist: true --- By.xpath: (//span[normalize-space()='Manage Profile'])[1]
[INFO] 13-07-2025 12:40:15 [main] LogUtils - Click on element By.xpath: (//span[normalize-space()='Manage Profile'])[1]
[INFO] 13-07-2025 12:40:15 [main] LogUtils - Get current url: https://cms.anhtester.com/profile
[INFO] 13-07-2025 12:40:15 [main] LogUtils - checkElementExist: true --- By.xpath: //button[normalize-space()='Update Profile']
[INFO] 13-07-2025 12:40:15 [main] LogUtils - checkElementExist: true --- By.xpath: //input[@placeholder='Your name' and @name='name']
[INFO] 13-07-2025 12:40:15 [main] LogUtils - Get attribute of element By.xpath: //input[@placeholder='Your name' and @name='name']
[INFO] 13-07-2025 12:40:15 [main] LogUtils - ==> Attribute value: User Test Tài
[INFO] 13-07-2025 12:40:15 [main] LogUtils - Clear text on element By.xpath: //input[@placeholder='Your name' and @name='name']
[INFO] 13-07-2025 12:40:15 [main] LogUtils - Set text [User Test] on element: By.xpath: //input[@placeholder='Your name' and @name='name']
[INFO] 13-07-2025 12:40:15 [main] LogUtils - checkElementExist: true --- By.xpath: //button[normalize-space()='Update Profile']
[INFO] 13-07-2025 12:40:17 [main] LogUtils - Click on element By.xpath: //button[normalize-space()='Update Profile']
[INFO] 13-07-2025 12:40:18 [main] LogUtils - checkElementExist: true --- By.xpath: //input[@placeholder='Your name' and @name='name']
[INFO] 13-07-2025 12:40:18 [main] LogUtils - checkElementExist: true --- By.xpath: //span[contains(normalize-space(), 'updated successfully')]
[INFO] 13-07-2025 12:40:18 [main] LogUtils - verifyUpdateUserProfileSuccess: profile updated successfully!
[INFO] 13-07-2025 12:40:18 [main] LogUtils - ✅ Đây là Test case chạy thành công: testUpdateUserWithDeletePart
[INFO] 13-07-2025 12:40:19 [main] LogUtils - ⭐️ Total test: 6
[INFO] 13-07-2025 12:40:19 [main] LogUtils - ⭐️ Passed: 5
[INFO] 13-07-2025 12:40:19 [main] LogUtils - ⭐️ Failed: 1
[INFO] 13-07-2025 12:40:19 [main] LogUtils - ⭐️ Skipped: 0
[INFO] 13-07-2025 12:40:19 [main] LogUtils - 🟢 Kết thúc toàn bộ suite: Update User Profile Test
[INFO] 13-07-2025 12:40:22 [main] LogUtils - ✅ Email with attachments sent!
[INFO] 13-07-2025 12:40:22 [main] LogUtils - ⚙\uFE0F Thời gian chạy toàn bộ test:Sun Jul 13 12:40:22 ICT 2025
[INFO] 13-07-2025 12:40:22 [main] LogUtils - ⚙️ Bắt đầu test suite cho class: UserSetInfoProductToExcelTest
[INFO] 13-07-2025 12:40:24 [TestNG-test=Save Data Product To Excel Test-1] LogUtils - Run with Edge browser
[INFO] 13-07-2025 12:40:24 [TestNG-test=Save Data Product To Excel Test-1] LogUtils - Bắt đầu chạy test: testSetInfoProduct
[INFO] 13-07-2025 12:40:26 [TestNG-test=Save Data Product To Excel Test-1] LogUtils - 🌐 Open URL: https://cms.anhtester.com/
[INFO] 13-07-2025 12:40:26 [TestNG-test=Save Data Product To Excel Test-1] LogUtils - checkElementExist: true --- By.xpath: //b[normalize-space()='Website Demo']
[INFO] 13-07-2025 12:40:26 [TestNG-test=Save Data Product To Excel Test-1] LogUtils - Click on element By.xpath: //b[normalize-space()='Website Demo']/following::button[@data-value='removed']
[INFO] 13-07-2025 12:40:27 [TestNG-test=Save Data Product To Excel Test-1] LogUtils - Click on element By.xpath: (//a[normalize-space()='Login'])[1]
[INFO] 13-07-2025 12:40:27 [TestNG-test=Save Data Product To Excel Test-1] LogUtils - checkElementExist: true --- By.xpath: //a[contains(normalize-space(), 'Forgot password')]
[INFO] 13-07-2025 12:40:28 [TestNG-test=Save Data Product To Excel Test-1] LogUtils - Clear text on element By.xpath: //input[@id='email']
[INFO] 13-07-2025 12:40:28 [TestNG-test=Save Data Product To Excel Test-1] LogUtils - Set text [customer@example.com] on element: By.xpath: //input[@id='email']
[INFO] 13-07-2025 12:40:28 [TestNG-test=Save Data Product To Excel Test-1] LogUtils - Clear text on element By.xpath: //input[@id='password']
[INFO] 13-07-2025 12:40:29 [TestNG-test=Save Data Product To Excel Test-1] LogUtils - Set text [123456] on element: By.xpath: //input[@id='password']
[INFO] 13-07-2025 12:40:30 [TestNG-test=Save Data Product To Excel Test-1] LogUtils - Click on element By.xpath: //button[normalize-space()='Login']
[INFO] 13-07-2025 12:40:30 [TestNG-test=Save Data Product To Excel Test-1] LogUtils - checkElementExist: true --- By.xpath: (//span[normalize-space()='Dashboard'])[1]
[INFO] 13-07-2025 12:40:31 [TestNG-test=Save Data Product To Excel Test-1] LogUtils - Verify login success !
[INFO] 13-07-2025 12:40:31 [TestNG-test=Save Data Product To Excel Test-1] LogUtils - Clear text on element By.xpath: //input[@id='search' and @name='keyword']
[INFO] 13-07-2025 12:40:31 [TestNG-test=Save Data Product To Excel Test-1] LogUtils - Set text [Laptop asus] on element: By.xpath: //input[@id='search' and @name='keyword']
[INFO] 13-07-2025 12:40:35 [TestNG-test=Save Data Product To Excel Test-1] LogUtils - Click on element By.xpath: (//div[normalize-space()='Products']/following-sibling::ul/li)[1]
[INFO] 13-07-2025 12:40:35 [TestNG-test=Save Data Product To Excel Test-1] LogUtils - Get current url: https://cms.anhtester.com/product/laptop-asus-6
[INFO] 13-07-2025 12:40:36 [TestNG-test=Save Data Product To Excel Test-1] LogUtils - formatSlug: laptop asus 6
[INFO] 13-07-2025 12:40:36 [TestNG-test=Save Data Product To Excel Test-1] LogUtils - Product Name: laptop asus
[INFO] 13-07-2025 12:40:36 [TestNG-test=Save Data Product To Excel Test-1] LogUtils - Search Words: [laptop, asus]
[INFO] 13-07-2025 12:40:36 [TestNG-test=Save Data Product To Excel Test-1] LogUtils - Matched Words: [laptop, laptop, asus, asus]
[INFO] 13-07-2025 12:40:36 [TestNG-test=Save Data Product To Excel Test-1] LogUtils - Total Matches: 4
[INFO] 13-07-2025 12:40:36 [TestNG-test=Save Data Product To Excel Test-1] LogUtils - verifyInfoProductPage: Passed - Product is correctly displayed on the page!
[INFO] 13-07-2025 12:40:36 [TestNG-test=Save Data Product To Excel Test-1] LogUtils - checkElementExist: true --- By.xpath: (//div[contains(normalize-space(), 'Price:')]/following-sibling::div/div/strong)[1]
[INFO] 13-07-2025 12:40:36 [TestNG-test=Save Data Product To Excel Test-1] LogUtils - checkElementExist: true --- By.xpath: (//div[contains(normalize-space(), 'Price:')]/following-sibling::div/div/strong)[1]
[INFO] 13-07-2025 12:40:36 [TestNG-test=Save Data Product To Excel Test-1] LogUtils - Get text of element: By.xpath: (//div[contains(normalize-space(), 'Price:')]/following-sibling::div/div/strong)[1] || ==> Text Return: $3,000.00
[INFO] 13-07-2025 12:40:36 [TestNG-test=Save Data Product To Excel Test-1] LogUtils - Get text of element: By.xpath: //div[@id='order_details']/following::div[@class='text-left']/h1 || ==> Text Return: laptop asus
[INFO] 13-07-2025 12:40:36 [TestNG-test=Save Data Product To Excel Test-1] LogUtils - Get text of element: By.xpath: //span[@id='available-quantity'] || ==> Text Return: 500
[ERROR] 13-07-2025 12:40:47 [TestNG-test=Save Data Product To Excel Test-1] LogUtils - Timeout waiting for the element Visible. By.xpath: //div[@id='tab_default_1']/descendant::p
[ERROR] 13-07-2025 12:40:47 [TestNG-test=Save Data Product To Excel Test-1] LogUtils - ❌ Đây là Test case chạy thất bại: testSetInfoProduct
[ERROR] 13-07-2025 12:40:47 [TestNG-test=Save Data Product To Excel Test-1] LogUtils - java.lang.AssertionError: Timeout waiting for the element Visible. By.xpath: //div[@id='tab_default_1']/descendant::p
[INFO] 13-07-2025 12:40:47 [TestNG-test=Save Data Product To Excel Test-1] LogUtils - Screenshot taken: testSetInfoProduct
[INFO] 13-07-2025 12:40:47 [TestNG-test=Save Data Product To Excel Test-1] LogUtils - Screenshot taken current URL: https://cms.anhtester.com/product/laptop-asus-6
[INFO] 13-07-2025 12:40:48 [main] LogUtils - ⭐️ Total test: 7
[INFO] 13-07-2025 12:40:48 [main] LogUtils - ⭐️ Passed: 5
[INFO] 13-07-2025 12:40:48 [main] LogUtils - ⭐️ Failed: 2
[INFO] 13-07-2025 12:40:48 [main] LogUtils - ⭐️ Skipped: 0
[INFO] 13-07-2025 12:40:48 [main] LogUtils - 🟢 Kết thúc toàn bộ suite: Save Data Product To Excel Test
[INFO] 13-07-2025 12:40:51 [main] LogUtils - ✅ Email with attachments sent!
[INFO] 13-07-2025 12:40:51 [main] LogUtils - ⚙\uFE0F Thời gian chạy toàn bộ test:Sun Jul 13 12:40:51 ICT 2025
[INFO] 13-07-2025 12:40:51 [main] LogUtils - ⚙️ Bắt đầu test suite cho class: UserAddCartTest
[INFO] 13-07-2025 12:40:51 [TestNG-test=User Add Product Test-1] LogUtils - Run with Edge browser (default)
[INFO] 13-07-2025 12:40:53 [TestNG-test=User Add Product Test-1] LogUtils - Bắt đầu chạy test: testAddCart
[INFO] 13-07-2025 12:40:55 [TestNG-test=User Add Product Test-1] LogUtils - 🌐 Open URL: https://cms.anhtester.com/
[INFO] 13-07-2025 12:40:55 [TestNG-test=User Add Product Test-1] LogUtils - checkElementExist: true --- By.xpath: //b[normalize-space()='Website Demo']
[INFO] 13-07-2025 12:40:55 [TestNG-test=User Add Product Test-1] LogUtils - Click on element By.xpath: //b[normalize-space()='Website Demo']/following::button[@data-value='removed']
[INFO] 13-07-2025 12:40:56 [TestNG-test=User Add Product Test-1] LogUtils - Click on element By.xpath: (//a[normalize-space()='Login'])[1]
[INFO] 13-07-2025 12:40:56 [TestNG-test=User Add Product Test-1] LogUtils - checkElementExist: true --- By.xpath: //a[contains(normalize-space(), 'Forgot password')]
[INFO] 13-07-2025 12:40:57 [TestNG-test=User Add Product Test-1] LogUtils - Clear text on element By.xpath: //input[@id='email']
[INFO] 13-07-2025 12:40:57 [TestNG-test=User Add Product Test-1] LogUtils - Set text [customer@example.com] on element: By.xpath: //input[@id='email']
[INFO] 13-07-2025 12:40:57 [TestNG-test=User Add Product Test-1] LogUtils - Clear text on element By.xpath: //input[@id='password']
[INFO] 13-07-2025 12:40:57 [TestNG-test=User Add Product Test-1] LogUtils - Set text [123456] on element: By.xpath: //input[@id='password']
[INFO] 13-07-2025 12:40:59 [TestNG-test=User Add Product Test-1] LogUtils - Click on element By.xpath: //button[normalize-space()='Login']
[INFO] 13-07-2025 12:40:59 [TestNG-test=User Add Product Test-1] LogUtils - Clear text on element By.xpath: //input[@id='search' and @name='keyword']
[INFO] 13-07-2025 12:40:59 [TestNG-test=User Add Product Test-1] LogUtils - Set text [laptop asus] on element: By.xpath: //input[@id='search' and @name='keyword']
[INFO] 13-07-2025 12:41:00 [TestNG-test=User Add Product Test-1] LogUtils - Click on element By.xpath: //input[@id='search' and @name='keyword']/following-sibling::div/button[@type='submit']
[INFO] 13-07-2025 12:41:02 [TestNG-test=User Add Product Test-1] LogUtils - Get current url: https://cms.anhtester.com/search?keyword=laptop+asus
[INFO] 13-07-2025 12:41:02 [TestNG-test=User Add Product Test-1] LogUtils - verifyUserProductListPage: Passed - This Is Product List Page
[INFO] 13-07-2025 12:41:02 [TestNG-test=User Add Product Test-1] LogUtils - Get text of element: By.xpath: //div[@id='cart_items']//span[contains(@class, 'badge') and contains(@class, 'cart-count')] || ==> Text Return: 0
[INFO] 13-07-2025 12:41:03 [TestNG-test=User Add Product Test-1] LogUtils - Click on element By.xpath: ((//form[@id='search-form']/descendant::div[@class='col'])[1]/descendant::a[@data-title='Add to cart'])[1]
[INFO] 13-07-2025 12:41:03 [TestNG-test=User Add Product Test-1] LogUtils - Get text of element: By.xpath: (//form[@id='search-form']/descendant::div[@class='col'])[1]/descendant::div[contains(@class, 'rating')]/following-sibling::h3/a || ==> Text Return: Laptop Asus
[INFO] 13-07-2025 12:41:03 [TestNG-test=User Add Product Test-1] LogUtils - Get text of element: By.xpath: (//form[@id='search-form']/descendant::div[@class='col'])[2]/descendant::div[contains(@class, 'rating')]/following-sibling::h3/a || ==> Text Return: Laptop Asus
[INFO] 13-07-2025 12:41:03 [TestNG-test=User Add Product Test-1] LogUtils - Get text of element: By.xpath: //div[@id='addToCart-modal-body']//h2 || ==> Text Return: Laptop Asus
[INFO] 13-07-2025 12:41:03 [TestNG-test=User Add Product Test-1] LogUtils - ✅ verifyPopupAddCart: verify success !
[INFO] 13-07-2025 12:41:03 [TestNG-test=User Add Product Test-1] LogUtils - Get text of element: By.xpath: (//div[@id='addToCart-modal-body']//strong)[1] || ==> Text Return: $3,000.00
[INFO] 13-07-2025 12:41:03 [TestNG-test=User Add Product Test-1] LogUtils - 🔍 Raw price (popup): $3,000.00
[INFO] 13-07-2025 12:41:03 [TestNG-test=User Add Product Test-1] LogUtils - 💡 Formatted price range: 3000.00
[INFO] 13-07-2025 12:41:03 [TestNG-test=User Add Product Test-1] LogUtils - 📌 prices[0]: 3000.00
[INFO] 13-07-2025 12:41:03 [TestNG-test=User Add Product Test-1] LogUtils - 💲 Chỉ có một mức giá: 3000.0
[INFO] 13-07-2025 12:41:03 [TestNG-test=User Add Product Test-1] LogUtils - Get attribute of element By.xpath: //input[@name='quantity']
[INFO] 13-07-2025 12:41:03 [TestNG-test=User Add Product Test-1] LogUtils - ==> Attribute value: 1
[INFO] 13-07-2025 12:41:03 [TestNG-test=User Add Product Test-1] LogUtils - Get text of element: By.xpath: //div[@id='addToCart-modal-body']//h2 || ==> Text Return: Laptop Asus
[INFO] 13-07-2025 12:41:04 [TestNG-test=User Add Product Test-1] LogUtils - Click on element By.xpath: //span[normalize-space()='Add to cart']
[INFO] 13-07-2025 12:41:04 [TestNG-test=User Add Product Test-1] LogUtils - Click button add cart in popup add cart
[INFO] 13-07-2025 12:41:04 [TestNG-test=User Add Product Test-1] LogUtils - checkElementExist: true --- By.xpath: //h3[normalize-space()='Item added to your cart!']
[INFO] 13-07-2025 12:41:04 [TestNG-test=User Add Product Test-1] LogUtils - checkElementExist: true --- By.xpath: //span[normalize-space()='Frequently Bought Together']
[INFO] 13-07-2025 12:41:04 [TestNG-test=User Add Product Test-1] LogUtils - checkElementExist: true --- By.xpath: //h3[normalize-space()='Item added to your cart!']
[INFO] 13-07-2025 12:41:04 [TestNG-test=User Add Product Test-1] LogUtils - checkElementExist: true --- By.xpath: //span[normalize-space()='Frequently Bought Together']
[INFO] 13-07-2025 12:41:05 [TestNG-test=User Add Product Test-1] LogUtils - Get text of element: By.xpath: //div[@id='cart_items']//span[contains(@class, 'badge') and contains(@class, 'cart-count')] || ==> Text Return: 1
[INFO] 13-07-2025 12:41:05 [TestNG-test=User Add Product Test-1] LogUtils - verifyPopupAddCartSuccess countProductCart: 1
[INFO] 13-07-2025 12:41:05 [TestNG-test=User Add Product Test-1] LogUtils - verifyPopupAddCartSuccess getCartCount: 1
[INFO] 13-07-2025 12:41:05 [TestNG-test=User Add Product Test-1] LogUtils - verifyPopupAddCartSuccess: popup add cart success!
[INFO] 13-07-2025 12:41:05 [TestNG-test=User Add Product Test-1] LogUtils - Click on element By.xpath: //div[@id='addToCart']/descendant::button[contains(@class, 'close') and @aria-label='Close']
[INFO] 13-07-2025 12:41:05 [TestNG-test=User Add Product Test-1] LogUtils - Click button close popup add cart
[INFO] 13-07-2025 12:41:07 [TestNG-test=User Add Product Test-1] LogUtils - Click on element By.xpath: ((//form[@id='search-form']/descendant::div[@class='col'])[2]/descendant::a[@data-title='Add to cart'])[1]
[INFO] 13-07-2025 12:41:07 [TestNG-test=User Add Product Test-1] LogUtils - Get text of element: By.xpath: (//form[@id='search-form']/descendant::div[@class='col'])[1]/descendant::div[contains(@class, 'rating')]/following-sibling::h3/a || ==> Text Return: Laptop Asus
[INFO] 13-07-2025 12:41:08 [TestNG-test=User Add Product Test-1] LogUtils - Get text of element: By.xpath: (//form[@id='search-form']/descendant::div[@class='col'])[2]/descendant::div[contains(@class, 'rating')]/following-sibling::h3/a || ==> Text Return: Laptop Asus
[INFO] 13-07-2025 12:41:08 [TestNG-test=User Add Product Test-1] LogUtils - Get text of element: By.xpath: //div[@id='addToCart-modal-body']//h2 || ==> Text Return: Laptop Asus
[INFO] 13-07-2025 12:41:08 [TestNG-test=User Add Product Test-1] LogUtils - ✅ verifyPopupAddCart: verify success !
[INFO] 13-07-2025 12:41:08 [TestNG-test=User Add Product Test-1] LogUtils - Get text of element: By.xpath: (//div[@id='addToCart-modal-body']//strong)[1] || ==> Text Return: $3,000.00
[INFO] 13-07-2025 12:41:08 [TestNG-test=User Add Product Test-1] LogUtils - 🔍 Raw price (popup): $3,000.00
[INFO] 13-07-2025 12:41:08 [TestNG-test=User Add Product Test-1] LogUtils - 💡 Formatted price range: 3000.00
[INFO] 13-07-2025 12:41:08 [TestNG-test=User Add Product Test-1] LogUtils - 📌 prices[0]: 3000.00
[INFO] 13-07-2025 12:41:08 [TestNG-test=User Add Product Test-1] LogUtils - 💲 Chỉ có một mức giá: 3000.0
[INFO] 13-07-2025 12:41:08 [TestNG-test=User Add Product Test-1] LogUtils - Get attribute of element By.xpath: //input[@name='quantity']
[INFO] 13-07-2025 12:41:08 [TestNG-test=User Add Product Test-1] LogUtils - ==> Attribute value: 1
[INFO] 13-07-2025 12:41:08 [TestNG-test=User Add Product Test-1] LogUtils - Get text of element: By.xpath: //div[@id='addToCart-modal-body']//h2 || ==> Text Return: Laptop Asus
[INFO] 13-07-2025 12:41:09 [TestNG-test=User Add Product Test-1] LogUtils - Click on element By.xpath: //span[normalize-space()='Add to cart']
[INFO] 13-07-2025 12:41:09 [TestNG-test=User Add Product Test-1] LogUtils - Click button add cart in popup add cart
[INFO] 13-07-2025 12:41:09 [TestNG-test=User Add Product Test-1] LogUtils - checkElementExist: true --- By.xpath: //h3[normalize-space()='Item added to your cart!']
[INFO] 13-07-2025 12:41:09 [TestNG-test=User Add Product Test-1] LogUtils - checkElementExist: true --- By.xpath: //span[normalize-space()='Frequently Bought Together']
[INFO] 13-07-2025 12:41:09 [TestNG-test=User Add Product Test-1] LogUtils - checkElementExist: true --- By.xpath: //h3[normalize-space()='Item added to your cart!']
[INFO] 13-07-2025 12:41:09 [TestNG-test=User Add Product Test-1] LogUtils - checkElementExist: true --- By.xpath: //span[normalize-space()='Frequently Bought Together']
[INFO] 13-07-2025 12:41:09 [TestNG-test=User Add Product Test-1] LogUtils - Get text of element: By.xpath: //div[@id='cart_items']//span[contains(@class, 'badge') and contains(@class, 'cart-count')] || ==> Text Return: 2
[INFO] 13-07-2025 12:41:09 [TestNG-test=User Add Product Test-1] LogUtils - verifyPopupAddCartSuccess countProductCart: 2
[INFO] 13-07-2025 12:41:09 [TestNG-test=User Add Product Test-1] LogUtils - verifyPopupAddCartSuccess getCartCount: 2
[INFO] 13-07-2025 12:41:09 [TestNG-test=User Add Product Test-1] LogUtils - verifyPopupAddCartSuccess: popup add cart success!
[INFO] 13-07-2025 12:41:10 [TestNG-test=User Add Product Test-1] LogUtils - Click on element By.xpath: //div[@id='addToCart']/descendant::button[contains(@class, 'close') and @aria-label='Close']
[INFO] 13-07-2025 12:41:10 [TestNG-test=User Add Product Test-1] LogUtils - Click button close popup add cart
[INFO] 13-07-2025 12:41:10 [TestNG-test=User Add Product Test-1] LogUtils - Click on element By.xpath: //div[@id='cart_items']
[INFO] 13-07-2025 12:41:10 [TestNG-test=User Add Product Test-1] LogUtils - checkElementExist: true --- By.xpath: //div[normalize-space()='Cart Items']
[INFO] 13-07-2025 12:41:10 [TestNG-test=User Add Product Test-1] LogUtils - checkElementExist: true --- By.xpath: //span[normalize-space()='Subtotal']
[INFO] 13-07-2025 12:41:10 [TestNG-test=User Add Product Test-1] LogUtils - checkElementExist: true --- By.xpath: //a[normalize-space()='View cart']
[INFO] 13-07-2025 12:41:10 [TestNG-test=User Add Product Test-1] LogUtils - Get text of element: By.xpath: //div[normalize-space()='Cart Items'] || ==> Text Return: Cart Items
[INFO] 13-07-2025 12:41:11 [TestNG-test=User Add Product Test-1] LogUtils - 📦 Product: Laptop Asus
[INFO] 13-07-2025 12:41:11 [TestNG-test=User Add Product Test-1] LogUtils - Quantity: 1, Price: 3000.0, Subtotal: 3000.0
[INFO] 13-07-2025 12:41:11 [TestNG-test=User Add Product Test-1] LogUtils - 📦 Product: Laptop Asus
[INFO] 13-07-2025 12:41:11 [TestNG-test=User Add Product Test-1] LogUtils - Quantity: 1, Price: 3000.0, Subtotal: 3000.0
[INFO] 13-07-2025 12:41:11 [TestNG-test=User Add Product Test-1] LogUtils - Get text of element: By.xpath: //span[normalize-space()='Subtotal']/following-sibling::span || ==> Text Return: $6,000.00
[INFO] 13-07-2025 12:41:11 [TestNG-test=User Add Product Test-1] LogUtils - 🔢 Expected total: 6000.0 | Actual total: 6000.0
[INFO] 13-07-2025 12:41:11 [TestNG-test=User Add Product Test-1] LogUtils - ✅ verifyAddCartSuccess successfully! Sản phẩm còn lại: 2
[INFO] 13-07-2025 12:41:12 [TestNG-test=User Add Product Test-1] LogUtils - Click on element By.xpath: //a[normalize-space()='View cart']
[INFO] 13-07-2025 12:41:12 [TestNG-test=User Add Product Test-1] LogUtils - Get current url: https://cms.anhtester.com/cart
[INFO] 13-07-2025 12:41:12 [TestNG-test=User Add Product Test-1] LogUtils - checkElementExist: true --- By.xpath: //h3[contains(normalize-space(),'My Cart')]
[INFO] 13-07-2025 12:41:12 [TestNG-test=User Add Product Test-1] LogUtils - checkElementExist: true --- By.xpath: //section[@id='cart-summary']/descendant::span[normalize-space()='Subtotal']
[INFO] 13-07-2025 12:41:12 [TestNG-test=User Add Product Test-1] LogUtils - Get text of element: By.xpath: //h3[contains(normalize-space(),'My Cart')] || ==> Text Return: 1. My Cart
[INFO] 13-07-2025 12:41:12 [TestNG-test=User Add Product Test-1] LogUtils - Get text of element: By.xpath: //section[@id='cart-summary']/descendant::span[normalize-space()='Subtotal'] || ==> Text Return: Subtotal
[INFO] 13-07-2025 12:41:12 [TestNG-test=User Add Product Test-1] LogUtils - 🧾 Product: Laptop Asus - Aqua | Qty: 1 | Price: $3000.0 | Subtotal: $3000.0
[INFO] 13-07-2025 12:41:12 [TestNG-test=User Add Product Test-1] LogUtils - Total price each product actual: 3000.0, expected: 3000.0
[INFO] 13-07-2025 12:41:12 [TestNG-test=User Add Product Test-1] LogUtils - 🎯 Expected → Qty: 1 | Min: 3000.0 | Max: 3000.0
[INFO] 13-07-2025 12:41:12 [TestNG-test=User Add Product Test-1] LogUtils - 🧾 Product: Laptop Asus - Aqua | Qty: 1 | Price: $3000.0 | Subtotal: $3000.0
[INFO] 13-07-2025 12:41:12 [TestNG-test=User Add Product Test-1] LogUtils - Total price each product actual: 3000.0, expected: 3000.0
[INFO] 13-07-2025 12:41:12 [TestNG-test=User Add Product Test-1] LogUtils - 🎯 Expected → Qty: 1 | Min: 3000.0 | Max: 3000.0
[INFO] 13-07-2025 12:41:12 [TestNG-test=User Add Product Test-1] LogUtils - Get text of element: By.xpath: //section[@id='cart-summary']/descendant::span[normalize-space()='Subtotal']/following-sibling::span || ==> Text Return: $6,000.00
[INFO] 13-07-2025 12:41:12 [TestNG-test=User Add Product Test-1] LogUtils - 🔢 Expected total: 6000.0 | Actual total: 6000.0
[INFO] 13-07-2025 12:41:12 [TestNG-test=User Add Product Test-1] LogUtils - ✅ verifyProductInCart hoàn tất!
[INFO] 13-07-2025 12:41:14 [TestNG-test=User Add Product Test-1] LogUtils - Click on element By.xpath: //a[normalize-space()='Continue to Shipping']
[INFO] 13-07-2025 12:41:14 [TestNG-test=User Add Product Test-1] LogUtils - 🚛 Start verify shipping page
[INFO] 13-07-2025 12:41:14 [TestNG-test=User Add Product Test-1] LogUtils - Get current url: https://cms.anhtester.com/checkout
[INFO] 13-07-2025 12:41:14 [TestNG-test=User Add Product Test-1] LogUtils - Get CSS value color of element By.xpath: //h3[contains(normalize-space(), 'Shipping info')]
[INFO] 13-07-2025 12:41:14 [TestNG-test=User Add Product Test-1] LogUtils - ==> CSS value: rgba(230, 46, 4, 1)
[INFO] 13-07-2025 12:41:14 [TestNG-test=User Add Product Test-1] LogUtils - colorHeaderShippingPage: #e62e04
[INFO] 13-07-2025 12:41:14 [TestNG-test=User Add Product Test-1] LogUtils - 🔍 Trạng thái enabled của By.xpath: (//input[@name='address_id'])[1]/ancestor::label/parent::div: true
[INFO] 13-07-2025 12:41:14 [TestNG-test=User Add Product Test-1] LogUtils - 🔍 Trạng thái enabled của By.xpath: //div[text()='Add New Address']: true
[INFO] 13-07-2025 12:41:14 [TestNG-test=User Add Product Test-1] LogUtils - 🔍 Trạng thái enabled của By.xpath: //button[normalize-space()='Continue to Delivery Info']: true
[INFO] 13-07-2025 12:41:14 [TestNG-test=User Add Product Test-1] LogUtils - Get text of element: By.xpath: //button[normalize-space()='Continue to Delivery Info'] || ==> Text Return: Continue to Delivery Info
[INFO] 13-07-2025 12:41:15 [TestNG-test=User Add Product Test-1] LogUtils - ✅ An address option is already selected. No action taken.
[INFO] 13-07-2025 12:41:16 [TestNG-test=User Add Product Test-1] LogUtils - Click on element By.xpath: //button[normalize-space()='Continue to Delivery Info']
[INFO] 13-07-2025 12:41:16 [TestNG-test=User Add Product Test-1] LogUtils - Start verify delivery page
[INFO] 13-07-2025 12:41:16 [TestNG-test=User Add Product Test-1] LogUtils - Get current url: https://cms.anhtester.com/checkout/delivery_info
[INFO] 13-07-2025 12:41:16 [TestNG-test=User Add Product Test-1] LogUtils - Get text of element: By.xpath: //h3[normalize-space()='3. Delivery info'] || ==> Text Return: 3. Delivery info
[INFO] 13-07-2025 12:41:16 [TestNG-test=User Add Product Test-1] LogUtils - Get text of element: By.xpath: //h5[normalize-space()='Active eCommerce CMS Products'] || ==> Text Return: Active eCommerce CMS Products
[INFO] 13-07-2025 12:41:16 [TestNG-test=User Add Product Test-1] LogUtils - Get CSS value color of element By.xpath: //h3[normalize-space()='3. Delivery info']
[INFO] 13-07-2025 12:41:16 [TestNG-test=User Add Product Test-1] LogUtils - ==> CSS value: rgba(230, 46, 4, 1)
[INFO] 13-07-2025 12:41:16 [TestNG-test=User Add Product Test-1] LogUtils - checkElementExist: true --- By.xpath: //h5[normalize-space()='Active eCommerce CMS Products']
[INFO] 13-07-2025 12:41:16 [TestNG-test=User Add Product Test-1] LogUtils - checkElementExist: true --- By.xpath: //h3[normalize-space()='3. Delivery info']
[INFO] 13-07-2025 12:41:16 [TestNG-test=User Add Product Test-1] LogUtils - 🔍 Trạng thái enabled của By.xpath: //button[normalize-space()='Continue to Payment']: true
[INFO] 13-07-2025 12:41:16 [TestNG-test=User Add Product Test-1] LogUtils - Get text of element: By.xpath: //button[normalize-space()='Continue to Payment'] || ==> Text Return: Continue to Payment
[INFO] 13-07-2025 12:41:16 [TestNG-test=User Add Product Test-1] LogUtils - 🚛 Start verify product in delivery page
[INFO] 13-07-2025 12:41:16 [TestNG-test=User Add Product Test-1] LogUtils - 📦 nameProductActual: Laptop Asus
[INFO] 13-07-2025 12:41:16 [TestNG-test=User Add Product Test-1] LogUtils - 📦 nameProductActual: Laptop Asus
[INFO] 13-07-2025 12:41:18 [TestNG-test=User Add Product Test-1] LogUtils - Click on element By.xpath: //button[normalize-space()='Continue to Payment']
[INFO] 13-07-2025 12:41:18 [TestNG-test=User Add Product Test-1] LogUtils - 🚛 Start verify payment page
[INFO] 13-07-2025 12:41:18 [TestNG-test=User Add Product Test-1] LogUtils - Get current url: https://cms.anhtester.com/checkout/payment_select
[INFO] 13-07-2025 12:41:18 [TestNG-test=User Add Product Test-1] LogUtils - Get CSS value color of element By.xpath: //h3[normalize-space()='4. Payment']
[INFO] 13-07-2025 12:41:18 [TestNG-test=User Add Product Test-1] LogUtils - ==> CSS value: rgba(230, 46, 4, 1)
[INFO] 13-07-2025 12:41:18 [TestNG-test=User Add Product Test-1] LogUtils - Get text of element: By.xpath: //button[normalize-space()='Complete Order'] || ==> Text Return: Complete Order
[INFO] 13-07-2025 12:41:18 [TestNG-test=User Add Product Test-1] LogUtils - 🔍 Trạng thái enabled của By.xpath: //button[normalize-space()='Complete Order']: true
[INFO] 13-07-2025 12:41:18 [TestNG-test=User Add Product Test-1] LogUtils - 🚛 Start verify product in payment page
[INFO] 13-07-2025 12:41:18 [TestNG-test=User Add Product Test-1] LogUtils - Get text of element: By.xpath: //h3[normalize-space()='Summary']/following::span[contains(normalize-space(), 'Items')] || ==> Text Return: 2 Items
[INFO] 13-07-2025 12:41:18 [TestNG-test=User Add Product Test-1] LogUtils - countProductActual: 2
[INFO] 13-07-2025 12:41:18 [TestNG-test=User Add Product Test-1] LogUtils - countProductExpected: 2
[INFO] 13-07-2025 12:41:18 [TestNG-test=User Add Product Test-1] LogUtils - 🔍 Sản phẩm: Laptop Asus
[INFO] 13-07-2025 12:41:18 [TestNG-test=User Add Product Test-1] LogUtils -    Số lượng: 1
[INFO] 13-07-2025 12:41:18 [TestNG-test=User Add Product Test-1] LogUtils -    Giá: 3000.0
[INFO] 13-07-2025 12:41:18 [TestNG-test=User Add Product Test-1] LogUtils - 🔍 Sản phẩm: Laptop Asus
[INFO] 13-07-2025 12:41:18 [TestNG-test=User Add Product Test-1] LogUtils -    Số lượng: 1
[INFO] 13-07-2025 12:41:18 [TestNG-test=User Add Product Test-1] LogUtils -    Giá: 3000.0
[INFO] 13-07-2025 12:41:18 [TestNG-test=User Add Product Test-1] LogUtils - Get text of element: By.xpath: //th[normalize-space()='Subtotal']/following-sibling::td/span || ==> Text Return: $6,000.00
[INFO] 13-07-2025 12:41:18 [TestNG-test=User Add Product Test-1] LogUtils - 💰 Tổng tiền mong đợi (calculated): 6000.0
[INFO] 13-07-2025 12:41:18 [TestNG-test=User Add Product Test-1] LogUtils - 💰 Tổng tiền hiển thị UI: 6000.0
[INFO] 13-07-2025 12:41:18 [TestNG-test=User Add Product Test-1] LogUtils - Get text of element: By.xpath: //th[normalize-space()='Total Shipping']//following-sibling::td/span || ==> Text Return: $30,000.00
[INFO] 13-07-2025 12:41:18 [TestNG-test=User Add Product Test-1] LogUtils - Get text of element: By.xpath: //tr[@class='cart-total']/td//span || ==> Text Return: $36,000.00
[INFO] 13-07-2025 12:41:18 [TestNG-test=User Add Product Test-1] LogUtils - ✅ verifyProductPaymentPage: success!
[INFO] 13-07-2025 12:41:19 [TestNG-test=User Add Product Test-1] LogUtils - Click on element By.xpath: //input[@id='agree_checkbox']/ancestor::label[@class='aiz-checkbox']
[INFO] 13-07-2025 12:41:23 [TestNG-test=User Add Product Test-1] LogUtils - Click on element By.xpath: //button[normalize-space()='Complete Order']
[INFO] 13-07-2025 12:41:23 [TestNG-test=User Add Product Test-1] LogUtils - Get current url: https://cms.anhtester.com/checkout/order-confirmed
[INFO] 13-07-2025 12:41:23 [TestNG-test=User Add Product Test-1] LogUtils - Get CSS value color of element By.xpath: //h3[normalize-space()='5. Confirmation']
[INFO] 13-07-2025 12:41:23 [TestNG-test=User Add Product Test-1] LogUtils - ==> CSS value: rgba(230, 46, 4, 1)
[INFO] 13-07-2025 12:41:23 [TestNG-test=User Add Product Test-1] LogUtils - checkElementExist: true --- By.xpath: //span[normalize-space()='Your order has been placed successfully']
[INFO] 13-07-2025 12:41:23 [TestNG-test=User Add Product Test-1] LogUtils - Get text of element: By.xpath: //span[normalize-space()='Your order has been placed successfully'] || ==> Text Return: Your order has been placed successfully
[INFO] 13-07-2025 12:41:23 [TestNG-test=User Add Product Test-1] LogUtils - Verify order confirm page successfully!
[INFO] 13-07-2025 12:41:23 [TestNG-test=User Add Product Test-1] LogUtils - addProductToCart: success
[INFO] 13-07-2025 12:41:25 [TestNG-test=User Add Product Test-1] LogUtils - ✅ Đây là Test case chạy thành công: testAddCart
[INFO] 13-07-2025 12:41:26 [main] LogUtils - ⭐️ Total test: 8
[INFO] 13-07-2025 12:41:26 [main] LogUtils - ⭐️ Passed: 6
[INFO] 13-07-2025 12:41:26 [main] LogUtils - ⭐️ Failed: 2
[INFO] 13-07-2025 12:41:26 [main] LogUtils - ⭐️ Skipped: 0
[INFO] 13-07-2025 12:41:26 [main] LogUtils - 🟢 Kết thúc toàn bộ suite: User Add Product Test
[INFO] 13-07-2025 12:41:29 [main] LogUtils - ✅ Email with attachments sent!
[INFO] 13-07-2025 12:41:29 [main] LogUtils - ⚙\uFE0F Thời gian chạy toàn bộ test:Sun Jul 13 12:41:29 ICT 2025
[INFO] 13-07-2025 12:41:29 [main] LogUtils - ⚙️ Bắt đầu test suite cho class: AdminCheckDetailProduct
[INFO] 13-07-2025 12:41:29 [TestNG-test=User Add Product Test-1] LogUtils - ✅ Read data from Excel: [[Laptop Asus, Laptop, Asus, PC, Aqua, 5, laptop asus, 3000, 500, Laptop asus vừa mạnh vừa đẹp, laptop_asus.webp]]
[INFO] 13-07-2025 12:41:29 [TestNG-test=User Add Product Test-1] LogUtils - Run with Edge browser (default)
[INFO] 13-07-2025 12:41:31 [TestNG-test=User Add Product Test-1] LogUtils - Bắt đầu chạy test: testAdminCheckDetailProduct
[INFO] 13-07-2025 12:41:33 [TestNG-test=User Add Product Test-1] LogUtils - 🌐 Open URL: https://cms.anhtester.com/
[INFO] 13-07-2025 12:41:34 [TestNG-test=User Add Product Test-1] LogUtils - checkElementExist: true --- By.xpath: //b[normalize-space()='Website Demo']
[INFO] 13-07-2025 12:41:34 [TestNG-test=User Add Product Test-1] LogUtils - Click on element By.xpath: //b[normalize-space()='Website Demo']/following::button[@data-value='removed']
[INFO] 13-07-2025 12:41:35 [TestNG-test=User Add Product Test-1] LogUtils - Click on element By.xpath: (//a[normalize-space()='Login'])[1]
[INFO] 13-07-2025 12:41:35 [TestNG-test=User Add Product Test-1] LogUtils - checkElementExist: true --- By.xpath: //a[contains(normalize-space(), 'Forgot password')]
[INFO] 13-07-2025 12:41:35 [TestNG-test=User Add Product Test-1] LogUtils - Clear text on element By.xpath: //input[@id='email']
[INFO] 13-07-2025 12:41:36 [TestNG-test=User Add Product Test-1] LogUtils - Set text [admin@example.com] on element: By.xpath: //input[@id='email']
[INFO] 13-07-2025 12:41:36 [TestNG-test=User Add Product Test-1] LogUtils - Clear text on element By.xpath: //input[@id='password']
[INFO] 13-07-2025 12:41:36 [TestNG-test=User Add Product Test-1] LogUtils - Set text [123456] on element: By.xpath: //input[@id='password']
[INFO] 13-07-2025 12:41:39 [TestNG-test=User Add Product Test-1] LogUtils - Click on element By.xpath: //button[normalize-space()='Login']
[INFO] 13-07-2025 12:41:41 [TestNG-test=User Add Product Test-1] LogUtils - Get current url: https://cms.anhtester.com/admin
[INFO] 13-07-2025 12:41:41 [TestNG-test=User Add Product Test-1] LogUtils - checkElementExist: true --- By.xpath: (//span[normalize-space()='Dashboard'])[1]
[INFO] 13-07-2025 12:41:41 [TestNG-test=User Add Product Test-1] LogUtils - checkElementExist: true --- By.xpath: //span[normalize-space()='Admin Example']
[INFO] 13-07-2025 12:41:42 [TestNG-test=User Add Product Test-1] LogUtils - checkElementExist: true --- By.xpath: //span[normalize-space()='Clear Cache']
[INFO] 13-07-2025 12:41:42 [TestNG-test=User Add Product Test-1] LogUtils - Get text of element: By.xpath: //span[normalize-space()='Clear Cache'] || ==> Text Return: Clear Cache
[INFO] 13-07-2025 12:41:42 [TestNG-test=User Add Product Test-1] LogUtils - Click on element By.xpath: //ul[@id='main-menu']//span[normalize-space()='Products']
[INFO] 13-07-2025 12:41:43 [TestNG-test=User Add Product Test-1] LogUtils - Click on element By.xpath: //span[normalize-space()='Add New Product']
[INFO] 13-07-2025 12:41:43 [TestNG-test=User Add Product Test-1] LogUtils - Get current url: https://cms.anhtester.com/admin/products/create
[INFO] 13-07-2025 12:41:43 [TestNG-test=User Add Product Test-1] LogUtils - Get text of element: By.xpath: //h5[normalize-space()='Add New Product'] || ==> Text Return: Add New Product
[INFO] 13-07-2025 12:41:43 [TestNG-test=User Add Product Test-1] LogUtils - checkElementExist: true --- By.xpath: //h5[normalize-space()='Product Information']
[INFO] 13-07-2025 12:41:43 [TestNG-test=User Add Product Test-1] LogUtils - checkElementExist: true --- By.xpath: //h5[normalize-space()='Add New Product']
[INFO] 13-07-2025 12:41:43 [TestNG-test=User Add Product Test-1] LogUtils - Verify add new product page successfully
[INFO] 13-07-2025 12:41:44 [TestNG-test=User Add Product Test-1] LogUtils - Clear text on element By.xpath: //input[@name='name']
[INFO] 13-07-2025 12:41:44 [TestNG-test=User Add Product Test-1] LogUtils - Set text [Laptop Asus] on element: By.xpath: //input[@name='name']
[INFO] 13-07-2025 12:41:44 [TestNG-test=User Add Product Test-1] LogUtils - Click on element By.xpath: //button[@data-id='category_id']
[INFO] 13-07-2025 12:41:45 [TestNG-test=User Add Product Test-1] LogUtils - Set text [Laptop] on element: By.xpath: //button[@data-id='category_id']/following-sibling::div//input
[INFO] 13-07-2025 12:41:45 [TestNG-test=User Add Product Test-1] LogUtils - Click on element By.xpath: (//div[@id='bs-select-1']//li)[1]
[INFO] 13-07-2025 12:41:46 [TestNG-test=User Add Product Test-1] LogUtils - Click on element By.xpath: //button[@data-id='brand_id']
[INFO] 13-07-2025 12:41:46 [TestNG-test=User Add Product Test-1] LogUtils - Set text [Asus] on element: By.xpath: //button[@data-id='brand_id']/following-sibling::div//input
[INFO] 13-07-2025 12:41:46 [TestNG-test=User Add Product Test-1] LogUtils - Click on element By.xpath: (//div[@id='bs-select-2']//li)[1]
[INFO] 13-07-2025 12:41:47 [TestNG-test=User Add Product Test-1] LogUtils - Clear text on element By.xpath: //input[@name='unit']
[INFO] 13-07-2025 12:41:47 [TestNG-test=User Add Product Test-1] LogUtils - Set text [PC] on element: By.xpath: //input[@name='unit']
[INFO] 13-07-2025 12:41:47 [TestNG-test=User Add Product Test-1] LogUtils - Clear text on element By.xpath: //input[@name='weight']
[INFO] 13-07-2025 12:41:47 [TestNG-test=User Add Product Test-1] LogUtils - Set text [5] on element: By.xpath: //input[@name='weight']
[INFO] 13-07-2025 12:41:48 [TestNG-test=User Add Product Test-1] LogUtils - Set text [laptop asus] on element: By.xpath: //tags[@role='tagslist']
[INFO] 13-07-2025 12:41:48 [TestNG-test=User Add Product Test-1] LogUtils - Click on element By.xpath: //label[@for='signinSrEmail' and contains(normalize-space(), 'Gallery Images ')]/following-sibling::div/div
[INFO] 13-07-2025 12:41:50 [TestNG-test=User Add Product Test-1] LogUtils - Click on element By.xpath: //a[normalize-space()='Upload New']
[INFO] 13-07-2025 12:41:51 [TestNG-test=User Add Product Test-1] LogUtils - Click on element By.xpath: //button[normalize-space()='Browse']
[INFO] 13-07-2025 12:41:53 [TestNG-test=User Add Product Test-1] LogUtils - 📁 File path để upload: D:\LearnAutomationTest\EcommerceAutomationTesting\src\test\resources\datatest\laptop_asus.webp
[INFO] 13-07-2025 12:41:53 [TestNG-test=User Add Product Test-1] LogUtils - 📋 Đã copy đường dẫn file vào clipboard
[INFO] 13-07-2025 12:41:54 [TestNG-test=User Add Product Test-1] LogUtils - ⌨️ Đã thực hiện Ctrl + V
[INFO] 13-07-2025 12:41:55 [TestNG-test=User Add Product Test-1] LogUtils - ⏎ Đã nhấn Enter để xác nhận chọn file
[INFO] 13-07-2025 12:41:57 [TestNG-test=User Add Product Test-1] LogUtils - Click on element By.xpath: //a[normalize-space()='Select File']
[INFO] 13-07-2025 12:41:59 [TestNG-test=User Add Product Test-1] LogUtils - Click element with JavaScript: By.xpath: (//div[@title='laptop_asus.webp'])[21]
[INFO] 13-07-2025 12:41:59 [TestNG-test=User Add Product Test-1] LogUtils - Click on element By.xpath: //button[normalize-space()='Add Files']
[INFO] 13-07-2025 12:41:59 [TestNG-test=User Add Product Test-1] LogUtils - ✅ Upload file thành công và đã xác nhận trong UI
[INFO] 13-07-2025 12:42:00 [TestNG-test=User Add Product Test-1] LogUtils - Click on element By.xpath: //label[@for='signinSrEmail' and contains(normalize-space(), 'Thumbnail Image ')]/following-sibling::div/div[@data-type='image']
[INFO] 13-07-2025 12:42:03 [TestNG-test=User Add Product Test-1] LogUtils - Click on element By.xpath: //a[normalize-space()='Upload New']
[INFO] 13-07-2025 12:42:03 [TestNG-test=User Add Product Test-1] LogUtils - Click on element By.xpath: //button[normalize-space()='Browse']
[INFO] 13-07-2025 12:42:05 [TestNG-test=User Add Product Test-1] LogUtils - 📁 File path để upload: D:\LearnAutomationTest\EcommerceAutomationTesting\src\test\resources\datatest\laptop_asus.webp
[INFO] 13-07-2025 12:42:05 [TestNG-test=User Add Product Test-1] LogUtils - 📋 Đã copy đường dẫn file vào clipboard
[INFO] 13-07-2025 12:42:06 [TestNG-test=User Add Product Test-1] LogUtils - ⌨️ Đã thực hiện Ctrl + V
[INFO] 13-07-2025 12:42:07 [TestNG-test=User Add Product Test-1] LogUtils - ⏎ Đã nhấn Enter để xác nhận chọn file
[INFO] 13-07-2025 12:42:09 [TestNG-test=User Add Product Test-1] LogUtils - Click on element By.xpath: //a[normalize-space()='Select File']
[INFO] 13-07-2025 12:42:11 [TestNG-test=User Add Product Test-1] LogUtils - Click element with JavaScript: By.xpath: (//div[@title='laptop_asus.webp'])[23]
[INFO] 13-07-2025 12:42:11 [TestNG-test=User Add Product Test-1] LogUtils - Click on element By.xpath: //button[normalize-space()='Add Files']
[INFO] 13-07-2025 12:42:11 [TestNG-test=User Add Product Test-1] LogUtils - ✅ Upload file thành công và đã xác nhận trong UI
[INFO] 13-07-2025 12:42:12 [TestNG-test=User Add Product Test-1] LogUtils - Click on element By.xpath: //button[@data-id='colors']/parent::div/parent::div/following-sibling::div/label
[INFO] 13-07-2025 12:42:13 [TestNG-test=User Add Product Test-1] LogUtils - Click on element By.xpath: //button[@data-id='colors']
[INFO] 13-07-2025 12:42:13 [TestNG-test=User Add Product Test-1] LogUtils - Clear text on element By.xpath: //button[@data-id='colors']/following-sibling::div//input
[INFO] 13-07-2025 12:42:13 [TestNG-test=User Add Product Test-1] LogUtils - Set text [Aqua] on element: By.xpath: //button[@data-id='colors']/following-sibling::div//input
[INFO] 13-07-2025 12:42:14 [TestNG-test=User Add Product Test-1] LogUtils - Click on element By.xpath: (//button[@data-id='colors']/following-sibling::div//ul/li)[1]
[INFO] 13-07-2025 12:42:14 [TestNG-test=User Add Product Test-1] LogUtils - Click on element By.xpath: //h5[normalize-space()='Product Variation']
[INFO] 13-07-2025 12:42:15 [TestNG-test=User Add Product Test-1] LogUtils - Clear text on element By.xpath: //input[@name='unit_price']
[INFO] 13-07-2025 12:42:16 [TestNG-test=User Add Product Test-1] LogUtils - Set text [3000] on element: By.xpath: //input[@name='unit_price']
[INFO] 13-07-2025 12:42:17 [TestNG-test=User Add Product Test-1] LogUtils - Clear text on element By.xpath: //input[@name='qty_Aqua']
[INFO] 13-07-2025 12:42:17 [TestNG-test=User Add Product Test-1] LogUtils - Set text [500] on element: By.xpath: //input[@name='qty_Aqua']
[INFO] 13-07-2025 12:42:17 [TestNG-test=User Add Product Test-1] LogUtils - Clear text on element By.xpath: //input[@name='price_Aqua']
[INFO] 13-07-2025 12:42:18 [TestNG-test=User Add Product Test-1] LogUtils - Set text [3000] on element: By.xpath: //input[@name='price_Aqua']
[INFO] 13-07-2025 12:42:20 [TestNG-test=User Add Product Test-1] LogUtils - Set text [Laptop asus vừa mạnh vừa đẹp] on element: By.xpath: //div[@role='textbox']
[INFO] 13-07-2025 12:42:20 [TestNG-test=User Add Product Test-1] LogUtils - 📝 Product Name: Laptop Asus
[INFO] 13-07-2025 12:42:20 [TestNG-test=User Add Product Test-1] LogUtils - 📂 Category: Laptop
[INFO] 13-07-2025 12:42:20 [TestNG-test=User Add Product Test-1] LogUtils - 🏷️ Brand: Asus
[INFO] 13-07-2025 12:42:20 [TestNG-test=User Add Product Test-1] LogUtils - 📏 Unit: PC
[INFO] 13-07-2025 12:42:20 [TestNG-test=User Add Product Test-1] LogUtils - ⚖️ Weight: 5
[INFO] 13-07-2025 12:42:20 [TestNG-test=User Add Product Test-1] LogUtils - 🔖 Tag: laptop asus
[INFO] 13-07-2025 12:42:20 [TestNG-test=User Add Product Test-1] LogUtils - 💵 Price: 3000
[INFO] 13-07-2025 12:42:20 [TestNG-test=User Add Product Test-1] LogUtils - 💵 Color: Aqua
[INFO] 13-07-2025 12:42:20 [TestNG-test=User Add Product Test-1] LogUtils - 📦 Quantity: 500
[INFO] 13-07-2025 12:42:20 [TestNG-test=User Add Product Test-1] LogUtils - 🧾 Description: Laptop asus vừa mạnh vừa đẹp
[INFO] 13-07-2025 12:42:20 [TestNG-test=User Add Product Test-1] LogUtils - 🖼️ Image path: laptop_asus.webp
[INFO] 13-07-2025 12:42:21 [TestNG-test=User Add Product Test-1] LogUtils - Click on element By.xpath: //button[normalize-space()='Save & Publish']
[INFO] 13-07-2025 12:42:22 [TestNG-test=User Add Product Test-1] LogUtils - Get text of element: By.xpath: //span[normalize-space()='Product has been inserted successfully'] || ==> Text Return: Product has been inserted successfully
[INFO] 13-07-2025 12:42:22 [TestNG-test=User Add Product Test-1] LogUtils - checkElementExist: true --- By.xpath: //span[normalize-space()='Product has been inserted successfully']
[INFO] 13-07-2025 12:42:22 [TestNG-test=User Add Product Test-1] LogUtils - Get current url: https://cms.anhtester.com/admin/products/admin
[INFO] 13-07-2025 12:42:23 [TestNG-test=User Add Product Test-1] LogUtils - 🔍 Tìm kiếm với từ khóa [Laptop Asus] bằng element: By.xpath: //input[@id='search']
[INFO] 13-07-2025 12:42:24 [TestNG-test=User Add Product Test-1] LogUtils - Get text of element: By.xpath: (//tbody/tr)[1]/td[2]//span || ==> Text Return: Laptop Asus
[INFO] 13-07-2025 12:42:24 [TestNG-test=User Add Product Test-1] LogUtils - checkElementExist: true --- By.xpath: //h5[normalize-space()='All Product']
[INFO] 13-07-2025 12:42:24 [TestNG-test=User Add Product Test-1] LogUtils - Get text of element: By.xpath: //h5[normalize-space()='All Product'] || ==> Text Return: All Product
[INFO] 13-07-2025 12:42:24 [TestNG-test=User Add Product Test-1] LogUtils - ✅ Verify add new product successfully !
[INFO] 13-07-2025 12:42:24 [TestNG-test=User Add Product Test-1] LogUtils - Get attribute of element By.xpath: (//a[@title='View'])[1]
[INFO] 13-07-2025 12:42:24 [TestNG-test=User Add Product Test-1] LogUtils - ==> Attribute value: https://cms.anhtester.com/product/laptop-asus-3
[INFO] 13-07-2025 12:42:24 [TestNG-test=User Add Product Test-1] LogUtils - Click on element By.xpath: (//a[@title='View'])[1]
[INFO] 13-07-2025 12:42:25 [TestNG-test=User Add Product Test-1] LogUtils - ✅ Switched to new tab with URL: https://cms.anhtester.com/product/laptop-asus-3
[INFO] 13-07-2025 12:42:25 [TestNG-test=User Add Product Test-1] LogUtils - start verifyProductDetailPage
[INFO] 13-07-2025 12:42:25 [TestNG-test=User Add Product Test-1] LogUtils - Get current url: https://cms.anhtester.com/product/laptop-asus-3
[INFO] 13-07-2025 12:42:25 [TestNG-test=User Add Product Test-1] LogUtils - currentURL verify product detail page: https://cms.anhtester.com/product/laptop-asus-3
[INFO] 13-07-2025 12:42:25 [TestNG-test=User Add Product Test-1] LogUtils - href expected verify product detail page: https://cms.anhtester.com/product/laptop-asus-3
[INFO] 13-07-2025 12:42:25 [TestNG-test=User Add Product Test-1] LogUtils - title verify product detail page: Laptop Asus
[INFO] 13-07-2025 12:42:25 [TestNG-test=User Add Product Test-1] LogUtils - Get text of element: By.xpath: //div[@class='text-left']/h1 || ==> Text Return: Laptop Asus
[INFO] 13-07-2025 12:42:25 [TestNG-test=User Add Product Test-1] LogUtils - href expected verify product detail page: https://cms.anhtester.com/product/laptop-asus-3
[INFO] 13-07-2025 12:42:25 [TestNG-test=User Add Product Test-1] LogUtils - title verify product detail page: Laptop Asus
[INFO] 13-07-2025 12:42:25 [TestNG-test=User Add Product Test-1] LogUtils - Get text of element: By.xpath: //div[@class='text-left']/h1 || ==> Text Return: Laptop Asus
[INFO] 13-07-2025 12:42:25 [TestNG-test=User Add Product Test-1] LogUtils - Get text of element: By.xpath: (//div[@class='text-left']//strong)[1] || ==> Text Return: $3,000.00
[INFO] 13-07-2025 12:42:25 [TestNG-test=User Add Product Test-1] LogUtils - Get text of element: By.xpath: (//div[@class='text-left']//strong)[1]/following-sibling::span || ==> Text Return: /PC
[INFO] 13-07-2025 12:42:25 [TestNG-test=User Add Product Test-1] LogUtils - Get text of element: By.xpath: //span[@id='available-quantity'] || ==> Text Return: 500
[INFO] 13-07-2025 12:42:26 [TestNG-test=User Add Product Test-1] LogUtils - Get text of element: By.xpath: //div[@id='tab_default_1']//p || ==> Text Return: Laptop asus vừa mạnh vừa đẹp
[INFO] 13-07-2025 12:42:26 [TestNG-test=User Add Product Test-1] LogUtils - 🔍 nameProduct UI: Laptop Asus | expected: Laptop Asus
[INFO] 13-07-2025 12:42:26 [TestNG-test=User Add Product Test-1] LogUtils - 🔍 priceProduct UI: 3000 | expected: 3000
[INFO] 13-07-2025 12:42:26 [TestNG-test=User Add Product Test-1] LogUtils - 🔍 unitProduct UI: PC | expected: PC
[INFO] 13-07-2025 12:42:26 [TestNG-test=User Add Product Test-1] LogUtils - 🔍 quantityProduct UI: 500 | expected: 500
[INFO] 13-07-2025 12:42:26 [TestNG-test=User Add Product Test-1] LogUtils - 🔍 descriptionProduct UI: Laptop asus vừa mạnh vừa đẹp | expected: Laptop asus vừa mạnh vừa đẹp
[INFO] 13-07-2025 12:42:26 [TestNG-test=User Add Product Test-1] LogUtils - ✅ Verify info product detail with excel data successfully !
[INFO] 13-07-2025 12:42:29 [TestNG-test=User Add Product Test-1] LogUtils - ✅ Đây là Test case chạy thành công: testAdminCheckDetailProduct
[INFO] 13-07-2025 12:42:29 [main] LogUtils - ⭐️ Total test: 9
[INFO] 13-07-2025 12:42:29 [main] LogUtils - ⭐️ Passed: 7
[INFO] 13-07-2025 12:42:29 [main] LogUtils - ⭐️ Failed: 2
[INFO] 13-07-2025 12:42:29 [main] LogUtils - ⭐️ Skipped: 0
[INFO] 13-07-2025 12:42:29 [main] LogUtils - 🟢 Kết thúc toàn bộ suite: User Add Product Test
[INFO] 13-07-2025 12:42:32 [main] LogUtils - ✅ Email with attachments sent!
[INFO] 13-07-2025 12:45:20 [main] LogUtils - ⚙\uFE0F Thời gian chạy toàn bộ test:Sun Jul 13 12:45:19 ICT 2025
[INFO] 13-07-2025 12:45:21 [main] LogUtils - ⚙️ Bắt đầu test suite cho class: UserSetInfoProductToExcelTest
[INFO] 13-07-2025 12:45:23 [TestNG-test=Save Data Product To Excel Test-1] LogUtils - Run with Edge browser
[INFO] 13-07-2025 12:45:24 [TestNG-test=Save Data Product To Excel Test-1] LogUtils - Bắt đầu chạy test: testSetInfoProduct
[INFO] 13-07-2025 12:45:26 [TestNG-test=Save Data Product To Excel Test-1] LogUtils - 🌐 Open URL: https://cms.anhtester.com/
[INFO] 13-07-2025 12:45:26 [TestNG-test=Save Data Product To Excel Test-1] LogUtils - checkElementExist: true --- By.xpath: //b[normalize-space()='Website Demo']
[INFO] 13-07-2025 12:45:27 [TestNG-test=Save Data Product To Excel Test-1] LogUtils - Click on element By.xpath: //b[normalize-space()='Website Demo']/following::button[@data-value='removed']
[INFO] 13-07-2025 12:45:28 [TestNG-test=Save Data Product To Excel Test-1] LogUtils - Click on element By.xpath: (//a[normalize-space()='Login'])[1]
[INFO] 13-07-2025 12:45:28 [TestNG-test=Save Data Product To Excel Test-1] LogUtils - checkElementExist: true --- By.xpath: //a[contains(normalize-space(), 'Forgot password')]
[INFO] 13-07-2025 12:45:28 [TestNG-test=Save Data Product To Excel Test-1] LogUtils - Clear text on element By.xpath: //input[@id='email']
[INFO] 13-07-2025 12:45:29 [TestNG-test=Save Data Product To Excel Test-1] LogUtils - Set text [customer@example.com] on element: By.xpath: //input[@id='email']
[INFO] 13-07-2025 12:45:29 [TestNG-test=Save Data Product To Excel Test-1] LogUtils - Clear text on element By.xpath: //input[@id='password']
[INFO] 13-07-2025 12:45:29 [TestNG-test=Save Data Product To Excel Test-1] LogUtils - Set text [123456] on element: By.xpath: //input[@id='password']
[INFO] 13-07-2025 12:45:37 [TestNG-test=Save Data Product To Excel Test-1] LogUtils - Click on element By.xpath: //button[normalize-space()='Login']
[INFO] 13-07-2025 12:45:37 [TestNG-test=Save Data Product To Excel Test-1] LogUtils - checkElementExist: true --- By.xpath: (//span[normalize-space()='Dashboard'])[1]
[INFO] 13-07-2025 12:45:37 [TestNG-test=Save Data Product To Excel Test-1] LogUtils - Verify login success !
[INFO] 13-07-2025 12:45:37 [TestNG-test=Save Data Product To Excel Test-1] LogUtils - Clear text on element By.xpath: //input[@id='search' and @name='keyword']
[INFO] 13-07-2025 12:45:37 [TestNG-test=Save Data Product To Excel Test-1] LogUtils - Set text [Laptop asus] on element: By.xpath: //input[@id='search' and @name='keyword']
[INFO] 13-07-2025 12:45:41 [TestNG-test=Save Data Product To Excel Test-1] LogUtils - Click on element By.xpath: (//div[normalize-space()='Products']/following-sibling::ul/li)[1]
[INFO] 13-07-2025 12:45:41 [TestNG-test=Save Data Product To Excel Test-1] LogUtils - Get current url: https://cms.anhtester.com/product/laptop-asus-6
[INFO] 13-07-2025 12:45:42 [TestNG-test=Save Data Product To Excel Test-1] LogUtils - formatSlug: laptop asus 6
[INFO] 13-07-2025 12:45:42 [TestNG-test=Save Data Product To Excel Test-1] LogUtils - Product Name: laptop asus
[INFO] 13-07-2025 12:45:42 [TestNG-test=Save Data Product To Excel Test-1] LogUtils - Search Words: [laptop, asus]
[INFO] 13-07-2025 12:45:42 [TestNG-test=Save Data Product To Excel Test-1] LogUtils - Matched Words: [laptop, laptop, asus, asus]
[INFO] 13-07-2025 12:45:42 [TestNG-test=Save Data Product To Excel Test-1] LogUtils - Total Matches: 4
[INFO] 13-07-2025 12:45:42 [TestNG-test=Save Data Product To Excel Test-1] LogUtils - verifyInfoProductPage: Passed - Product is correctly displayed on the page!
[INFO] 13-07-2025 12:45:42 [TestNG-test=Save Data Product To Excel Test-1] LogUtils - checkElementExist: true --- By.xpath: (//div[contains(normalize-space(), 'Price:')]/following-sibling::div/div/strong)[1]
[INFO] 13-07-2025 12:45:42 [TestNG-test=Save Data Product To Excel Test-1] LogUtils - checkElementExist: true --- By.xpath: (//div[contains(normalize-space(), 'Price:')]/following-sibling::div/div/strong)[1]
[INFO] 13-07-2025 12:45:42 [TestNG-test=Save Data Product To Excel Test-1] LogUtils - Get text of element: By.xpath: (//div[contains(normalize-space(), 'Price:')]/following-sibling::div/div/strong)[1] || ==> Text Return: $3,000.00
[INFO] 13-07-2025 12:45:42 [TestNG-test=Save Data Product To Excel Test-1] LogUtils - Get text of element: By.xpath: //div[@id='order_details']/following::div[@class='text-left']/h1 || ==> Text Return: Laptop Asus
[INFO] 13-07-2025 12:45:42 [TestNG-test=Save Data Product To Excel Test-1] LogUtils - Get text of element: By.xpath: //span[@id='available-quantity'] || ==> Text Return: 500
[ERROR] 13-07-2025 12:45:53 [TestNG-test=Save Data Product To Excel Test-1] LogUtils - Timeout waiting for the element Visible. By.xpath: //div[@id='tab_default_1']/descendant::p
[ERROR] 13-07-2025 12:45:53 [TestNG-test=Save Data Product To Excel Test-1] LogUtils - ❌ Đây là Test case chạy thất bại: testSetInfoProduct
[ERROR] 13-07-2025 12:45:53 [TestNG-test=Save Data Product To Excel Test-1] LogUtils - java.lang.AssertionError: Timeout waiting for the element Visible. By.xpath: //div[@id='tab_default_1']/descendant::p
[INFO] 13-07-2025 12:45:53 [TestNG-test=Save Data Product To Excel Test-1] LogUtils - Screenshot taken: testSetInfoProduct
[INFO] 13-07-2025 12:45:53 [TestNG-test=Save Data Product To Excel Test-1] LogUtils - Screenshot taken current URL: https://cms.anhtester.com/product/laptop-asus-6
[INFO] 13-07-2025 12:45:54 [main] LogUtils - ⭐️ Total test: 1
[INFO] 13-07-2025 12:45:54 [main] LogUtils - ⭐️ Passed: 0
[INFO] 13-07-2025 12:45:54 [main] LogUtils - ⭐️ Failed: 1
[INFO] 13-07-2025 12:45:54 [main] LogUtils - ⭐️ Skipped: 0
[INFO] 13-07-2025 12:45:54 [main] LogUtils - 🟢 Kết thúc toàn bộ suite: Save Data Product To Excel Test
[INFO] 13-07-2025 12:45:58 [main] LogUtils - ✅ Email with attachments sent!
[INFO] 13-07-2025 12:47:20 [main] LogUtils - ⚙\uFE0F Thời gian chạy toàn bộ test:Sun Jul 13 12:47:19 ICT 2025
[INFO] 13-07-2025 12:47:20 [main] LogUtils - ⚙️ Bắt đầu test suite cho class: UserSetInfoProductToExcelTest
[INFO] 13-07-2025 12:47:23 [TestNG-test=Save Data Product To Excel Test-1] LogUtils - Run with Edge browser
[INFO] 13-07-2025 12:47:23 [TestNG-test=Save Data Product To Excel Test-1] LogUtils - Bắt đầu chạy test: testSetInfoProduct
[INFO] 13-07-2025 12:47:26 [TestNG-test=Save Data Product To Excel Test-1] LogUtils - 🌐 Open URL: https://cms.anhtester.com/
[INFO] 13-07-2025 12:47:26 [TestNG-test=Save Data Product To Excel Test-1] LogUtils - checkElementExist: true --- By.xpath: //b[normalize-space()='Website Demo']
[INFO] 13-07-2025 12:47:26 [TestNG-test=Save Data Product To Excel Test-1] LogUtils - Click on element By.xpath: //b[normalize-space()='Website Demo']/following::button[@data-value='removed']
[INFO] 13-07-2025 12:47:27 [TestNG-test=Save Data Product To Excel Test-1] LogUtils - Click on element By.xpath: (//a[normalize-space()='Login'])[1]
[INFO] 13-07-2025 12:47:27 [TestNG-test=Save Data Product To Excel Test-1] LogUtils - checkElementExist: true --- By.xpath: //a[contains(normalize-space(), 'Forgot password')]
[INFO] 13-07-2025 12:47:28 [TestNG-test=Save Data Product To Excel Test-1] LogUtils - Clear text on element By.xpath: //input[@id='email']
[INFO] 13-07-2025 12:47:28 [TestNG-test=Save Data Product To Excel Test-1] LogUtils - Set text [customer@example.com] on element: By.xpath: //input[@id='email']
[INFO] 13-07-2025 12:47:28 [TestNG-test=Save Data Product To Excel Test-1] LogUtils - Clear text on element By.xpath: //input[@id='password']
[INFO] 13-07-2025 12:47:29 [TestNG-test=Save Data Product To Excel Test-1] LogUtils - Set text [123456] on element: By.xpath: //input[@id='password']
[INFO] 13-07-2025 12:47:30 [TestNG-test=Save Data Product To Excel Test-1] LogUtils - Click on element By.xpath: //button[normalize-space()='Login']
[INFO] 13-07-2025 12:47:30 [TestNG-test=Save Data Product To Excel Test-1] LogUtils - checkElementExist: true --- By.xpath: (//span[normalize-space()='Dashboard'])[1]
[INFO] 13-07-2025 12:47:30 [TestNG-test=Save Data Product To Excel Test-1] LogUtils - Verify login success !
[INFO] 13-07-2025 12:47:31 [TestNG-test=Save Data Product To Excel Test-1] LogUtils - Clear text on element By.xpath: //input[@id='search' and @name='keyword']
[INFO] 13-07-2025 12:47:31 [TestNG-test=Save Data Product To Excel Test-1] LogUtils - Set text [Laptop asus] on element: By.xpath: //input[@id='search' and @name='keyword']
[INFO] 13-07-2025 12:47:34 [TestNG-test=Save Data Product To Excel Test-1] LogUtils - Click on element By.xpath: (//div[normalize-space()='Products']/following-sibling::ul/li)[1]
[INFO] 13-07-2025 12:47:34 [TestNG-test=Save Data Product To Excel Test-1] LogUtils - Get current url: https://cms.anhtester.com/product/laptop-asus-6
[INFO] 13-07-2025 12:47:35 [TestNG-test=Save Data Product To Excel Test-1] LogUtils - formatSlug: laptop asus 6
[INFO] 13-07-2025 12:47:35 [TestNG-test=Save Data Product To Excel Test-1] LogUtils - Product Name: laptop asus
[INFO] 13-07-2025 12:47:35 [TestNG-test=Save Data Product To Excel Test-1] LogUtils - Search Words: [laptop, asus]
[INFO] 13-07-2025 12:47:35 [TestNG-test=Save Data Product To Excel Test-1] LogUtils - Matched Words: [laptop, laptop, asus, asus]
[INFO] 13-07-2025 12:47:35 [TestNG-test=Save Data Product To Excel Test-1] LogUtils - Total Matches: 4
[INFO] 13-07-2025 12:47:35 [TestNG-test=Save Data Product To Excel Test-1] LogUtils - verifyInfoProductPage: Passed - Product is correctly displayed on the page!
[INFO] 13-07-2025 12:47:35 [TestNG-test=Save Data Product To Excel Test-1] LogUtils - checkElementExist: true --- By.xpath: (//div[contains(normalize-space(), 'Price:')]/following-sibling::div/div/strong)[1]
[INFO] 13-07-2025 12:47:36 [TestNG-test=Save Data Product To Excel Test-1] LogUtils - checkElementExist: true --- By.xpath: (//div[contains(normalize-space(), 'Price:')]/following-sibling::div/div/strong)[1]
[INFO] 13-07-2025 12:47:36 [TestNG-test=Save Data Product To Excel Test-1] LogUtils - Get text of element: By.xpath: (//div[contains(normalize-space(), 'Price:')]/following-sibling::div/div/strong)[1] || ==> Text Return: $3,000.00
[INFO] 13-07-2025 12:47:36 [TestNG-test=Save Data Product To Excel Test-1] LogUtils - Get text of element: By.xpath: //div[@id='order_details']/following::div[@class='text-left']/h1 || ==> Text Return: Laptop Asus
[INFO] 13-07-2025 12:47:36 [TestNG-test=Save Data Product To Excel Test-1] LogUtils - Get text of element: By.xpath: //span[@id='available-quantity'] || ==> Text Return: 500
[ERROR] 13-07-2025 12:47:46 [TestNG-test=Save Data Product To Excel Test-1] LogUtils - Timeout waiting for the element Visible. By.xpath: //div[@id='tab_default_1']/descendant::p
[ERROR] 13-07-2025 12:47:46 [TestNG-test=Save Data Product To Excel Test-1] LogUtils - ❌ Đây là Test case chạy thất bại: testSetInfoProduct
[ERROR] 13-07-2025 12:47:46 [TestNG-test=Save Data Product To Excel Test-1] LogUtils - java.lang.AssertionError: Timeout waiting for the element Visible. By.xpath: //div[@id='tab_default_1']/descendant::p
[INFO] 13-07-2025 12:47:47 [TestNG-test=Save Data Product To Excel Test-1] LogUtils - Screenshot taken: testSetInfoProduct
[INFO] 13-07-2025 12:47:47 [TestNG-test=Save Data Product To Excel Test-1] LogUtils - Screenshot taken current URL: https://cms.anhtester.com/product/laptop-asus-6
[INFO] 13-07-2025 12:47:47 [main] LogUtils - ⭐️ Total test: 1
[INFO] 13-07-2025 12:47:47 [main] LogUtils - ⭐️ Passed: 0
[INFO] 13-07-2025 12:47:47 [main] LogUtils - ⭐️ Failed: 1
[INFO] 13-07-2025 12:47:47 [main] LogUtils - ⭐️ Skipped: 0
[INFO] 13-07-2025 12:47:47 [main] LogUtils - 🟢 Kết thúc toàn bộ suite: Save Data Product To Excel Test
[INFO] 13-07-2025 12:47:51 [main] LogUtils - ✅ Email with attachments sent!
[INFO] 13-07-2025 12:48:28 [main] LogUtils - ⚙\uFE0F Thời gian chạy toàn bộ test:Sun Jul 13 12:48:27 ICT 2025
[INFO] 13-07-2025 12:48:28 [main] LogUtils - ⚙️ Bắt đầu test suite cho class: UserSetInfoProductToExcelTest
[INFO] 13-07-2025 12:48:31 [TestNG-test=Save Data Product To Excel Test-1] LogUtils - Run with Edge browser
[INFO] 13-07-2025 12:48:31 [TestNG-test=Save Data Product To Excel Test-1] LogUtils - Bắt đầu chạy test: testSetInfoProduct
[INFO] 13-07-2025 12:48:38 [TestNG-test=Save Data Product To Excel Test-1] LogUtils - 🌐 Open URL: https://cms.anhtester.com/
[INFO] 13-07-2025 12:48:38 [TestNG-test=Save Data Product To Excel Test-1] LogUtils - checkElementExist: true --- By.xpath: //b[normalize-space()='Website Demo']
[INFO] 13-07-2025 12:48:39 [TestNG-test=Save Data Product To Excel Test-1] LogUtils - Click on element By.xpath: //b[normalize-space()='Website Demo']/following::button[@data-value='removed']
[INFO] 13-07-2025 12:48:39 [TestNG-test=Save Data Product To Excel Test-1] LogUtils - Click on element By.xpath: (//a[normalize-space()='Login'])[1]
[INFO] 13-07-2025 12:48:39 [TestNG-test=Save Data Product To Excel Test-1] LogUtils - checkElementExist: true --- By.xpath: //a[contains(normalize-space(), 'Forgot password')]
[INFO] 13-07-2025 12:48:40 [TestNG-test=Save Data Product To Excel Test-1] LogUtils - Clear text on element By.xpath: //input[@id='email']
[INFO] 13-07-2025 12:48:40 [TestNG-test=Save Data Product To Excel Test-1] LogUtils - Set text [customer@example.com] on element: By.xpath: //input[@id='email']
[INFO] 13-07-2025 12:48:40 [TestNG-test=Save Data Product To Excel Test-1] LogUtils - Clear text on element By.xpath: //input[@id='password']
[INFO] 13-07-2025 12:48:41 [TestNG-test=Save Data Product To Excel Test-1] LogUtils - Set text [123456] on element: By.xpath: //input[@id='password']
[INFO] 13-07-2025 12:48:42 [TestNG-test=Save Data Product To Excel Test-1] LogUtils - Click on element By.xpath: //button[normalize-space()='Login']
[INFO] 13-07-2025 12:48:42 [TestNG-test=Save Data Product To Excel Test-1] LogUtils - checkElementExist: true --- By.xpath: (//span[normalize-space()='Dashboard'])[1]
[INFO] 13-07-2025 12:48:42 [TestNG-test=Save Data Product To Excel Test-1] LogUtils - Verify login success !
[INFO] 13-07-2025 12:48:42 [TestNG-test=Save Data Product To Excel Test-1] LogUtils - Clear text on element By.xpath: //input[@id='search' and @name='keyword']
[INFO] 13-07-2025 12:48:43 [TestNG-test=Save Data Product To Excel Test-1] LogUtils - Set text [Laptop asus] on element: By.xpath: //input[@id='search' and @name='keyword']
[INFO] 13-07-2025 12:48:46 [TestNG-test=Save Data Product To Excel Test-1] LogUtils - Click on element By.xpath: (//div[normalize-space()='Products']/following-sibling::ul/li)[1]
[INFO] 13-07-2025 12:48:46 [TestNG-test=Save Data Product To Excel Test-1] LogUtils - Get current url: https://cms.anhtester.com/product/laptop-asus-7
[INFO] 13-07-2025 12:48:47 [TestNG-test=Save Data Product To Excel Test-1] LogUtils - formatSlug: laptop asus 7
[INFO] 13-07-2025 12:48:47 [TestNG-test=Save Data Product To Excel Test-1] LogUtils - Product Name: laptop asus
[INFO] 13-07-2025 12:48:47 [TestNG-test=Save Data Product To Excel Test-1] LogUtils - Search Words: [laptop, asus]
[INFO] 13-07-2025 12:48:47 [TestNG-test=Save Data Product To Excel Test-1] LogUtils - Matched Words: [laptop, laptop, asus, asus]
[INFO] 13-07-2025 12:48:47 [TestNG-test=Save Data Product To Excel Test-1] LogUtils - Total Matches: 4
[INFO] 13-07-2025 12:48:47 [TestNG-test=Save Data Product To Excel Test-1] LogUtils - verifyInfoProductPage: Passed - Product is correctly displayed on the page!
[INFO] 13-07-2025 12:48:47 [TestNG-test=Save Data Product To Excel Test-1] LogUtils - checkElementExist: true --- By.xpath: (//div[contains(normalize-space(), 'Price:')]/following-sibling::div/div/strong)[1]
[INFO] 13-07-2025 12:48:47 [TestNG-test=Save Data Product To Excel Test-1] LogUtils - checkElementExist: true --- By.xpath: (//div[contains(normalize-space(), 'Price:')]/following-sibling::div/div/strong)[1]
[INFO] 13-07-2025 12:48:48 [TestNG-test=Save Data Product To Excel Test-1] LogUtils - Get text of element: By.xpath: (//div[contains(normalize-space(), 'Price:')]/following-sibling::div/div/strong)[1] || ==> Text Return: $3,000.00
[INFO] 13-07-2025 12:48:48 [TestNG-test=Save Data Product To Excel Test-1] LogUtils - Get text of element: By.xpath: //div[@id='order_details']/following::div[@class='text-left']/h1 || ==> Text Return: Laptop Asus
[INFO] 13-07-2025 12:48:48 [TestNG-test=Save Data Product To Excel Test-1] LogUtils - Get text of element: By.xpath: //span[@id='available-quantity'] || ==> Text Return: 499
[INFO] 13-07-2025 12:48:48 [TestNG-test=Save Data Product To Excel Test-1] LogUtils - Get text of element: By.xpath: //div[@id='tab_default_1']/descendant::p || ==> Text Return: Laptop asus vừa mạnh vừa đẹp
[INFO] 13-07-2025 12:48:48 [TestNG-test=Save Data Product To Excel Test-1] LogUtils - Get attribute of element By.xpath: (//div[@data-fade='true']/descendant::img)[1]
[INFO] 13-07-2025 12:48:48 [TestNG-test=Save Data Product To Excel Test-1] LogUtils - ==> Attribute value: https://cms.anhtester.com/public/uploads/all/lBlf5f6r8uudgHJomw8hKYSCruMgPwpIAzKpojIH.webp
[INFO] 13-07-2025 12:48:49 [TestNG-test=Save Data Product To Excel Test-1] LogUtils - Data written successfully to Excel!
[INFO] 13-07-2025 12:48:49 [TestNG-test=Save Data Product To Excel Test-1] LogUtils - checkElementExist: true --- By.xpath: (//div[contains(normalize-space(), 'Price:')]/following-sibling::div/div/strong)[1]
[INFO] 13-07-2025 12:48:49 [TestNG-test=Save Data Product To Excel Test-1] LogUtils - checkElementExist: true --- By.xpath: (//div[contains(normalize-space(), 'Price:')]/following-sibling::div/div/strong)[1]
[INFO] 13-07-2025 12:48:50 [TestNG-test=Save Data Product To Excel Test-1] LogUtils - Get text of element: By.xpath: (//div[contains(normalize-space(), 'Price:')]/following-sibling::div/div/strong)[1] || ==> Text Return: $3,000.00
[INFO] 13-07-2025 12:48:50 [TestNG-test=Save Data Product To Excel Test-1] LogUtils - Get text of element: By.xpath: //div[@id='order_details']/following::div[@class='text-left']/h1 || ==> Text Return: Laptop Asus
[INFO] 13-07-2025 12:48:50 [TestNG-test=Save Data Product To Excel Test-1] LogUtils - Get text of element: By.xpath: //span[@id='available-quantity'] || ==> Text Return: 499
[INFO] 13-07-2025 12:48:50 [TestNG-test=Save Data Product To Excel Test-1] LogUtils - Get text of element: By.xpath: //div[@id='tab_default_1']/descendant::p || ==> Text Return: Laptop asus vừa mạnh vừa đẹp
[INFO] 13-07-2025 12:48:50 [TestNG-test=Save Data Product To Excel Test-1] LogUtils - Get attribute of element By.xpath: (//div[@data-fade='true']/descendant::img)[1]
[INFO] 13-07-2025 12:48:50 [TestNG-test=Save Data Product To Excel Test-1] LogUtils - ==> Attribute value: https://cms.anhtester.com/public/uploads/all/lBlf5f6r8uudgHJomw8hKYSCruMgPwpIAzKpojIH.webp
[INFO] 13-07-2025 12:48:50 [TestNG-test=Save Data Product To Excel Test-1] LogUtils - expectedDataProduct: {URL image=https://cms.anhtester.com/public/uploads/all/lBlf5f6r8uudgHJomw8hKYSCruMgPwpIAzKpojIH.webp, Description=Laptop asus vừa mạnh vừa đẹp, Price=$3,000.00, Available Quantity=499, Product Name=Laptop Asus, Time=13/07/2025 12:48, Color =Aqua}
[INFO] 13-07-2025 12:48:50 [TestNG-test=Save Data Product To Excel Test-1] LogUtils - actualData: {URL image=https://cms.anhtester.com/public/uploads/all/lBlf5f6r8uudgHJomw8hKYSCruMgPwpIAzKpojIH.webp, Description=Laptop asus vừa mạnh vừa đẹp, Price=$3,000.00, Available Quantity=499, Product Name=Laptop Asus, Time=13/07/2025 12:48, Color =Aqua}
[INFO] 13-07-2025 12:48:50 [TestNG-test=Save Data Product To Excel Test-1] LogUtils - ✅ Đây là Test case chạy thành công: testSetInfoProduct
[INFO] 13-07-2025 12:48:51 [main] LogUtils - ⭐️ Total test: 1
[INFO] 13-07-2025 12:48:51 [main] LogUtils - ⭐️ Passed: 1
[INFO] 13-07-2025 12:48:51 [main] LogUtils - ⭐️ Failed: 0
[INFO] 13-07-2025 12:48:51 [main] LogUtils - ⭐️ Skipped: 0
[INFO] 13-07-2025 12:48:51 [main] LogUtils - 🟢 Kết thúc toàn bộ suite: Save Data Product To Excel Test
[INFO] 13-07-2025 12:48:54 [main] LogUtils - ✅ Email with attachments sent!
[INFO] 13-07-2025 12:50:26 [main] LogUtils - ⚙\uFE0F Thời gian chạy toàn bộ test:Sun Jul 13 12:50:25 ICT 2025
[INFO] 13-07-2025 12:50:27 [main] LogUtils - ⚙️ Bắt đầu test suite cho class: UserLoginTest
[INFO] 13-07-2025 12:50:28 [TestNG-test=User Login Test-1] LogUtils - Login Data from Excel: [[Ljava.lang.Object;@104d07ee
[INFO] 13-07-2025 12:50:28 [TestNG-test=User Login Test-2] LogUtils - Login Data from Excel: [[Ljava.lang.Object;@4cee9ac7
[INFO] 13-07-2025 12:50:28 [TestNG-test=User Login Test-3] LogUtils - Login Data from Excel: [[Ljava.lang.Object;@45311e42
[INFO] 13-07-2025 12:50:32 [TestNG-test=User Login Test-3] LogUtils - Run with Edge browser
[INFO] 13-07-2025 12:50:32 [TestNG-test=User Login Test-2] LogUtils - Run with Edge browser
[INFO] 13-07-2025 12:50:32 [TestNG-test=User Login Test-1] LogUtils - Run with Edge browser
[INFO] 13-07-2025 12:50:32 [TestNG-test=User Login Test-3] LogUtils - Bắt đầu chạy test: testUserLoginPageFailWithInvalidPassword
[INFO] 13-07-2025 12:50:32 [TestNG-test=User Login Test-2] LogUtils - Bắt đầu chạy test: testUserLoginPageFailWithInvalidEmail
[INFO] 13-07-2025 12:50:32 [TestNG-test=User Login Test-1] LogUtils - Bắt đầu chạy test: testUserLoginPageSuccess
[INFO] 13-07-2025 12:50:35 [TestNG-test=User Login Test-3] LogUtils - 🌐 Open URL: https://cms.anhtester.com/
[INFO] 13-07-2025 12:50:35 [TestNG-test=User Login Test-2] LogUtils - 🌐 Open URL: https://cms.anhtester.com/
[INFO] 13-07-2025 12:50:35 [TestNG-test=User Login Test-3] LogUtils - checkElementExist: true --- By.xpath: //b[normalize-space()='Website Demo']
[INFO] 13-07-2025 12:50:35 [TestNG-test=User Login Test-2] LogUtils - checkElementExist: true --- By.xpath: //b[normalize-space()='Website Demo']
[INFO] 13-07-2025 12:50:35 [TestNG-test=User Login Test-1] LogUtils - 🌐 Open URL: https://cms.anhtester.com/
[INFO] 13-07-2025 12:50:36 [TestNG-test=User Login Test-1] LogUtils - checkElementExist: true --- By.xpath: //b[normalize-space()='Website Demo']
[INFO] 13-07-2025 12:50:36 [TestNG-test=User Login Test-2] LogUtils - Click on element By.xpath: //b[normalize-space()='Website Demo']/following::button[@data-value='removed']
[INFO] 13-07-2025 12:50:36 [TestNG-test=User Login Test-3] LogUtils - Click on element By.xpath: //b[normalize-space()='Website Demo']/following::button[@data-value='removed']
[INFO] 13-07-2025 12:50:36 [TestNG-test=User Login Test-1] LogUtils - Click on element By.xpath: //b[normalize-space()='Website Demo']/following::button[@data-value='removed']
[INFO] 13-07-2025 12:50:37 [TestNG-test=User Login Test-3] LogUtils - Click on element By.xpath: (//a[normalize-space()='Login'])[1]
[INFO] 13-07-2025 12:50:37 [TestNG-test=User Login Test-2] LogUtils - Click on element By.xpath: (//a[normalize-space()='Login'])[1]
[INFO] 13-07-2025 12:50:37 [TestNG-test=User Login Test-1] LogUtils - Click on element By.xpath: (//a[normalize-space()='Login'])[1]
[INFO] 13-07-2025 12:50:37 [TestNG-test=User Login Test-3] LogUtils - checkElementExist: true --- By.xpath: //a[contains(normalize-space(), 'Forgot password')]
[INFO] 13-07-2025 12:50:37 [TestNG-test=User Login Test-2] LogUtils - checkElementExist: true --- By.xpath: //a[contains(normalize-space(), 'Forgot password')]
[INFO] 13-07-2025 12:50:37 [TestNG-test=User Login Test-1] LogUtils - checkElementExist: true --- By.xpath: //a[contains(normalize-space(), 'Forgot password')]
[INFO] 13-07-2025 12:50:38 [TestNG-test=User Login Test-3] LogUtils - Clear text on element By.xpath: //input[@id='email']
[INFO] 13-07-2025 12:50:38 [TestNG-test=User Login Test-2] LogUtils - Clear text on element By.xpath: //input[@id='email']
[INFO] 13-07-2025 12:50:38 [TestNG-test=User Login Test-1] LogUtils - Clear text on element By.xpath: //input[@id='email']
[INFO] 13-07-2025 12:50:38 [TestNG-test=User Login Test-3] LogUtils - Set text [customer@example.com] on element: By.xpath: //input[@id='email']
[INFO] 13-07-2025 12:50:38 [TestNG-test=User Login Test-2] LogUtils - Set text [customer123@example.com] on element: By.xpath: //input[@id='email']
[INFO] 13-07-2025 12:50:38 [TestNG-test=User Login Test-1] LogUtils - Set text [customer@example.com] on element: By.xpath: //input[@id='email']
[INFO] 13-07-2025 12:50:39 [TestNG-test=User Login Test-3] LogUtils - Clear text on element By.xpath: //input[@id='password']
[INFO] 13-07-2025 12:50:39 [TestNG-test=User Login Test-2] LogUtils - Clear text on element By.xpath: //input[@id='password']
[INFO] 13-07-2025 12:50:39 [TestNG-test=User Login Test-1] LogUtils - Clear text on element By.xpath: //input[@id='password']
[INFO] 13-07-2025 12:50:39 [TestNG-test=User Login Test-3] LogUtils - Set text [123] on element: By.xpath: //input[@id='password']
[INFO] 13-07-2025 12:50:39 [TestNG-test=User Login Test-2] LogUtils - Set text [123456] on element: By.xpath: //input[@id='password']
[INFO] 13-07-2025 12:50:39 [TestNG-test=User Login Test-1] LogUtils - Set text [123456] on element: By.xpath: //input[@id='password']
[INFO] 13-07-2025 12:50:39 [TestNG-test=User Login Test-3] LogUtils - Click on element By.xpath: //button[normalize-space()='Login']
[INFO] 13-07-2025 12:50:39 [TestNG-test=User Login Test-2] LogUtils - Click on element By.xpath: //button[normalize-space()='Login']
[INFO] 13-07-2025 12:50:40 [TestNG-test=User Login Test-1] LogUtils - Click on element By.xpath: //button[normalize-space()='Login']
[INFO] 13-07-2025 12:50:41 [TestNG-test=User Login Test-3] LogUtils - Get text of element: By.xpath: //span[contains(normalize-space(), 'Invalid login')] || ==> Text Return: Invalid login credentials
[INFO] 13-07-2025 12:50:41 [TestNG-test=User Login Test-3] LogUtils - Verify login fail success !
[INFO] 13-07-2025 12:50:41 [TestNG-test=User Login Test-3] LogUtils - ✅ Đây là Test case chạy thành công: testUserLoginPageFailWithInvalidPassword
[INFO] 13-07-2025 12:50:41 [TestNG-test=User Login Test-2] LogUtils - Get text of element: By.xpath: //span[contains(normalize-space(), 'Invalid login')] || ==> Text Return: Invalid login credentials
[INFO] 13-07-2025 12:50:41 [TestNG-test=User Login Test-2] LogUtils - Verify login fail success !
[INFO] 13-07-2025 12:50:41 [TestNG-test=User Login Test-2] LogUtils - ✅ Đây là Test case chạy thành công: testUserLoginPageFailWithInvalidEmail
[INFO] 13-07-2025 12:50:42 [TestNG-test=User Login Test-1] LogUtils - checkElementExist: true --- By.xpath: (//span[normalize-space()='Dashboard'])[1]
[INFO] 13-07-2025 12:50:43 [TestNG-test=User Login Test-1] LogUtils - Verify login success !
[INFO] 13-07-2025 12:50:43 [TestNG-test=User Login Test-1] LogUtils - ✅ Đây là Test case chạy thành công: testUserLoginPageSuccess
[INFO] 13-07-2025 12:50:43 [main] LogUtils - ⭐️ Total test: 3
[INFO] 13-07-2025 12:50:43 [main] LogUtils - ⭐️ Passed: 3
[INFO] 13-07-2025 12:50:43 [main] LogUtils - ⭐️ Failed: 0
[INFO] 13-07-2025 12:50:43 [main] LogUtils - ⭐️ Skipped: 0
[INFO] 13-07-2025 12:50:43 [main] LogUtils - 🟢 Kết thúc toàn bộ suite: User Login Test
[INFO] 13-07-2025 12:50:47 [main] LogUtils - ✅ Email with attachments sent!
[INFO] 13-07-2025 12:50:47 [main] LogUtils - ⚙\uFE0F Thời gian chạy toàn bộ test:Sun Jul 13 12:50:47 ICT 2025
[INFO] 13-07-2025 12:50:47 [main] LogUtils - ⚙️ Bắt đầu test suite cho class: UserUpdateProfileTest
[INFO] 13-07-2025 12:50:49 [main] LogUtils - Run with Edge browser
[INFO] 13-07-2025 12:50:49 [main] LogUtils - Bắt đầu chạy test: testUpdateUserWithAddNewName
[INFO] 13-07-2025 12:50:51 [main] LogUtils - 🌐 Open URL: https://cms.anhtester.com/
[INFO] 13-07-2025 12:50:51 [main] LogUtils - checkElementExist: true --- By.xpath: //b[normalize-space()='Website Demo']
[INFO] 13-07-2025 12:50:51 [main] LogUtils - Click on element By.xpath: //b[normalize-space()='Website Demo']/following::button[@data-value='removed']
[INFO] 13-07-2025 12:50:52 [main] LogUtils - Click on element By.xpath: (//a[normalize-space()='Login'])[1]
[INFO] 13-07-2025 12:50:52 [main] LogUtils - checkElementExist: true --- By.xpath: //a[contains(normalize-space(), 'Forgot password')]
[INFO] 13-07-2025 12:50:53 [main] LogUtils - Clear text on element By.xpath: //input[@id='email']
[INFO] 13-07-2025 12:50:53 [main] LogUtils - Set text [customer@example.com] on element: By.xpath: //input[@id='email']
[INFO] 13-07-2025 12:50:53 [main] LogUtils - Clear text on element By.xpath: //input[@id='password']
[INFO] 13-07-2025 12:50:54 [main] LogUtils - Set text [123456] on element: By.xpath: //input[@id='password']
[INFO] 13-07-2025 12:50:55 [main] LogUtils - Click on element By.xpath: //button[normalize-space()='Login']
[INFO] 13-07-2025 12:50:55 [main] LogUtils - checkElementExist: true --- By.xpath: (//span[normalize-space()='Dashboard'])[1]
[INFO] 13-07-2025 12:50:55 [main] LogUtils - Verify login success !
[INFO] 13-07-2025 12:50:56 [main] LogUtils - checkElementExist: true --- By.xpath: (//span[normalize-space()='Manage Profile'])[1]
[INFO] 13-07-2025 12:50:57 [main] LogUtils - Click on element By.xpath: (//span[normalize-space()='Manage Profile'])[1]
[INFO] 13-07-2025 12:50:57 [main] LogUtils - Get current url: https://cms.anhtester.com/profile
[INFO] 13-07-2025 12:50:57 [main] LogUtils - checkElementExist: true --- By.xpath: //button[normalize-space()='Update Profile']
[INFO] 13-07-2025 12:50:57 [main] LogUtils - checkElementExist: true --- By.xpath: //input[@placeholder='Your name' and @name='name']
[INFO] 13-07-2025 12:50:58 [main] LogUtils - Get attribute of element By.xpath: //input[@placeholder='Your name' and @name='name']
[INFO] 13-07-2025 12:50:58 [main] LogUtils - ==> Attribute value: User Test
[INFO] 13-07-2025 12:50:58 [main] LogUtils - Clear text on element By.xpath: //input[@placeholder='Your name' and @name='name']
[INFO] 13-07-2025 12:50:58 [main] LogUtils - Set text [User Test Hoàng] on element: By.xpath: //input[@placeholder='Your name' and @name='name']
[INFO] 13-07-2025 12:50:58 [main] LogUtils - checkElementExist: true --- By.xpath: //button[normalize-space()='Update Profile']
[INFO] 13-07-2025 12:51:00 [main] LogUtils - Click on element By.xpath: //button[normalize-space()='Update Profile']
[INFO] 13-07-2025 12:51:01 [main] LogUtils - checkElementExist: true --- By.xpath: //input[@placeholder='Your name' and @name='name']
[INFO] 13-07-2025 12:51:01 [main] LogUtils - Get attribute of element By.xpath: //input[@placeholder='Your name' and @name='name']
[INFO] 13-07-2025 12:51:01 [main] LogUtils - ==> Attribute value: User Test Hoàng
[INFO] 13-07-2025 12:51:01 [main] LogUtils - checkElementExist: true --- By.xpath: //span[contains(normalize-space(), 'updated successfully')]
[INFO] 13-07-2025 12:51:01 [main] LogUtils - verifyUpdateUserProfileSuccess: profile updated successfully!
[INFO] 13-07-2025 12:51:01 [main] LogUtils - checkElementExist: true --- By.xpath: //span[contains(normalize-space(), 'updated successfully')]
[INFO] 13-07-2025 12:51:01 [main] LogUtils - verifyUpdateUserProfileSuccess: profile updated successfully!
[INFO] 13-07-2025 12:51:01 [main] LogUtils - ✅ Đây là Test case chạy thành công: testUpdateUserWithAddNewName
[INFO] 13-07-2025 12:51:03 [main] LogUtils - Run with Edge browser
[INFO] 13-07-2025 12:51:03 [main] LogUtils - Bắt đầu chạy test: testUpdateUserWithChangeValue
[INFO] 13-07-2025 12:51:05 [main] LogUtils - 🌐 Open URL: https://cms.anhtester.com/
[INFO] 13-07-2025 12:51:06 [main] LogUtils - checkElementExist: true --- By.xpath: //b[normalize-space()='Website Demo']
[INFO] 13-07-2025 12:51:06 [main] LogUtils - Click on element By.xpath: //b[normalize-space()='Website Demo']/following::button[@data-value='removed']
[INFO] 13-07-2025 12:51:07 [main] LogUtils - Click on element By.xpath: (//a[normalize-space()='Login'])[1]
[INFO] 13-07-2025 12:51:07 [main] LogUtils - checkElementExist: true --- By.xpath: //a[contains(normalize-space(), 'Forgot password')]
[INFO] 13-07-2025 12:51:07 [main] LogUtils - Clear text on element By.xpath: //input[@id='email']
[INFO] 13-07-2025 12:51:08 [main] LogUtils - Set text [customer@example.com] on element: By.xpath: //input[@id='email']
[INFO] 13-07-2025 12:51:08 [main] LogUtils - Clear text on element By.xpath: //input[@id='password']
[INFO] 13-07-2025 12:51:08 [main] LogUtils - Set text [123456] on element: By.xpath: //input[@id='password']
[INFO] 13-07-2025 12:51:12 [main] LogUtils - Click on element By.xpath: //button[normalize-space()='Login']
[INFO] 13-07-2025 12:51:12 [main] LogUtils - checkElementExist: true --- By.xpath: (//span[normalize-space()='Dashboard'])[1]
[INFO] 13-07-2025 12:51:12 [main] LogUtils - Verify login success !
[INFO] 13-07-2025 12:51:13 [main] LogUtils - checkElementExist: true --- By.xpath: (//span[normalize-space()='Manage Profile'])[1]
[INFO] 13-07-2025 12:51:14 [main] LogUtils - Click on element By.xpath: (//span[normalize-space()='Manage Profile'])[1]
[INFO] 13-07-2025 12:51:14 [main] LogUtils - Get current url: https://cms.anhtester.com/profile
[INFO] 13-07-2025 12:51:14 [main] LogUtils - checkElementExist: true --- By.xpath: //button[normalize-space()='Update Profile']
[INFO] 13-07-2025 12:51:14 [main] LogUtils - checkElementExist: true --- By.xpath: //input[@placeholder='Your name' and @name='name']
[INFO] 13-07-2025 12:51:14 [main] LogUtils - Get attribute of element By.xpath: //input[@placeholder='Your name' and @name='name']
[INFO] 13-07-2025 12:51:14 [main] LogUtils - ==> Attribute value: User Test Hoàng
[INFO] 13-07-2025 12:51:15 [main] LogUtils - Clear text on element By.xpath: //input[@placeholder='Your name' and @name='name']
[INFO] 13-07-2025 12:51:15 [main] LogUtils - Set text [User Test Tài] on element: By.xpath: //input[@placeholder='Your name' and @name='name']
[INFO] 13-07-2025 12:51:15 [main] LogUtils - checkElementExist: true --- By.xpath: //button[normalize-space()='Update Profile']
[INFO] 13-07-2025 12:51:16 [main] LogUtils - Click on element By.xpath: //button[normalize-space()='Update Profile']
[INFO] 13-07-2025 12:51:17 [main] LogUtils - checkElementExist: true --- By.xpath: //input[@placeholder='Your name' and @name='name']
[INFO] 13-07-2025 12:51:17 [main] LogUtils - Get attribute of element By.xpath: //input[@placeholder='Your name' and @name='name']
[INFO] 13-07-2025 12:51:17 [main] LogUtils - ==> Attribute value: User Test Tài
[INFO] 13-07-2025 12:51:17 [main] LogUtils - checkElementExist: true --- By.xpath: //span[contains(normalize-space(), 'updated successfully')]
[INFO] 13-07-2025 12:51:18 [main] LogUtils - verifyUpdateUserProfileSuccess: profile updated successfully!
[INFO] 13-07-2025 12:51:18 [main] LogUtils - checkElementExist: true --- By.xpath: //span[contains(normalize-space(), 'updated successfully')]
[INFO] 13-07-2025 12:51:18 [main] LogUtils - verifyUpdateUserProfileSuccess: profile updated successfully!
[INFO] 13-07-2025 12:51:18 [main] LogUtils - ✅ Đây là Test case chạy thành công: testUpdateUserWithChangeValue
[INFO] 13-07-2025 12:51:20 [main] LogUtils - Run with Edge browser
[INFO] 13-07-2025 12:51:20 [main] LogUtils - Bắt đầu chạy test: testUpdateUserWithDeletePart
[INFO] 13-07-2025 12:51:22 [main] LogUtils - 🌐 Open URL: https://cms.anhtester.com/
[INFO] 13-07-2025 12:51:22 [main] LogUtils - checkElementExist: true --- By.xpath: //b[normalize-space()='Website Demo']
[INFO] 13-07-2025 12:51:22 [main] LogUtils - Click on element By.xpath: //b[normalize-space()='Website Demo']/following::button[@data-value='removed']
[INFO] 13-07-2025 12:51:23 [main] LogUtils - Click on element By.xpath: (//a[normalize-space()='Login'])[1]
[INFO] 13-07-2025 12:51:23 [main] LogUtils - checkElementExist: true --- By.xpath: //a[contains(normalize-space(), 'Forgot password')]
[INFO] 13-07-2025 12:51:24 [main] LogUtils - Clear text on element By.xpath: //input[@id='email']
[INFO] 13-07-2025 12:51:24 [main] LogUtils - Set text [customer@example.com] on element: By.xpath: //input[@id='email']
[INFO] 13-07-2025 12:51:24 [main] LogUtils - Clear text on element By.xpath: //input[@id='password']
[INFO] 13-07-2025 12:51:25 [main] LogUtils - Set text [123456] on element: By.xpath: //input[@id='password']
[INFO] 13-07-2025 12:51:26 [main] LogUtils - Click on element By.xpath: //button[normalize-space()='Login']
[INFO] 13-07-2025 12:51:26 [main] LogUtils - checkElementExist: true --- By.xpath: (//span[normalize-space()='Dashboard'])[1]
[INFO] 13-07-2025 12:51:26 [main] LogUtils - Verify login success !
[INFO] 13-07-2025 12:51:27 [main] LogUtils - checkElementExist: true --- By.xpath: (//span[normalize-space()='Manage Profile'])[1]
[INFO] 13-07-2025 12:51:28 [main] LogUtils - Click on element By.xpath: (//span[normalize-space()='Manage Profile'])[1]
[INFO] 13-07-2025 12:51:28 [main] LogUtils - Get current url: https://cms.anhtester.com/profile
[INFO] 13-07-2025 12:51:28 [main] LogUtils - checkElementExist: true --- By.xpath: //button[normalize-space()='Update Profile']
[INFO] 13-07-2025 12:51:28 [main] LogUtils - checkElementExist: true --- By.xpath: //input[@placeholder='Your name' and @name='name']
[INFO] 13-07-2025 12:51:28 [main] LogUtils - Get attribute of element By.xpath: //input[@placeholder='Your name' and @name='name']
[INFO] 13-07-2025 12:51:29 [main] LogUtils - ==> Attribute value: User Test Tài
[INFO] 13-07-2025 12:51:29 [main] LogUtils - Clear text on element By.xpath: //input[@placeholder='Your name' and @name='name']
[INFO] 13-07-2025 12:51:29 [main] LogUtils - Set text [User Test] on element: By.xpath: //input[@placeholder='Your name' and @name='name']
[INFO] 13-07-2025 12:51:29 [main] LogUtils - checkElementExist: true --- By.xpath: //button[normalize-space()='Update Profile']
[INFO] 13-07-2025 12:51:31 [main] LogUtils - Click on element By.xpath: //button[normalize-space()='Update Profile']
[INFO] 13-07-2025 12:51:32 [main] LogUtils - checkElementExist: true --- By.xpath: //input[@placeholder='Your name' and @name='name']
[INFO] 13-07-2025 12:51:32 [main] LogUtils - checkElementExist: true --- By.xpath: //span[contains(normalize-space(), 'updated successfully')]
[INFO] 13-07-2025 12:51:32 [main] LogUtils - verifyUpdateUserProfileSuccess: profile updated successfully!
[INFO] 13-07-2025 12:51:32 [main] LogUtils - ✅ Đây là Test case chạy thành công: testUpdateUserWithDeletePart
[INFO] 13-07-2025 12:51:33 [main] LogUtils - ⭐️ Total test: 6
[INFO] 13-07-2025 12:51:33 [main] LogUtils - ⭐️ Passed: 6
[INFO] 13-07-2025 12:51:33 [main] LogUtils - ⭐️ Failed: 0
[INFO] 13-07-2025 12:51:33 [main] LogUtils - ⭐️ Skipped: 0
[INFO] 13-07-2025 12:51:33 [main] LogUtils - 🟢 Kết thúc toàn bộ suite: Update User Profile Test
[INFO] 13-07-2025 12:51:36 [main] LogUtils - ✅ Email with attachments sent!
[INFO] 13-07-2025 12:51:36 [main] LogUtils - ⚙\uFE0F Thời gian chạy toàn bộ test:Sun Jul 13 12:51:36 ICT 2025
[INFO] 13-07-2025 12:51:36 [main] LogUtils - ⚙️ Bắt đầu test suite cho class: UserSetInfoProductToExcelTest
[INFO] 13-07-2025 12:51:38 [TestNG-test=Save Data Product To Excel Test-1] LogUtils - Run with Edge browser
[INFO] 13-07-2025 12:51:38 [TestNG-test=Save Data Product To Excel Test-1] LogUtils - Bắt đầu chạy test: testSetInfoProduct
[INFO] 13-07-2025 12:51:40 [TestNG-test=Save Data Product To Excel Test-1] LogUtils - 🌐 Open URL: https://cms.anhtester.com/
[INFO] 13-07-2025 12:51:40 [TestNG-test=Save Data Product To Excel Test-1] LogUtils - checkElementExist: true --- By.xpath: //b[normalize-space()='Website Demo']
[INFO] 13-07-2025 12:51:40 [TestNG-test=Save Data Product To Excel Test-1] LogUtils - Click on element By.xpath: //b[normalize-space()='Website Demo']/following::button[@data-value='removed']
[INFO] 13-07-2025 12:51:41 [TestNG-test=Save Data Product To Excel Test-1] LogUtils - Click on element By.xpath: (//a[normalize-space()='Login'])[1]
[INFO] 13-07-2025 12:51:41 [TestNG-test=Save Data Product To Excel Test-1] LogUtils - checkElementExist: true --- By.xpath: //a[contains(normalize-space(), 'Forgot password')]
[INFO] 13-07-2025 12:51:41 [TestNG-test=Save Data Product To Excel Test-1] LogUtils - Clear text on element By.xpath: //input[@id='email']
[INFO] 13-07-2025 12:51:42 [TestNG-test=Save Data Product To Excel Test-1] LogUtils - Set text [customer@example.com] on element: By.xpath: //input[@id='email']
[INFO] 13-07-2025 12:51:42 [TestNG-test=Save Data Product To Excel Test-1] LogUtils - Clear text on element By.xpath: //input[@id='password']
[INFO] 13-07-2025 12:51:42 [TestNG-test=Save Data Product To Excel Test-1] LogUtils - Set text [123456] on element: By.xpath: //input[@id='password']
[INFO] 13-07-2025 12:51:44 [TestNG-test=Save Data Product To Excel Test-1] LogUtils - Click on element By.xpath: //button[normalize-space()='Login']
[INFO] 13-07-2025 12:51:44 [TestNG-test=Save Data Product To Excel Test-1] LogUtils - checkElementExist: true --- By.xpath: (//span[normalize-space()='Dashboard'])[1]
[INFO] 13-07-2025 12:51:44 [TestNG-test=Save Data Product To Excel Test-1] LogUtils - Verify login success !
[INFO] 13-07-2025 12:51:44 [TestNG-test=Save Data Product To Excel Test-1] LogUtils - Clear text on element By.xpath: //input[@id='search' and @name='keyword']
[INFO] 13-07-2025 12:51:44 [TestNG-test=Save Data Product To Excel Test-1] LogUtils - Set text [Laptop asus] on element: By.xpath: //input[@id='search' and @name='keyword']
[INFO] 13-07-2025 12:51:48 [TestNG-test=Save Data Product To Excel Test-1] LogUtils - Click on element By.xpath: (//div[normalize-space()='Products']/following-sibling::ul/li)[1]
[INFO] 13-07-2025 12:51:48 [TestNG-test=Save Data Product To Excel Test-1] LogUtils - Get current url: https://cms.anhtester.com/product/laptop-asus-7
[INFO] 13-07-2025 12:51:49 [TestNG-test=Save Data Product To Excel Test-1] LogUtils - formatSlug: laptop asus 7
[INFO] 13-07-2025 12:51:49 [TestNG-test=Save Data Product To Excel Test-1] LogUtils - Product Name: laptop asus
[INFO] 13-07-2025 12:51:49 [TestNG-test=Save Data Product To Excel Test-1] LogUtils - Search Words: [laptop, asus]
[INFO] 13-07-2025 12:51:49 [TestNG-test=Save Data Product To Excel Test-1] LogUtils - Matched Words: [laptop, laptop, asus, asus]
[INFO] 13-07-2025 12:51:49 [TestNG-test=Save Data Product To Excel Test-1] LogUtils - Total Matches: 4
[INFO] 13-07-2025 12:51:49 [TestNG-test=Save Data Product To Excel Test-1] LogUtils - verifyInfoProductPage: Passed - Product is correctly displayed on the page!
[INFO] 13-07-2025 12:51:49 [TestNG-test=Save Data Product To Excel Test-1] LogUtils - checkElementExist: true --- By.xpath: (//div[contains(normalize-space(), 'Price:')]/following-sibling::div/div/strong)[1]
[INFO] 13-07-2025 12:51:49 [TestNG-test=Save Data Product To Excel Test-1] LogUtils - checkElementExist: true --- By.xpath: (//div[contains(normalize-space(), 'Price:')]/following-sibling::div/div/strong)[1]
[INFO] 13-07-2025 12:51:49 [TestNG-test=Save Data Product To Excel Test-1] LogUtils - Get text of element: By.xpath: (//div[contains(normalize-space(), 'Price:')]/following-sibling::div/div/strong)[1] || ==> Text Return: $3,000.00
[INFO] 13-07-2025 12:51:49 [TestNG-test=Save Data Product To Excel Test-1] LogUtils - Get text of element: By.xpath: //div[@id='order_details']/following::div[@class='text-left']/h1 || ==> Text Return: Laptop Asus
[INFO] 13-07-2025 12:51:49 [TestNG-test=Save Data Product To Excel Test-1] LogUtils - Get text of element: By.xpath: //span[@id='available-quantity'] || ==> Text Return: 499
[INFO] 13-07-2025 12:51:49 [TestNG-test=Save Data Product To Excel Test-1] LogUtils - Get text of element: By.xpath: //div[@id='tab_default_1']/descendant::p || ==> Text Return: Laptop asus vừa mạnh vừa đẹp
[INFO] 13-07-2025 12:51:49 [TestNG-test=Save Data Product To Excel Test-1] LogUtils - Get attribute of element By.xpath: (//div[@data-fade='true']/descendant::img)[1]
[INFO] 13-07-2025 12:51:49 [TestNG-test=Save Data Product To Excel Test-1] LogUtils - ==> Attribute value: https://cms.anhtester.com/public/uploads/all/lBlf5f6r8uudgHJomw8hKYSCruMgPwpIAzKpojIH.webp
[INFO] 13-07-2025 12:51:49 [TestNG-test=Save Data Product To Excel Test-1] LogUtils - Data written successfully to Excel!
[INFO] 13-07-2025 12:51:50 [TestNG-test=Save Data Product To Excel Test-1] LogUtils - checkElementExist: true --- By.xpath: (//div[contains(normalize-space(), 'Price:')]/following-sibling::div/div/strong)[1]
[INFO] 13-07-2025 12:51:50 [TestNG-test=Save Data Product To Excel Test-1] LogUtils - checkElementExist: true --- By.xpath: (//div[contains(normalize-space(), 'Price:')]/following-sibling::div/div/strong)[1]
[INFO] 13-07-2025 12:51:50 [TestNG-test=Save Data Product To Excel Test-1] LogUtils - Get text of element: By.xpath: (//div[contains(normalize-space(), 'Price:')]/following-sibling::div/div/strong)[1] || ==> Text Return: $3,000.00
[INFO] 13-07-2025 12:51:50 [TestNG-test=Save Data Product To Excel Test-1] LogUtils - Get text of element: By.xpath: //div[@id='order_details']/following::div[@class='text-left']/h1 || ==> Text Return: Laptop Asus
[INFO] 13-07-2025 12:51:50 [TestNG-test=Save Data Product To Excel Test-1] LogUtils - Get text of element: By.xpath: //span[@id='available-quantity'] || ==> Text Return: 499
[INFO] 13-07-2025 12:51:50 [TestNG-test=Save Data Product To Excel Test-1] LogUtils - Get text of element: By.xpath: //div[@id='tab_default_1']/descendant::p || ==> Text Return: Laptop asus vừa mạnh vừa đẹp
[INFO] 13-07-2025 12:51:50 [TestNG-test=Save Data Product To Excel Test-1] LogUtils - Get attribute of element By.xpath: (//div[@data-fade='true']/descendant::img)[1]
[INFO] 13-07-2025 12:51:50 [TestNG-test=Save Data Product To Excel Test-1] LogUtils - ==> Attribute value: https://cms.anhtester.com/public/uploads/all/lBlf5f6r8uudgHJomw8hKYSCruMgPwpIAzKpojIH.webp
[INFO] 13-07-2025 12:51:50 [TestNG-test=Save Data Product To Excel Test-1] LogUtils - expectedDataProduct: {URL image=https://cms.anhtester.com/public/uploads/all/lBlf5f6r8uudgHJomw8hKYSCruMgPwpIAzKpojIH.webp, Description=Laptop asus vừa mạnh vừa đẹp, Price=$3,000.00, Available Quantity=499, Product Name=Laptop Asus, Time=13/07/2025 12:51, Color =Aqua}
[INFO] 13-07-2025 12:51:50 [TestNG-test=Save Data Product To Excel Test-1] LogUtils - actualData: {URL image=https://cms.anhtester.com/public/uploads/all/lBlf5f6r8uudgHJomw8hKYSCruMgPwpIAzKpojIH.webp, Description=Laptop asus vừa mạnh vừa đẹp, Price=$3,000.00, Available Quantity=499, Product Name=Laptop Asus, Time=13/07/2025 12:51, Color =Aqua}
[INFO] 13-07-2025 12:51:50 [TestNG-test=Save Data Product To Excel Test-1] LogUtils - ✅ Đây là Test case chạy thành công: testSetInfoProduct
[INFO] 13-07-2025 12:51:51 [main] LogUtils - ⭐️ Total test: 7
[INFO] 13-07-2025 12:51:51 [main] LogUtils - ⭐️ Passed: 7
[INFO] 13-07-2025 12:51:51 [main] LogUtils - ⭐️ Failed: 0
[INFO] 13-07-2025 12:51:51 [main] LogUtils - ⭐️ Skipped: 0
[INFO] 13-07-2025 12:51:51 [main] LogUtils - 🟢 Kết thúc toàn bộ suite: Save Data Product To Excel Test
[INFO] 13-07-2025 12:51:54 [main] LogUtils - ✅ Email with attachments sent!
[INFO] 13-07-2025 12:51:54 [main] LogUtils - ⚙\uFE0F Thời gian chạy toàn bộ test:Sun Jul 13 12:51:54 ICT 2025
[INFO] 13-07-2025 12:51:54 [main] LogUtils - ⚙️ Bắt đầu test suite cho class: UserAddCartTest
[INFO] 13-07-2025 12:51:54 [TestNG-test=User Add Product Test-1] LogUtils - Run with Edge browser (default)
[INFO] 13-07-2025 12:51:55 [TestNG-test=User Add Product Test-1] LogUtils - Bắt đầu chạy test: testAddCart
[INFO] 13-07-2025 12:51:57 [TestNG-test=User Add Product Test-1] LogUtils - 🌐 Open URL: https://cms.anhtester.com/
[INFO] 13-07-2025 12:51:57 [TestNG-test=User Add Product Test-1] LogUtils - checkElementExist: true --- By.xpath: //b[normalize-space()='Website Demo']
[INFO] 13-07-2025 12:51:58 [TestNG-test=User Add Product Test-1] LogUtils - Click on element By.xpath: //b[normalize-space()='Website Demo']/following::button[@data-value='removed']
[INFO] 13-07-2025 12:51:59 [TestNG-test=User Add Product Test-1] LogUtils - Click on element By.xpath: (//a[normalize-space()='Login'])[1]
[INFO] 13-07-2025 12:51:59 [TestNG-test=User Add Product Test-1] LogUtils - checkElementExist: true --- By.xpath: //a[contains(normalize-space(), 'Forgot password')]
[INFO] 13-07-2025 12:51:59 [TestNG-test=User Add Product Test-1] LogUtils - Clear text on element By.xpath: //input[@id='email']
[INFO] 13-07-2025 12:51:59 [TestNG-test=User Add Product Test-1] LogUtils - Set text [customer@example.com] on element: By.xpath: //input[@id='email']
[INFO] 13-07-2025 12:52:00 [TestNG-test=User Add Product Test-1] LogUtils - Clear text on element By.xpath: //input[@id='password']
[INFO] 13-07-2025 12:52:00 [TestNG-test=User Add Product Test-1] LogUtils - Set text [123456] on element: By.xpath: //input[@id='password']
[INFO] 13-07-2025 12:52:03 [TestNG-test=User Add Product Test-1] LogUtils - Click on element By.xpath: //button[normalize-space()='Login']
[INFO] 13-07-2025 12:52:03 [TestNG-test=User Add Product Test-1] LogUtils - Clear text on element By.xpath: //input[@id='search' and @name='keyword']
[INFO] 13-07-2025 12:52:03 [TestNG-test=User Add Product Test-1] LogUtils - Set text [laptop asus] on element: By.xpath: //input[@id='search' and @name='keyword']
[INFO] 13-07-2025 12:52:05 [TestNG-test=User Add Product Test-1] LogUtils - Click on element By.xpath: //input[@id='search' and @name='keyword']/following-sibling::div/button[@type='submit']
[INFO] 13-07-2025 12:52:06 [TestNG-test=User Add Product Test-1] LogUtils - Get current url: https://cms.anhtester.com/search?keyword=laptop+asus
[INFO] 13-07-2025 12:52:06 [TestNG-test=User Add Product Test-1] LogUtils - verifyUserProductListPage: Passed - This Is Product List Page
[INFO] 13-07-2025 12:52:07 [TestNG-test=User Add Product Test-1] LogUtils - Get text of element: By.xpath: //div[@id='cart_items']//span[contains(@class, 'badge') and contains(@class, 'cart-count')] || ==> Text Return: 0
[INFO] 13-07-2025 12:52:08 [TestNG-test=User Add Product Test-1] LogUtils - Click on element By.xpath: ((//form[@id='search-form']/descendant::div[@class='col'])[1]/descendant::a[@data-title='Add to cart'])[1]
[INFO] 13-07-2025 12:52:08 [TestNG-test=User Add Product Test-1] LogUtils - Get text of element: By.xpath: (//form[@id='search-form']/descendant::div[@class='col'])[1]/descendant::div[contains(@class, 'rating')]/following-sibling::h3/a || ==> Text Return: Laptop Asus
[INFO] 13-07-2025 12:52:08 [TestNG-test=User Add Product Test-1] LogUtils - Get text of element: By.xpath: (//form[@id='search-form']/descendant::div[@class='col'])[2]/descendant::div[contains(@class, 'rating')]/following-sibling::h3/a || ==> Text Return: Laptop Asus
[INFO] 13-07-2025 12:52:08 [TestNG-test=User Add Product Test-1] LogUtils - Get text of element: By.xpath: //div[@id='addToCart-modal-body']//h2 || ==> Text Return: Laptop Asus
[INFO] 13-07-2025 12:52:08 [TestNG-test=User Add Product Test-1] LogUtils - ✅ verifyPopupAddCart: verify success !
[INFO] 13-07-2025 12:52:08 [TestNG-test=User Add Product Test-1] LogUtils - Get text of element: By.xpath: (//div[@id='addToCart-modal-body']//strong)[1] || ==> Text Return: $3,000.00
[INFO] 13-07-2025 12:52:08 [TestNG-test=User Add Product Test-1] LogUtils - 🔍 Raw price (popup): $3,000.00
[INFO] 13-07-2025 12:52:08 [TestNG-test=User Add Product Test-1] LogUtils - 💡 Formatted price range: 3000.00
[INFO] 13-07-2025 12:52:08 [TestNG-test=User Add Product Test-1] LogUtils - 📌 prices[0]: 3000.00
[INFO] 13-07-2025 12:52:08 [TestNG-test=User Add Product Test-1] LogUtils - 💲 Chỉ có một mức giá: 3000.0
[INFO] 13-07-2025 12:52:08 [TestNG-test=User Add Product Test-1] LogUtils - Get attribute of element By.xpath: //input[@name='quantity']
[INFO] 13-07-2025 12:52:08 [TestNG-test=User Add Product Test-1] LogUtils - ==> Attribute value: 1
[INFO] 13-07-2025 12:52:08 [TestNG-test=User Add Product Test-1] LogUtils - Get text of element: By.xpath: //div[@id='addToCart-modal-body']//h2 || ==> Text Return: Laptop Asus
[INFO] 13-07-2025 12:52:08 [TestNG-test=User Add Product Test-1] LogUtils - Click on element By.xpath: //span[normalize-space()='Add to cart']
[INFO] 13-07-2025 12:52:08 [TestNG-test=User Add Product Test-1] LogUtils - Click button add cart in popup add cart
[INFO] 13-07-2025 12:52:09 [TestNG-test=User Add Product Test-1] LogUtils - checkElementExist: true --- By.xpath: //h3[normalize-space()='Item added to your cart!']
[INFO] 13-07-2025 12:52:09 [TestNG-test=User Add Product Test-1] LogUtils - checkElementExist: true --- By.xpath: //span[normalize-space()='Frequently Bought Together']
[INFO] 13-07-2025 12:52:09 [TestNG-test=User Add Product Test-1] LogUtils - checkElementExist: true --- By.xpath: //h3[normalize-space()='Item added to your cart!']
[INFO] 13-07-2025 12:52:09 [TestNG-test=User Add Product Test-1] LogUtils - checkElementExist: true --- By.xpath: //span[normalize-space()='Frequently Bought Together']
[INFO] 13-07-2025 12:52:09 [TestNG-test=User Add Product Test-1] LogUtils - Get text of element: By.xpath: //div[@id='cart_items']//span[contains(@class, 'badge') and contains(@class, 'cart-count')] || ==> Text Return: 1
[INFO] 13-07-2025 12:52:09 [TestNG-test=User Add Product Test-1] LogUtils - verifyPopupAddCartSuccess countProductCart: 1
[INFO] 13-07-2025 12:52:09 [TestNG-test=User Add Product Test-1] LogUtils - verifyPopupAddCartSuccess getCartCount: 1
[INFO] 13-07-2025 12:52:09 [TestNG-test=User Add Product Test-1] LogUtils - verifyPopupAddCartSuccess: popup add cart success!
[INFO] 13-07-2025 12:52:10 [TestNG-test=User Add Product Test-1] LogUtils - Click on element By.xpath: //div[@id='addToCart']/descendant::button[contains(@class, 'close') and @aria-label='Close']
[INFO] 13-07-2025 12:52:10 [TestNG-test=User Add Product Test-1] LogUtils - Click button close popup add cart
[INFO] 13-07-2025 12:52:12 [TestNG-test=User Add Product Test-1] LogUtils - Click on element By.xpath: ((//form[@id='search-form']/descendant::div[@class='col'])[2]/descendant::a[@data-title='Add to cart'])[1]
[INFO] 13-07-2025 12:52:12 [TestNG-test=User Add Product Test-1] LogUtils - Get text of element: By.xpath: (//form[@id='search-form']/descendant::div[@class='col'])[1]/descendant::div[contains(@class, 'rating')]/following-sibling::h3/a || ==> Text Return: Laptop Asus
[INFO] 13-07-2025 12:52:12 [TestNG-test=User Add Product Test-1] LogUtils - Get text of element: By.xpath: (//form[@id='search-form']/descendant::div[@class='col'])[2]/descendant::div[contains(@class, 'rating')]/following-sibling::h3/a || ==> Text Return: Laptop Asus
[INFO] 13-07-2025 12:52:13 [TestNG-test=User Add Product Test-1] LogUtils - Get text of element: By.xpath: //div[@id='addToCart-modal-body']//h2 || ==> Text Return: Laptop Asus
[INFO] 13-07-2025 12:52:13 [TestNG-test=User Add Product Test-1] LogUtils - ✅ verifyPopupAddCart: verify success !
[INFO] 13-07-2025 12:52:13 [TestNG-test=User Add Product Test-1] LogUtils - Get text of element: By.xpath: (//div[@id='addToCart-modal-body']//strong)[1] || ==> Text Return: $3,000.00
[INFO] 13-07-2025 12:52:13 [TestNG-test=User Add Product Test-1] LogUtils - 🔍 Raw price (popup): $3,000.00
[INFO] 13-07-2025 12:52:13 [TestNG-test=User Add Product Test-1] LogUtils - 💡 Formatted price range: 3000.00
[INFO] 13-07-2025 12:52:13 [TestNG-test=User Add Product Test-1] LogUtils - 📌 prices[0]: 3000.00
[INFO] 13-07-2025 12:52:13 [TestNG-test=User Add Product Test-1] LogUtils - 💲 Chỉ có một mức giá: 3000.0
[INFO] 13-07-2025 12:52:13 [TestNG-test=User Add Product Test-1] LogUtils - Get attribute of element By.xpath: //input[@name='quantity']
[INFO] 13-07-2025 12:52:13 [TestNG-test=User Add Product Test-1] LogUtils - ==> Attribute value: 1
[INFO] 13-07-2025 12:52:13 [TestNG-test=User Add Product Test-1] LogUtils - Get text of element: By.xpath: //div[@id='addToCart-modal-body']//h2 || ==> Text Return: Laptop Asus
[INFO] 13-07-2025 12:52:13 [TestNG-test=User Add Product Test-1] LogUtils - Click on element By.xpath: //span[normalize-space()='Add to cart']
[INFO] 13-07-2025 12:52:13 [TestNG-test=User Add Product Test-1] LogUtils - Click button add cart in popup add cart
[INFO] 13-07-2025 12:52:14 [TestNG-test=User Add Product Test-1] LogUtils - checkElementExist: true --- By.xpath: //h3[normalize-space()='Item added to your cart!']
[INFO] 13-07-2025 12:52:14 [TestNG-test=User Add Product Test-1] LogUtils - checkElementExist: true --- By.xpath: //span[normalize-space()='Frequently Bought Together']
[INFO] 13-07-2025 12:52:14 [TestNG-test=User Add Product Test-1] LogUtils - checkElementExist: true --- By.xpath: //h3[normalize-space()='Item added to your cart!']
[INFO] 13-07-2025 12:52:14 [TestNG-test=User Add Product Test-1] LogUtils - checkElementExist: true --- By.xpath: //span[normalize-space()='Frequently Bought Together']
[INFO] 13-07-2025 12:52:14 [TestNG-test=User Add Product Test-1] LogUtils - Get text of element: By.xpath: //div[@id='cart_items']//span[contains(@class, 'badge') and contains(@class, 'cart-count')] || ==> Text Return: 2
[INFO] 13-07-2025 12:52:14 [TestNG-test=User Add Product Test-1] LogUtils - verifyPopupAddCartSuccess countProductCart: 2
[INFO] 13-07-2025 12:52:14 [TestNG-test=User Add Product Test-1] LogUtils - verifyPopupAddCartSuccess getCartCount: 2
[INFO] 13-07-2025 12:52:14 [TestNG-test=User Add Product Test-1] LogUtils - verifyPopupAddCartSuccess: popup add cart success!
[INFO] 13-07-2025 12:52:14 [TestNG-test=User Add Product Test-1] LogUtils - Click on element By.xpath: //div[@id='addToCart']/descendant::button[contains(@class, 'close') and @aria-label='Close']
[INFO] 13-07-2025 12:52:14 [TestNG-test=User Add Product Test-1] LogUtils - Click button close popup add cart
[INFO] 13-07-2025 12:52:15 [TestNG-test=User Add Product Test-1] LogUtils - Click on element By.xpath: //div[@id='cart_items']
[INFO] 13-07-2025 12:52:15 [TestNG-test=User Add Product Test-1] LogUtils - checkElementExist: true --- By.xpath: //div[normalize-space()='Cart Items']
[INFO] 13-07-2025 12:52:15 [TestNG-test=User Add Product Test-1] LogUtils - checkElementExist: true --- By.xpath: //span[normalize-space()='Subtotal']
[INFO] 13-07-2025 12:52:15 [TestNG-test=User Add Product Test-1] LogUtils - checkElementExist: true --- By.xpath: //a[normalize-space()='View cart']
[INFO] 13-07-2025 12:52:15 [TestNG-test=User Add Product Test-1] LogUtils - Get text of element: By.xpath: //div[normalize-space()='Cart Items'] || ==> Text Return: Cart Items
[INFO] 13-07-2025 12:52:15 [TestNG-test=User Add Product Test-1] LogUtils - 📦 Product: Laptop Asus
[INFO] 13-07-2025 12:52:15 [TestNG-test=User Add Product Test-1] LogUtils - Quantity: 1, Price: 3000.0, Subtotal: 3000.0
[INFO] 13-07-2025 12:52:15 [TestNG-test=User Add Product Test-1] LogUtils - 📦 Product: Laptop Asus
[INFO] 13-07-2025 12:52:15 [TestNG-test=User Add Product Test-1] LogUtils - Quantity: 1, Price: 3000.0, Subtotal: 3000.0
[INFO] 13-07-2025 12:52:15 [TestNG-test=User Add Product Test-1] LogUtils - Get text of element: By.xpath: //span[normalize-space()='Subtotal']/following-sibling::span || ==> Text Return: $6,000.00
[INFO] 13-07-2025 12:52:15 [TestNG-test=User Add Product Test-1] LogUtils - 🔢 Expected total: 6000.0 | Actual total: 6000.0
[INFO] 13-07-2025 12:52:15 [TestNG-test=User Add Product Test-1] LogUtils - ✅ verifyAddCartSuccess successfully! Sản phẩm còn lại: 2
[INFO] 13-07-2025 12:52:16 [TestNG-test=User Add Product Test-1] LogUtils - Click on element By.xpath: //a[normalize-space()='View cart']
[INFO] 13-07-2025 12:52:17 [TestNG-test=User Add Product Test-1] LogUtils - Get current url: https://cms.anhtester.com/cart
[INFO] 13-07-2025 12:52:17 [TestNG-test=User Add Product Test-1] LogUtils - checkElementExist: true --- By.xpath: //h3[contains(normalize-space(),'My Cart')]
[INFO] 13-07-2025 12:52:17 [TestNG-test=User Add Product Test-1] LogUtils - checkElementExist: true --- By.xpath: //section[@id='cart-summary']/descendant::span[normalize-space()='Subtotal']
[INFO] 13-07-2025 12:52:17 [TestNG-test=User Add Product Test-1] LogUtils - Get text of element: By.xpath: //h3[contains(normalize-space(),'My Cart')] || ==> Text Return: 1. My Cart
[INFO] 13-07-2025 12:52:17 [TestNG-test=User Add Product Test-1] LogUtils - Get text of element: By.xpath: //section[@id='cart-summary']/descendant::span[normalize-space()='Subtotal'] || ==> Text Return: Subtotal
[INFO] 13-07-2025 12:52:17 [TestNG-test=User Add Product Test-1] LogUtils - 🧾 Product: Laptop Asus - Aqua | Qty: 1 | Price: $3000.0 | Subtotal: $3000.0
[INFO] 13-07-2025 12:52:17 [TestNG-test=User Add Product Test-1] LogUtils - Total price each product actual: 3000.0, expected: 3000.0
[INFO] 13-07-2025 12:52:17 [TestNG-test=User Add Product Test-1] LogUtils - 🎯 Expected → Qty: 1 | Min: 3000.0 | Max: 3000.0
[INFO] 13-07-2025 12:52:17 [TestNG-test=User Add Product Test-1] LogUtils - 🧾 Product: Laptop Asus - Aqua | Qty: 1 | Price: $3000.0 | Subtotal: $3000.0
[INFO] 13-07-2025 12:52:17 [TestNG-test=User Add Product Test-1] LogUtils - Total price each product actual: 3000.0, expected: 3000.0
[INFO] 13-07-2025 12:52:17 [TestNG-test=User Add Product Test-1] LogUtils - 🎯 Expected → Qty: 1 | Min: 3000.0 | Max: 3000.0
[INFO] 13-07-2025 12:52:17 [TestNG-test=User Add Product Test-1] LogUtils - Get text of element: By.xpath: //section[@id='cart-summary']/descendant::span[normalize-space()='Subtotal']/following-sibling::span || ==> Text Return: $6,000.00
[INFO] 13-07-2025 12:52:17 [TestNG-test=User Add Product Test-1] LogUtils - 🔢 Expected total: 6000.0 | Actual total: 6000.0
[INFO] 13-07-2025 12:52:17 [TestNG-test=User Add Product Test-1] LogUtils - ✅ verifyProductInCart hoàn tất!
[INFO] 13-07-2025 12:52:18 [TestNG-test=User Add Product Test-1] LogUtils - Click on element By.xpath: //a[normalize-space()='Continue to Shipping']
[INFO] 13-07-2025 12:52:18 [TestNG-test=User Add Product Test-1] LogUtils - 🚛 Start verify shipping page
[INFO] 13-07-2025 12:52:18 [TestNG-test=User Add Product Test-1] LogUtils - Get current url: https://cms.anhtester.com/checkout
[INFO] 13-07-2025 12:52:18 [TestNG-test=User Add Product Test-1] LogUtils - Get CSS value color of element By.xpath: //h3[contains(normalize-space(), 'Shipping info')]
[INFO] 13-07-2025 12:52:18 [TestNG-test=User Add Product Test-1] LogUtils - ==> CSS value: rgba(230, 46, 4, 1)
[INFO] 13-07-2025 12:52:18 [TestNG-test=User Add Product Test-1] LogUtils - colorHeaderShippingPage: #e62e04
[INFO] 13-07-2025 12:52:18 [TestNG-test=User Add Product Test-1] LogUtils - 🔍 Trạng thái enabled của By.xpath: (//input[@name='address_id'])[1]/ancestor::label/parent::div: true
[INFO] 13-07-2025 12:52:18 [TestNG-test=User Add Product Test-1] LogUtils - 🔍 Trạng thái enabled của By.xpath: //div[text()='Add New Address']: true
[INFO] 13-07-2025 12:52:18 [TestNG-test=User Add Product Test-1] LogUtils - 🔍 Trạng thái enabled của By.xpath: //button[normalize-space()='Continue to Delivery Info']: true
[INFO] 13-07-2025 12:52:18 [TestNG-test=User Add Product Test-1] LogUtils - Get text of element: By.xpath: //button[normalize-space()='Continue to Delivery Info'] || ==> Text Return: Continue to Delivery Info
[INFO] 13-07-2025 12:52:19 [TestNG-test=User Add Product Test-1] LogUtils - ✅ An address option is already selected. No action taken.
[INFO] 13-07-2025 12:52:21 [TestNG-test=User Add Product Test-1] LogUtils - Click on element By.xpath: //button[normalize-space()='Continue to Delivery Info']
[INFO] 13-07-2025 12:52:21 [TestNG-test=User Add Product Test-1] LogUtils - Start verify delivery page
[INFO] 13-07-2025 12:52:21 [TestNG-test=User Add Product Test-1] LogUtils - Get current url: https://cms.anhtester.com/checkout/delivery_info
[INFO] 13-07-2025 12:52:21 [TestNG-test=User Add Product Test-1] LogUtils - Get text of element: By.xpath: //h3[normalize-space()='3. Delivery info'] || ==> Text Return: 3. Delivery info
[INFO] 13-07-2025 12:52:21 [TestNG-test=User Add Product Test-1] LogUtils - Get text of element: By.xpath: //h5[normalize-space()='Active eCommerce CMS Products'] || ==> Text Return: Active eCommerce CMS Products
[INFO] 13-07-2025 12:52:21 [TestNG-test=User Add Product Test-1] LogUtils - Get CSS value color of element By.xpath: //h3[normalize-space()='3. Delivery info']
[INFO] 13-07-2025 12:52:21 [TestNG-test=User Add Product Test-1] LogUtils - ==> CSS value: rgba(230, 46, 4, 1)
[INFO] 13-07-2025 12:52:21 [TestNG-test=User Add Product Test-1] LogUtils - checkElementExist: true --- By.xpath: //h5[normalize-space()='Active eCommerce CMS Products']
[INFO] 13-07-2025 12:52:21 [TestNG-test=User Add Product Test-1] LogUtils - checkElementExist: true --- By.xpath: //h3[normalize-space()='3. Delivery info']
[INFO] 13-07-2025 12:52:21 [TestNG-test=User Add Product Test-1] LogUtils - 🔍 Trạng thái enabled của By.xpath: //button[normalize-space()='Continue to Payment']: true
[INFO] 13-07-2025 12:52:21 [TestNG-test=User Add Product Test-1] LogUtils - Get text of element: By.xpath: //button[normalize-space()='Continue to Payment'] || ==> Text Return: Continue to Payment
[INFO] 13-07-2025 12:52:21 [TestNG-test=User Add Product Test-1] LogUtils - 🚛 Start verify product in delivery page
[INFO] 13-07-2025 12:52:21 [TestNG-test=User Add Product Test-1] LogUtils - 📦 nameProductActual: Laptop Asus
[INFO] 13-07-2025 12:52:21 [TestNG-test=User Add Product Test-1] LogUtils - 📦 nameProductActual: Laptop Asus
[INFO] 13-07-2025 12:52:23 [TestNG-test=User Add Product Test-1] LogUtils - Click on element By.xpath: //button[normalize-space()='Continue to Payment']
[INFO] 13-07-2025 12:52:23 [TestNG-test=User Add Product Test-1] LogUtils - 🚛 Start verify payment page
[INFO] 13-07-2025 12:52:23 [TestNG-test=User Add Product Test-1] LogUtils - Get current url: https://cms.anhtester.com/checkout/payment_select
[INFO] 13-07-2025 12:52:23 [TestNG-test=User Add Product Test-1] LogUtils - Get CSS value color of element By.xpath: //h3[normalize-space()='4. Payment']
[INFO] 13-07-2025 12:52:23 [TestNG-test=User Add Product Test-1] LogUtils - ==> CSS value: rgba(230, 46, 4, 1)
[INFO] 13-07-2025 12:52:23 [TestNG-test=User Add Product Test-1] LogUtils - Get text of element: By.xpath: //button[normalize-space()='Complete Order'] || ==> Text Return: Complete Order
[INFO] 13-07-2025 12:52:23 [TestNG-test=User Add Product Test-1] LogUtils - 🔍 Trạng thái enabled của By.xpath: //button[normalize-space()='Complete Order']: true
[INFO] 13-07-2025 12:52:23 [TestNG-test=User Add Product Test-1] LogUtils - 🚛 Start verify product in payment page
[INFO] 13-07-2025 12:52:23 [TestNG-test=User Add Product Test-1] LogUtils - Get text of element: By.xpath: //h3[normalize-space()='Summary']/following::span[contains(normalize-space(), 'Items')] || ==> Text Return: 2 Items
[INFO] 13-07-2025 12:52:23 [TestNG-test=User Add Product Test-1] LogUtils - countProductActual: 2
[INFO] 13-07-2025 12:52:23 [TestNG-test=User Add Product Test-1] LogUtils - countProductExpected: 2
[INFO] 13-07-2025 12:52:23 [TestNG-test=User Add Product Test-1] LogUtils - 🔍 Sản phẩm: Laptop Asus
[INFO] 13-07-2025 12:52:23 [TestNG-test=User Add Product Test-1] LogUtils -    Số lượng: 1
[INFO] 13-07-2025 12:52:23 [TestNG-test=User Add Product Test-1] LogUtils -    Giá: 3000.0
[INFO] 13-07-2025 12:52:23 [TestNG-test=User Add Product Test-1] LogUtils - 🔍 Sản phẩm: Laptop Asus
[INFO] 13-07-2025 12:52:23 [TestNG-test=User Add Product Test-1] LogUtils -    Số lượng: 1
[INFO] 13-07-2025 12:52:23 [TestNG-test=User Add Product Test-1] LogUtils -    Giá: 3000.0
[INFO] 13-07-2025 12:52:23 [TestNG-test=User Add Product Test-1] LogUtils - Get text of element: By.xpath: //th[normalize-space()='Subtotal']/following-sibling::td/span || ==> Text Return: $6,000.00
[INFO] 13-07-2025 12:52:23 [TestNG-test=User Add Product Test-1] LogUtils - 💰 Tổng tiền mong đợi (calculated): 6000.0
[INFO] 13-07-2025 12:52:23 [TestNG-test=User Add Product Test-1] LogUtils - 💰 Tổng tiền hiển thị UI: 6000.0
[INFO] 13-07-2025 12:52:23 [TestNG-test=User Add Product Test-1] LogUtils - Get text of element: By.xpath: //th[normalize-space()='Total Shipping']//following-sibling::td/span || ==> Text Return: $30,000.00
[INFO] 13-07-2025 12:52:23 [TestNG-test=User Add Product Test-1] LogUtils - Get text of element: By.xpath: //tr[@class='cart-total']/td//span || ==> Text Return: $36,000.00
[INFO] 13-07-2025 12:52:23 [TestNG-test=User Add Product Test-1] LogUtils - ✅ verifyProductPaymentPage: success!
[INFO] 13-07-2025 12:52:23 [TestNG-test=User Add Product Test-1] LogUtils - Click on element By.xpath: //input[@id='agree_checkbox']/ancestor::label[@class='aiz-checkbox']
[INFO] 13-07-2025 12:52:24 [TestNG-test=User Add Product Test-1] LogUtils - Click on element By.xpath: //button[normalize-space()='Complete Order']
[INFO] 13-07-2025 12:52:27 [TestNG-test=User Add Product Test-1] LogUtils - Get current url: https://cms.anhtester.com/checkout/order-confirmed
[INFO] 13-07-2025 12:52:27 [TestNG-test=User Add Product Test-1] LogUtils - Get CSS value color of element By.xpath: //h3[normalize-space()='5. Confirmation']
[INFO] 13-07-2025 12:52:27 [TestNG-test=User Add Product Test-1] LogUtils - ==> CSS value: rgba(230, 46, 4, 1)
[INFO] 13-07-2025 12:52:27 [TestNG-test=User Add Product Test-1] LogUtils - checkElementExist: true --- By.xpath: //span[normalize-space()='Your order has been placed successfully']
[INFO] 13-07-2025 12:52:28 [TestNG-test=User Add Product Test-1] LogUtils - Get text of element: By.xpath: //span[normalize-space()='Your order has been placed successfully'] || ==> Text Return: Your order has been placed successfully
[INFO] 13-07-2025 12:52:28 [TestNG-test=User Add Product Test-1] LogUtils - Verify order confirm page successfully!
[INFO] 13-07-2025 12:52:28 [TestNG-test=User Add Product Test-1] LogUtils - addProductToCart: success
[INFO] 13-07-2025 12:52:30 [TestNG-test=User Add Product Test-1] LogUtils - ✅ Đây là Test case chạy thành công: testAddCart
[INFO] 13-07-2025 12:52:30 [main] LogUtils - ⭐️ Total test: 8
[INFO] 13-07-2025 12:52:30 [main] LogUtils - ⭐️ Passed: 8
[INFO] 13-07-2025 12:52:30 [main] LogUtils - ⭐️ Failed: 0
[INFO] 13-07-2025 12:52:30 [main] LogUtils - ⭐️ Skipped: 0
[INFO] 13-07-2025 12:52:30 [main] LogUtils - 🟢 Kết thúc toàn bộ suite: User Add Product Test
[INFO] 13-07-2025 12:52:33 [main] LogUtils - ✅ Email with attachments sent!
[INFO] 13-07-2025 12:52:33 [main] LogUtils - ⚙\uFE0F Thời gian chạy toàn bộ test:Sun Jul 13 12:52:33 ICT 2025
[INFO] 13-07-2025 12:52:33 [main] LogUtils - ⚙️ Bắt đầu test suite cho class: AdminCheckDetailProduct
[INFO] 13-07-2025 12:52:33 [TestNG-test=User Add Product Test-1] LogUtils - ✅ Read data from Excel: [[Laptop Asus, Laptop, Asus, PC, Aqua, 5, laptop asus, 3000, 500, Laptop asus vừa mạnh vừa đẹp, laptop_asus.webp]]
[INFO] 13-07-2025 12:52:33 [TestNG-test=User Add Product Test-1] LogUtils - Run with Edge browser (default)
[INFO] 13-07-2025 12:52:35 [TestNG-test=User Add Product Test-1] LogUtils - Bắt đầu chạy test: testAdminCheckDetailProduct
[INFO] 13-07-2025 12:52:37 [TestNG-test=User Add Product Test-1] LogUtils - 🌐 Open URL: https://cms.anhtester.com/
[INFO] 13-07-2025 12:52:37 [TestNG-test=User Add Product Test-1] LogUtils - checkElementExist: true --- By.xpath: //b[normalize-space()='Website Demo']
[INFO] 13-07-2025 12:52:38 [TestNG-test=User Add Product Test-1] LogUtils - Click on element By.xpath: //b[normalize-space()='Website Demo']/following::button[@data-value='removed']
[INFO] 13-07-2025 12:52:38 [TestNG-test=User Add Product Test-1] LogUtils - Click on element By.xpath: (//a[normalize-space()='Login'])[1]
[INFO] 13-07-2025 12:52:38 [TestNG-test=User Add Product Test-1] LogUtils - checkElementExist: true --- By.xpath: //a[contains(normalize-space(), 'Forgot password')]
[INFO] 13-07-2025 12:52:39 [TestNG-test=User Add Product Test-1] LogUtils - Clear text on element By.xpath: //input[@id='email']
[INFO] 13-07-2025 12:52:39 [TestNG-test=User Add Product Test-1] LogUtils - Set text [admin@example.com] on element: By.xpath: //input[@id='email']
[INFO] 13-07-2025 12:52:39 [TestNG-test=User Add Product Test-1] LogUtils - Clear text on element By.xpath: //input[@id='password']
[INFO] 13-07-2025 12:52:40 [TestNG-test=User Add Product Test-1] LogUtils - Set text [123456] on element: By.xpath: //input[@id='password']
[INFO] 13-07-2025 12:52:43 [TestNG-test=User Add Product Test-1] LogUtils - Click on element By.xpath: //button[normalize-space()='Login']
[INFO] 13-07-2025 12:52:45 [TestNG-test=User Add Product Test-1] LogUtils - Get current url: https://cms.anhtester.com/admin
[INFO] 13-07-2025 12:52:45 [TestNG-test=User Add Product Test-1] LogUtils - checkElementExist: true --- By.xpath: (//span[normalize-space()='Dashboard'])[1]
[INFO] 13-07-2025 12:52:45 [TestNG-test=User Add Product Test-1] LogUtils - checkElementExist: true --- By.xpath: //span[normalize-space()='Admin Example']
[INFO] 13-07-2025 12:52:45 [TestNG-test=User Add Product Test-1] LogUtils - checkElementExist: true --- By.xpath: //span[normalize-space()='Clear Cache']
[INFO] 13-07-2025 12:52:45 [TestNG-test=User Add Product Test-1] LogUtils - Get text of element: By.xpath: //span[normalize-space()='Clear Cache'] || ==> Text Return: Clear Cache
[INFO] 13-07-2025 12:52:45 [TestNG-test=User Add Product Test-1] LogUtils - Click on element By.xpath: //ul[@id='main-menu']//span[normalize-space()='Products']
[INFO] 13-07-2025 12:52:47 [TestNG-test=User Add Product Test-1] LogUtils - Click on element By.xpath: //span[normalize-space()='Add New Product']
[INFO] 13-07-2025 12:52:47 [TestNG-test=User Add Product Test-1] LogUtils - Get current url: https://cms.anhtester.com/admin/products/create
[INFO] 13-07-2025 12:52:47 [TestNG-test=User Add Product Test-1] LogUtils - Get text of element: By.xpath: //h5[normalize-space()='Add New Product'] || ==> Text Return: Add New Product
[INFO] 13-07-2025 12:52:47 [TestNG-test=User Add Product Test-1] LogUtils - checkElementExist: true --- By.xpath: //h5[normalize-space()='Product Information']
[INFO] 13-07-2025 12:52:47 [TestNG-test=User Add Product Test-1] LogUtils - checkElementExist: true --- By.xpath: //h5[normalize-space()='Add New Product']
[INFO] 13-07-2025 12:52:47 [TestNG-test=User Add Product Test-1] LogUtils - Verify add new product page successfully
[INFO] 13-07-2025 12:52:47 [TestNG-test=User Add Product Test-1] LogUtils - Clear text on element By.xpath: //input[@name='name']
[INFO] 13-07-2025 12:52:48 [TestNG-test=User Add Product Test-1] LogUtils - Set text [Laptop Asus] on element: By.xpath: //input[@name='name']
[INFO] 13-07-2025 12:52:48 [TestNG-test=User Add Product Test-1] LogUtils - Click on element By.xpath: //button[@data-id='category_id']
[INFO] 13-07-2025 12:52:48 [TestNG-test=User Add Product Test-1] LogUtils - Set text [Laptop] on element: By.xpath: //button[@data-id='category_id']/following-sibling::div//input
[INFO] 13-07-2025 12:52:49 [TestNG-test=User Add Product Test-1] LogUtils - Click on element By.xpath: (//div[@id='bs-select-1']//li)[1]
[INFO] 13-07-2025 12:52:49 [TestNG-test=User Add Product Test-1] LogUtils - Click on element By.xpath: //button[@data-id='brand_id']
[INFO] 13-07-2025 12:52:49 [TestNG-test=User Add Product Test-1] LogUtils - Set text [Asus] on element: By.xpath: //button[@data-id='brand_id']/following-sibling::div//input
[INFO] 13-07-2025 12:52:50 [TestNG-test=User Add Product Test-1] LogUtils - Click on element By.xpath: (//div[@id='bs-select-2']//li)[1]
[INFO] 13-07-2025 12:52:50 [TestNG-test=User Add Product Test-1] LogUtils - Clear text on element By.xpath: //input[@name='unit']
[INFO] 13-07-2025 12:52:50 [TestNG-test=User Add Product Test-1] LogUtils - Set text [PC] on element: By.xpath: //input[@name='unit']
[INFO] 13-07-2025 12:52:51 [TestNG-test=User Add Product Test-1] LogUtils - Clear text on element By.xpath: //input[@name='weight']
[INFO] 13-07-2025 12:52:51 [TestNG-test=User Add Product Test-1] LogUtils - Set text [5] on element: By.xpath: //input[@name='weight']
[INFO] 13-07-2025 12:52:51 [TestNG-test=User Add Product Test-1] LogUtils - Set text [laptop asus] on element: By.xpath: //tags[@role='tagslist']
[INFO] 13-07-2025 12:52:52 [TestNG-test=User Add Product Test-1] LogUtils - Click on element By.xpath: //label[@for='signinSrEmail' and contains(normalize-space(), 'Gallery Images ')]/following-sibling::div/div
[INFO] 13-07-2025 12:52:54 [TestNG-test=User Add Product Test-1] LogUtils - Click on element By.xpath: //a[normalize-space()='Upload New']
[INFO] 13-07-2025 12:52:54 [TestNG-test=User Add Product Test-1] LogUtils - Click on element By.xpath: //button[normalize-space()='Browse']
[INFO] 13-07-2025 12:52:56 [TestNG-test=User Add Product Test-1] LogUtils - 📁 File path để upload: D:\LearnAutomationTest\EcommerceAutomationTesting\src\test\resources\datatest\laptop_asus.webp
[INFO] 13-07-2025 12:52:56 [TestNG-test=User Add Product Test-1] LogUtils - 📋 Đã copy đường dẫn file vào clipboard
[INFO] 13-07-2025 12:52:57 [TestNG-test=User Add Product Test-1] LogUtils - ⌨️ Đã thực hiện Ctrl + V
[INFO] 13-07-2025 12:52:59 [TestNG-test=User Add Product Test-1] LogUtils - ⏎ Đã nhấn Enter để xác nhận chọn file
[INFO] 13-07-2025 12:53:01 [TestNG-test=User Add Product Test-1] LogUtils - Click on element By.xpath: //a[normalize-space()='Select File']
[INFO] 13-07-2025 12:53:02 [TestNG-test=User Add Product Test-1] LogUtils - Click element with JavaScript: By.xpath: (//div[@title='laptop_asus.webp'])[23]
[INFO] 13-07-2025 12:53:03 [TestNG-test=User Add Product Test-1] LogUtils - Click on element By.xpath: //button[normalize-space()='Add Files']
[INFO] 13-07-2025 12:53:03 [TestNG-test=User Add Product Test-1] LogUtils - ✅ Upload file thành công và đã xác nhận trong UI
[INFO] 13-07-2025 12:53:04 [TestNG-test=User Add Product Test-1] LogUtils - Click on element By.xpath: //label[@for='signinSrEmail' and contains(normalize-space(), 'Thumbnail Image ')]/following-sibling::div/div[@data-type='image']
[INFO] 13-07-2025 12:53:06 [TestNG-test=User Add Product Test-1] LogUtils - Click on element By.xpath: //a[normalize-space()='Upload New']
[INFO] 13-07-2025 12:53:06 [TestNG-test=User Add Product Test-1] LogUtils - Click on element By.xpath: //button[normalize-space()='Browse']
[INFO] 13-07-2025 12:53:08 [TestNG-test=User Add Product Test-1] LogUtils - 📁 File path để upload: D:\LearnAutomationTest\EcommerceAutomationTesting\src\test\resources\datatest\laptop_asus.webp
[INFO] 13-07-2025 12:53:08 [TestNG-test=User Add Product Test-1] LogUtils - 📋 Đã copy đường dẫn file vào clipboard
[INFO] 13-07-2025 12:53:09 [TestNG-test=User Add Product Test-1] LogUtils - ⌨️ Đã thực hiện Ctrl + V
[INFO] 13-07-2025 12:53:11 [TestNG-test=User Add Product Test-1] LogUtils - ⏎ Đã nhấn Enter để xác nhận chọn file
[INFO] 13-07-2025 12:53:13 [TestNG-test=User Add Product Test-1] LogUtils - Click on element By.xpath: //a[normalize-space()='Select File']
[INFO] 13-07-2025 12:53:14 [TestNG-test=User Add Product Test-1] LogUtils - Click element with JavaScript: By.xpath: (//div[@title='laptop_asus.webp'])[25]
[INFO] 13-07-2025 12:53:15 [TestNG-test=User Add Product Test-1] LogUtils - Click on element By.xpath: //button[normalize-space()='Add Files']
[INFO] 13-07-2025 12:53:15 [TestNG-test=User Add Product Test-1] LogUtils - ✅ Upload file thành công và đã xác nhận trong UI
[INFO] 13-07-2025 12:53:16 [TestNG-test=User Add Product Test-1] LogUtils - Click on element By.xpath: //button[@data-id='colors']/parent::div/parent::div/following-sibling::div/label
[INFO] 13-07-2025 12:53:16 [TestNG-test=User Add Product Test-1] LogUtils - Click on element By.xpath: //button[@data-id='colors']
[INFO] 13-07-2025 12:53:17 [TestNG-test=User Add Product Test-1] LogUtils - Clear text on element By.xpath: //button[@data-id='colors']/following-sibling::div//input
[INFO] 13-07-2025 12:53:17 [TestNG-test=User Add Product Test-1] LogUtils - Set text [Aqua] on element: By.xpath: //button[@data-id='colors']/following-sibling::div//input
[INFO] 13-07-2025 12:53:17 [TestNG-test=User Add Product Test-1] LogUtils - Click on element By.xpath: (//button[@data-id='colors']/following-sibling::div//ul/li)[1]
[INFO] 13-07-2025 12:53:18 [TestNG-test=User Add Product Test-1] LogUtils - Click on element By.xpath: //h5[normalize-space()='Product Variation']
[INFO] 13-07-2025 12:53:19 [TestNG-test=User Add Product Test-1] LogUtils - Clear text on element By.xpath: //input[@name='unit_price']
[INFO] 13-07-2025 12:53:19 [TestNG-test=User Add Product Test-1] LogUtils - Set text [3000] on element: By.xpath: //input[@name='unit_price']
[INFO] 13-07-2025 12:53:20 [TestNG-test=User Add Product Test-1] LogUtils - Clear text on element By.xpath: //input[@name='qty_Aqua']
[INFO] 13-07-2025 12:53:21 [TestNG-test=User Add Product Test-1] LogUtils - Set text [500] on element: By.xpath: //input[@name='qty_Aqua']
[INFO] 13-07-2025 12:53:21 [TestNG-test=User Add Product Test-1] LogUtils - Clear text on element By.xpath: //input[@name='price_Aqua']
[INFO] 13-07-2025 12:53:21 [TestNG-test=User Add Product Test-1] LogUtils - Set text [3000] on element: By.xpath: //input[@name='price_Aqua']
[INFO] 13-07-2025 12:53:24 [TestNG-test=User Add Product Test-1] LogUtils - Set text [Laptop asus vừa mạnh vừa đẹp] on element: By.xpath: //div[@role='textbox']
[INFO] 13-07-2025 12:53:24 [TestNG-test=User Add Product Test-1] LogUtils - 📝 Product Name: Laptop Asus
[INFO] 13-07-2025 12:53:24 [TestNG-test=User Add Product Test-1] LogUtils - 📂 Category: Laptop
[INFO] 13-07-2025 12:53:24 [TestNG-test=User Add Product Test-1] LogUtils - 🏷️ Brand: Asus
[INFO] 13-07-2025 12:53:24 [TestNG-test=User Add Product Test-1] LogUtils - 📏 Unit: PC
[INFO] 13-07-2025 12:53:24 [TestNG-test=User Add Product Test-1] LogUtils - ⚖️ Weight: 5
[INFO] 13-07-2025 12:53:24 [TestNG-test=User Add Product Test-1] LogUtils - 🔖 Tag: laptop asus
[INFO] 13-07-2025 12:53:24 [TestNG-test=User Add Product Test-1] LogUtils - 💵 Price: 3000
[INFO] 13-07-2025 12:53:24 [TestNG-test=User Add Product Test-1] LogUtils - 💵 Color: Aqua
[INFO] 13-07-2025 12:53:24 [TestNG-test=User Add Product Test-1] LogUtils - 📦 Quantity: 500
[INFO] 13-07-2025 12:53:24 [TestNG-test=User Add Product Test-1] LogUtils - 🧾 Description: Laptop asus vừa mạnh vừa đẹp
[INFO] 13-07-2025 12:53:24 [TestNG-test=User Add Product Test-1] LogUtils - 🖼️ Image path: laptop_asus.webp
[INFO] 13-07-2025 12:53:24 [TestNG-test=User Add Product Test-1] LogUtils - Click on element By.xpath: //button[normalize-space()='Save & Publish']
[INFO] 13-07-2025 12:53:25 [TestNG-test=User Add Product Test-1] LogUtils - Get text of element: By.xpath: //span[normalize-space()='Product has been inserted successfully'] || ==> Text Return: Product has been inserted successfully
[INFO] 13-07-2025 12:53:25 [TestNG-test=User Add Product Test-1] LogUtils - checkElementExist: true --- By.xpath: //span[normalize-space()='Product has been inserted successfully']
[INFO] 13-07-2025 12:53:25 [TestNG-test=User Add Product Test-1] LogUtils - Get current url: https://cms.anhtester.com/admin/products/admin
[INFO] 13-07-2025 12:53:27 [TestNG-test=User Add Product Test-1] LogUtils - 🔍 Tìm kiếm với từ khóa [Laptop Asus] bằng element: By.xpath: //input[@id='search']
[INFO] 13-07-2025 12:53:27 [TestNG-test=User Add Product Test-1] LogUtils - Get text of element: By.xpath: (//tbody/tr)[1]/td[2]//span || ==> Text Return: Laptop Asus
[INFO] 13-07-2025 12:53:27 [TestNG-test=User Add Product Test-1] LogUtils - checkElementExist: true --- By.xpath: //h5[normalize-space()='All Product']
[INFO] 13-07-2025 12:53:27 [TestNG-test=User Add Product Test-1] LogUtils - Get text of element: By.xpath: //h5[normalize-space()='All Product'] || ==> Text Return: All Product
[INFO] 13-07-2025 12:53:27 [TestNG-test=User Add Product Test-1] LogUtils - ✅ Verify add new product successfully !
[INFO] 13-07-2025 12:53:27 [TestNG-test=User Add Product Test-1] LogUtils - Get attribute of element By.xpath: (//a[@title='View'])[1]
[INFO] 13-07-2025 12:53:27 [TestNG-test=User Add Product Test-1] LogUtils - ==> Attribute value: https://cms.anhtester.com/product/laptop-asus-3
[INFO] 13-07-2025 12:53:28 [TestNG-test=User Add Product Test-1] LogUtils - Click on element By.xpath: (//a[@title='View'])[1]
[INFO] 13-07-2025 12:53:29 [TestNG-test=User Add Product Test-1] LogUtils - ✅ Switched to new tab with URL: https://cms.anhtester.com/product/laptop-asus-3
[INFO] 13-07-2025 12:53:29 [TestNG-test=User Add Product Test-1] LogUtils - start verifyProductDetailPage
[INFO] 13-07-2025 12:53:29 [TestNG-test=User Add Product Test-1] LogUtils - Get current url: https://cms.anhtester.com/product/laptop-asus-3
[INFO] 13-07-2025 12:53:29 [TestNG-test=User Add Product Test-1] LogUtils - currentURL verify product detail page: https://cms.anhtester.com/product/laptop-asus-3
[INFO] 13-07-2025 12:53:29 [TestNG-test=User Add Product Test-1] LogUtils - href expected verify product detail page: https://cms.anhtester.com/product/laptop-asus-3
[INFO] 13-07-2025 12:53:29 [TestNG-test=User Add Product Test-1] LogUtils - title verify product detail page: Laptop Asus
[INFO] 13-07-2025 12:53:29 [TestNG-test=User Add Product Test-1] LogUtils - Get text of element: By.xpath: //div[@class='text-left']/h1 || ==> Text Return: Laptop Asus
[INFO] 13-07-2025 12:53:29 [TestNG-test=User Add Product Test-1] LogUtils - href expected verify product detail page: https://cms.anhtester.com/product/laptop-asus-3
[INFO] 13-07-2025 12:53:29 [TestNG-test=User Add Product Test-1] LogUtils - title verify product detail page: Laptop Asus
[INFO] 13-07-2025 12:53:29 [TestNG-test=User Add Product Test-1] LogUtils - Get text of element: By.xpath: //div[@class='text-left']/h1 || ==> Text Return: Laptop Asus
[INFO] 13-07-2025 12:53:29 [TestNG-test=User Add Product Test-1] LogUtils - Get text of element: By.xpath: (//div[@class='text-left']//strong)[1] || ==> Text Return: $3,000.00
[INFO] 13-07-2025 12:53:29 [TestNG-test=User Add Product Test-1] LogUtils - Get text of element: By.xpath: (//div[@class='text-left']//strong)[1]/following-sibling::span || ==> Text Return: /PC
[INFO] 13-07-2025 12:53:29 [TestNG-test=User Add Product Test-1] LogUtils - Get text of element: By.xpath: //span[@id='available-quantity'] || ==> Text Return: 499
[INFO] 13-07-2025 12:53:29 [TestNG-test=User Add Product Test-1] LogUtils - Get text of element: By.xpath: //div[@id='tab_default_1']//p || ==> Text Return: Laptop asus vừa mạnh vừa đẹp
[INFO] 13-07-2025 12:53:29 [TestNG-test=User Add Product Test-1] LogUtils - 🔍 nameProduct UI: Laptop Asus | expected: Laptop Asus
[INFO] 13-07-2025 12:53:29 [TestNG-test=User Add Product Test-1] LogUtils - 🔍 priceProduct UI: 3000 | expected: 3000
[INFO] 13-07-2025 12:53:29 [TestNG-test=User Add Product Test-1] LogUtils - 🔍 unitProduct UI: PC | expected: PC
[INFO] 13-07-2025 12:53:29 [TestNG-test=User Add Product Test-1] LogUtils - 🔍 quantityProduct UI: 499 | expected: 500
[INFO] 13-07-2025 12:53:29 [TestNG-test=User Add Product Test-1] LogUtils - 🔍 descriptionProduct UI: Laptop asus vừa mạnh vừa đẹp | expected: Laptop asus vừa mạnh vừa đẹp
[ERROR] 13-07-2025 12:53:29 [TestNG-test=User Add Product Test-1] LogUtils - ❌ Đây là Test case chạy thất bại: testAdminCheckDetailProduct
[ERROR] 13-07-2025 12:53:29 [TestNG-test=User Add Product Test-1] LogUtils - java.lang.AssertionError: ❌ Quantity product is not match with excel data expected [500] but found [499]
[INFO] 13-07-2025 12:53:29 [TestNG-test=User Add Product Test-1] LogUtils - Screenshot taken: testAdminCheckDetailProduct
[INFO] 13-07-2025 12:53:29 [TestNG-test=User Add Product Test-1] LogUtils - Screenshot taken current URL: https://cms.anhtester.com/product/laptop-asus-3
[INFO] 13-07-2025 12:53:30 [main] LogUtils - ⭐️ Total test: 9
[INFO] 13-07-2025 12:53:30 [main] LogUtils - ⭐️ Passed: 8
[INFO] 13-07-2025 12:53:30 [main] LogUtils - ⭐️ Failed: 1
[INFO] 13-07-2025 12:53:30 [main] LogUtils - ⭐️ Skipped: 0
[INFO] 13-07-2025 12:53:30 [main] LogUtils - 🟢 Kết thúc toàn bộ suite: User Add Product Test
[INFO] 13-07-2025 12:53:33 [main] LogUtils - ✅ Email with attachments sent!
[INFO] 13-07-2025 12:55:08 [main] LogUtils - ⚙\uFE0F Thời gian chạy toàn bộ test:Sun Jul 13 12:55:07 ICT 2025
[INFO] 13-07-2025 12:55:08 [main] LogUtils - ⚙️ Bắt đầu test suite cho class: UserLoginTest
[INFO] 13-07-2025 12:55:11 [TestNG-test=User Login Test-1] LogUtils - Login Data from Excel: [[Ljava.lang.Object;@1f2930aa
[INFO] 13-07-2025 12:55:11 [TestNG-test=User Login Test-2] LogUtils - Login Data from Excel: [[Ljava.lang.Object;@74100c88
[INFO] 13-07-2025 12:55:11 [TestNG-test=User Login Test-3] LogUtils - Login Data from Excel: [[Ljava.lang.Object;@502b00df
[INFO] 13-07-2025 12:55:15 [TestNG-test=User Login Test-2] LogUtils - Run with Edge browser
[INFO] 13-07-2025 12:55:15 [TestNG-test=User Login Test-3] LogUtils - Run with Edge browser
[INFO] 13-07-2025 12:55:15 [TestNG-test=User Login Test-1] LogUtils - Run with Edge browser
[INFO] 13-07-2025 12:55:15 [TestNG-test=User Login Test-2] LogUtils - Bắt đầu chạy test: testUserLoginPageFailWithInvalidEmail
[INFO] 13-07-2025 12:55:15 [TestNG-test=User Login Test-1] LogUtils - Bắt đầu chạy test: testUserLoginPageSuccess
[INFO] 13-07-2025 12:55:15 [TestNG-test=User Login Test-3] LogUtils - Bắt đầu chạy test: testUserLoginPageFailWithInvalidPassword
[INFO] 13-07-2025 12:55:19 [TestNG-test=User Login Test-2] LogUtils - 🌐 Open URL: https://cms.anhtester.com/
[INFO] 13-07-2025 12:55:20 [TestNG-test=User Login Test-2] LogUtils - checkElementExist: true --- By.xpath: //b[normalize-space()='Website Demo']
[INFO] 13-07-2025 12:55:20 [TestNG-test=User Login Test-3] LogUtils - 🌐 Open URL: https://cms.anhtester.com/
[INFO] 13-07-2025 12:55:20 [TestNG-test=User Login Test-1] LogUtils - 🌐 Open URL: https://cms.anhtester.com/
[INFO] 13-07-2025 12:55:20 [TestNG-test=User Login Test-3] LogUtils - checkElementExist: true --- By.xpath: //b[normalize-space()='Website Demo']
[INFO] 13-07-2025 12:55:20 [TestNG-test=User Login Test-1] LogUtils - checkElementExist: true --- By.xpath: //b[normalize-space()='Website Demo']
[INFO] 13-07-2025 12:55:20 [TestNG-test=User Login Test-2] LogUtils - Click on element By.xpath: //b[normalize-space()='Website Demo']/following::button[@data-value='removed']
[INFO] 13-07-2025 12:55:20 [TestNG-test=User Login Test-3] LogUtils - Click on element By.xpath: //b[normalize-space()='Website Demo']/following::button[@data-value='removed']
[INFO] 13-07-2025 12:55:20 [TestNG-test=User Login Test-1] LogUtils - Click on element By.xpath: //b[normalize-space()='Website Demo']/following::button[@data-value='removed']
[INFO] 13-07-2025 12:55:22 [TestNG-test=User Login Test-2] LogUtils - Click on element By.xpath: (//a[normalize-space()='Login'])[1]
[INFO] 13-07-2025 12:55:22 [TestNG-test=User Login Test-3] LogUtils - Click on element By.xpath: (//a[normalize-space()='Login'])[1]
[INFO] 13-07-2025 12:55:22 [TestNG-test=User Login Test-1] LogUtils - Click on element By.xpath: (//a[normalize-space()='Login'])[1]
[INFO] 13-07-2025 12:55:22 [TestNG-test=User Login Test-2] LogUtils - checkElementExist: true --- By.xpath: //a[contains(normalize-space(), 'Forgot password')]
[INFO] 13-07-2025 12:55:22 [TestNG-test=User Login Test-3] LogUtils - checkElementExist: true --- By.xpath: //a[contains(normalize-space(), 'Forgot password')]
[INFO] 13-07-2025 12:55:22 [TestNG-test=User Login Test-1] LogUtils - checkElementExist: true --- By.xpath: //a[contains(normalize-space(), 'Forgot password')]
[INFO] 13-07-2025 12:55:23 [TestNG-test=User Login Test-2] LogUtils - Clear text on element By.xpath: //input[@id='email']
[INFO] 13-07-2025 12:55:23 [TestNG-test=User Login Test-1] LogUtils - Clear text on element By.xpath: //input[@id='email']
[INFO] 13-07-2025 12:55:23 [TestNG-test=User Login Test-3] LogUtils - Clear text on element By.xpath: //input[@id='email']
[INFO] 13-07-2025 12:55:23 [TestNG-test=User Login Test-2] LogUtils - Set text [customer123@example.com] on element: By.xpath: //input[@id='email']
[INFO] 13-07-2025 12:55:23 [TestNG-test=User Login Test-3] LogUtils - Set text [customer@example.com] on element: By.xpath: //input[@id='email']
[INFO] 13-07-2025 12:55:24 [TestNG-test=User Login Test-1] LogUtils - Set text [customer@example.com] on element: By.xpath: //input[@id='email']
[INFO] 13-07-2025 12:55:24 [TestNG-test=User Login Test-2] LogUtils - Clear text on element By.xpath: //input[@id='password']
[INFO] 13-07-2025 12:55:24 [TestNG-test=User Login Test-3] LogUtils - Clear text on element By.xpath: //input[@id='password']
[INFO] 13-07-2025 12:55:24 [TestNG-test=User Login Test-1] LogUtils - Clear text on element By.xpath: //input[@id='password']
[INFO] 13-07-2025 12:55:24 [TestNG-test=User Login Test-2] LogUtils - Set text [123456] on element: By.xpath: //input[@id='password']
[INFO] 13-07-2025 12:55:25 [TestNG-test=User Login Test-1] LogUtils - Set text [123456] on element: By.xpath: //input[@id='password']
[INFO] 13-07-2025 12:55:25 [TestNG-test=User Login Test-3] LogUtils - Set text [123] on element: By.xpath: //input[@id='password']
[INFO] 13-07-2025 12:55:26 [TestNG-test=User Login Test-2] LogUtils - Click on element By.xpath: //button[normalize-space()='Login']
[INFO] 13-07-2025 12:55:26 [TestNG-test=User Login Test-3] LogUtils - Click on element By.xpath: //button[normalize-space()='Login']
[INFO] 13-07-2025 12:55:26 [TestNG-test=User Login Test-1] LogUtils - Click on element By.xpath: //button[normalize-space()='Login']
[INFO] 13-07-2025 12:55:28 [TestNG-test=User Login Test-2] LogUtils - Get text of element: By.xpath: //span[contains(normalize-space(), 'Invalid login')] || ==> Text Return: Invalid login credentials
[INFO] 13-07-2025 12:55:28 [TestNG-test=User Login Test-2] LogUtils - Verify login fail success !
[INFO] 13-07-2025 12:55:28 [TestNG-test=User Login Test-2] LogUtils - ✅ Đây là Test case chạy thành công: testUserLoginPageFailWithInvalidEmail
[INFO] 13-07-2025 12:55:28 [TestNG-test=User Login Test-3] LogUtils - Get text of element: By.xpath: //span[contains(normalize-space(), 'Invalid login')] || ==> Text Return: Invalid login credentials
[INFO] 13-07-2025 12:55:28 [TestNG-test=User Login Test-3] LogUtils - Verify login fail success !
[INFO] 13-07-2025 12:55:28 [TestNG-test=User Login Test-3] LogUtils - ✅ Đây là Test case chạy thành công: testUserLoginPageFailWithInvalidPassword
[INFO] 13-07-2025 12:55:28 [TestNG-test=User Login Test-1] LogUtils - checkElementExist: true --- By.xpath: (//span[normalize-space()='Dashboard'])[1]
[INFO] 13-07-2025 12:55:28 [TestNG-test=User Login Test-1] LogUtils - Verify login success !
[INFO] 13-07-2025 12:55:28 [TestNG-test=User Login Test-1] LogUtils - ✅ Đây là Test case chạy thành công: testUserLoginPageSuccess
[INFO] 13-07-2025 12:55:29 [main] LogUtils - ⭐️ Total test: 3
[INFO] 13-07-2025 12:55:29 [main] LogUtils - ⭐️ Passed: 3
[INFO] 13-07-2025 12:55:29 [main] LogUtils - ⭐️ Failed: 0
[INFO] 13-07-2025 12:55:29 [main] LogUtils - ⭐️ Skipped: 0
[INFO] 13-07-2025 12:55:29 [main] LogUtils - 🟢 Kết thúc toàn bộ suite: User Login Test
[INFO] 13-07-2025 12:55:34 [main] LogUtils - ✅ Email with attachments sent!
[INFO] 13-07-2025 12:55:34 [main] LogUtils - ⚙\uFE0F Thời gian chạy toàn bộ test:Sun Jul 13 12:55:34 ICT 2025
[INFO] 13-07-2025 12:55:34 [main] LogUtils - ⚙️ Bắt đầu test suite cho class: UserUpdateProfileTest
[INFO] 13-07-2025 12:55:35 [main] LogUtils - Run with Edge browser
[INFO] 13-07-2025 12:55:36 [main] LogUtils - Bắt đầu chạy test: testUpdateUserWithAddNewName
[INFO] 13-07-2025 12:55:38 [main] LogUtils - 🌐 Open URL: https://cms.anhtester.com/
[INFO] 13-07-2025 12:55:38 [main] LogUtils - checkElementExist: true --- By.xpath: //b[normalize-space()='Website Demo']
[INFO] 13-07-2025 12:55:38 [main] LogUtils - Click on element By.xpath: //b[normalize-space()='Website Demo']/following::button[@data-value='removed']
[INFO] 13-07-2025 12:55:39 [main] LogUtils - Click on element By.xpath: (//a[normalize-space()='Login'])[1]
[INFO] 13-07-2025 12:55:39 [main] LogUtils - checkElementExist: true --- By.xpath: //a[contains(normalize-space(), 'Forgot password')]
[INFO] 13-07-2025 12:55:39 [main] LogUtils - Clear text on element By.xpath: //input[@id='email']
[INFO] 13-07-2025 12:55:40 [main] LogUtils - Set text [customer@example.com] on element: By.xpath: //input[@id='email']
[INFO] 13-07-2025 12:55:40 [main] LogUtils - Clear text on element By.xpath: //input[@id='password']
[INFO] 13-07-2025 12:55:40 [main] LogUtils - Set text [123456] on element: By.xpath: //input[@id='password']
[INFO] 13-07-2025 12:55:42 [main] LogUtils - Click on element By.xpath: //button[normalize-space()='Login']
[INFO] 13-07-2025 12:55:42 [main] LogUtils - checkElementExist: true --- By.xpath: (//span[normalize-space()='Dashboard'])[1]
[INFO] 13-07-2025 12:55:42 [main] LogUtils - Verify login success !
[INFO] 13-07-2025 12:55:43 [main] LogUtils - checkElementExist: true --- By.xpath: (//span[normalize-space()='Manage Profile'])[1]
[INFO] 13-07-2025 12:55:44 [main] LogUtils - Click on element By.xpath: (//span[normalize-space()='Manage Profile'])[1]
[INFO] 13-07-2025 12:55:44 [main] LogUtils - Get current url: https://cms.anhtester.com/profile
[INFO] 13-07-2025 12:55:44 [main] LogUtils - checkElementExist: true --- By.xpath: //button[normalize-space()='Update Profile']
[INFO] 13-07-2025 12:55:44 [main] LogUtils - checkElementExist: true --- By.xpath: //input[@placeholder='Your name' and @name='name']
[INFO] 13-07-2025 12:55:44 [main] LogUtils - Get attribute of element By.xpath: //input[@placeholder='Your name' and @name='name']
[INFO] 13-07-2025 12:55:44 [main] LogUtils - ==> Attribute value: User Test
[INFO] 13-07-2025 12:55:45 [main] LogUtils - Clear text on element By.xpath: //input[@placeholder='Your name' and @name='name']
[INFO] 13-07-2025 12:55:45 [main] LogUtils - Set text [User Test Hoàng] on element: By.xpath: //input[@placeholder='Your name' and @name='name']
[INFO] 13-07-2025 12:55:45 [main] LogUtils - checkElementExist: true --- By.xpath: //button[normalize-space()='Update Profile']
[INFO] 13-07-2025 12:55:46 [main] LogUtils - Click on element By.xpath: //button[normalize-space()='Update Profile']
[INFO] 13-07-2025 12:55:47 [main] LogUtils - checkElementExist: true --- By.xpath: //input[@placeholder='Your name' and @name='name']
[INFO] 13-07-2025 12:55:48 [main] LogUtils - Get attribute of element By.xpath: //input[@placeholder='Your name' and @name='name']
[INFO] 13-07-2025 12:55:48 [main] LogUtils - ==> Attribute value: User Test Hoàng
[INFO] 13-07-2025 12:55:48 [main] LogUtils - checkElementExist: true --- By.xpath: //span[contains(normalize-space(), 'updated successfully')]
[INFO] 13-07-2025 12:55:48 [main] LogUtils - verifyUpdateUserProfileSuccess: profile updated successfully!
[INFO] 13-07-2025 12:55:48 [main] LogUtils - checkElementExist: true --- By.xpath: //span[contains(normalize-space(), 'updated successfully')]
[INFO] 13-07-2025 12:55:48 [main] LogUtils - verifyUpdateUserProfileSuccess: profile updated successfully!
[INFO] 13-07-2025 12:55:48 [main] LogUtils - ✅ Đây là Test case chạy thành công: testUpdateUserWithAddNewName
[INFO] 13-07-2025 12:55:50 [main] LogUtils - Run with Edge browser
[INFO] 13-07-2025 12:55:50 [main] LogUtils - Bắt đầu chạy test: testUpdateUserWithChangeValue
[INFO] 13-07-2025 12:55:52 [main] LogUtils - 🌐 Open URL: https://cms.anhtester.com/
[INFO] 13-07-2025 12:55:52 [main] LogUtils - checkElementExist: true --- By.xpath: //b[normalize-space()='Website Demo']
[INFO] 13-07-2025 12:55:53 [main] LogUtils - Click on element By.xpath: //b[normalize-space()='Website Demo']/following::button[@data-value='removed']
[INFO] 13-07-2025 12:55:53 [main] LogUtils - Click on element By.xpath: (//a[normalize-space()='Login'])[1]
[INFO] 13-07-2025 12:55:54 [main] LogUtils - checkElementExist: true --- By.xpath: //a[contains(normalize-space(), 'Forgot password')]
[INFO] 13-07-2025 12:55:54 [main] LogUtils - Clear text on element By.xpath: //input[@id='email']
[INFO] 13-07-2025 12:55:54 [main] LogUtils - Set text [customer@example.com] on element: By.xpath: //input[@id='email']
[INFO] 13-07-2025 12:55:55 [main] LogUtils - Clear text on element By.xpath: //input[@id='password']
[INFO] 13-07-2025 12:55:55 [main] LogUtils - Set text [123456] on element: By.xpath: //input[@id='password']
[INFO] 13-07-2025 12:55:56 [main] LogUtils - Click on element By.xpath: //button[normalize-space()='Login']
[INFO] 13-07-2025 12:55:56 [main] LogUtils - checkElementExist: true --- By.xpath: (//span[normalize-space()='Dashboard'])[1]
[INFO] 13-07-2025 12:55:56 [main] LogUtils - Verify login success !
[INFO] 13-07-2025 12:55:58 [main] LogUtils - checkElementExist: true --- By.xpath: (//span[normalize-space()='Manage Profile'])[1]
[INFO] 13-07-2025 12:55:59 [main] LogUtils - Click on element By.xpath: (//span[normalize-space()='Manage Profile'])[1]
[INFO] 13-07-2025 12:55:59 [main] LogUtils - Get current url: https://cms.anhtester.com/profile
[INFO] 13-07-2025 12:55:59 [main] LogUtils - checkElementExist: true --- By.xpath: //button[normalize-space()='Update Profile']
[INFO] 13-07-2025 12:56:00 [main] LogUtils - checkElementExist: true --- By.xpath: //input[@placeholder='Your name' and @name='name']
[INFO] 13-07-2025 12:56:00 [main] LogUtils - Get attribute of element By.xpath: //input[@placeholder='Your name' and @name='name']
[INFO] 13-07-2025 12:56:00 [main] LogUtils - ==> Attribute value: User Test Hoàng
[INFO] 13-07-2025 12:56:00 [main] LogUtils - Clear text on element By.xpath: //input[@placeholder='Your name' and @name='name']
[INFO] 13-07-2025 12:56:00 [main] LogUtils - Set text [User Test Tài] on element: By.xpath: //input[@placeholder='Your name' and @name='name']
[INFO] 13-07-2025 12:56:00 [main] LogUtils - checkElementExist: true --- By.xpath: //button[normalize-space()='Update Profile']
[INFO] 13-07-2025 12:56:02 [main] LogUtils - Click on element By.xpath: //button[normalize-space()='Update Profile']
[INFO] 13-07-2025 12:56:03 [main] LogUtils - checkElementExist: true --- By.xpath: //input[@placeholder='Your name' and @name='name']
[INFO] 13-07-2025 12:56:04 [main] LogUtils - Get attribute of element By.xpath: //input[@placeholder='Your name' and @name='name']
[INFO] 13-07-2025 12:56:04 [main] LogUtils - ==> Attribute value: User Test Tài
[INFO] 13-07-2025 12:56:04 [main] LogUtils - checkElementExist: true --- By.xpath: //span[contains(normalize-space(), 'updated successfully')]
[INFO] 13-07-2025 12:56:04 [main] LogUtils - verifyUpdateUserProfileSuccess: profile updated successfully!
[INFO] 13-07-2025 12:56:04 [main] LogUtils - checkElementExist: true --- By.xpath: //span[contains(normalize-space(), 'updated successfully')]
[INFO] 13-07-2025 12:56:04 [main] LogUtils - verifyUpdateUserProfileSuccess: profile updated successfully!
[INFO] 13-07-2025 12:56:04 [main] LogUtils - ✅ Đây là Test case chạy thành công: testUpdateUserWithChangeValue
[INFO] 13-07-2025 12:56:06 [main] LogUtils - Run with Edge browser
[INFO] 13-07-2025 12:56:06 [main] LogUtils - Bắt đầu chạy test: testUpdateUserWithDeletePart
[INFO] 13-07-2025 12:56:08 [main] LogUtils - 🌐 Open URL: https://cms.anhtester.com/
[INFO] 13-07-2025 12:56:08 [main] LogUtils - checkElementExist: true --- By.xpath: //b[normalize-space()='Website Demo']
[INFO] 13-07-2025 12:56:09 [main] LogUtils - Click on element By.xpath: //b[normalize-space()='Website Demo']/following::button[@data-value='removed']
[INFO] 13-07-2025 12:56:10 [main] LogUtils - Click on element By.xpath: (//a[normalize-space()='Login'])[1]
[INFO] 13-07-2025 12:56:10 [main] LogUtils - checkElementExist: true --- By.xpath: //a[contains(normalize-space(), 'Forgot password')]
[INFO] 13-07-2025 12:56:10 [main] LogUtils - Clear text on element By.xpath: //input[@id='email']
[INFO] 13-07-2025 12:56:11 [main] LogUtils - Set text [customer@example.com] on element: By.xpath: //input[@id='email']
[INFO] 13-07-2025 12:56:11 [main] LogUtils - Clear text on element By.xpath: //input[@id='password']
[INFO] 13-07-2025 12:56:11 [main] LogUtils - Set text [123456] on element: By.xpath: //input[@id='password']
[INFO] 13-07-2025 12:56:13 [main] LogUtils - Click on element By.xpath: //button[normalize-space()='Login']
[INFO] 13-07-2025 12:56:13 [main] LogUtils - checkElementExist: true --- By.xpath: (//span[normalize-space()='Dashboard'])[1]
[INFO] 13-07-2025 12:56:13 [main] LogUtils - Verify login success !
[INFO] 13-07-2025 12:56:14 [main] LogUtils - checkElementExist: true --- By.xpath: (//span[normalize-space()='Manage Profile'])[1]
[INFO] 13-07-2025 12:56:15 [main] LogUtils - Click on element By.xpath: (//span[normalize-space()='Manage Profile'])[1]
[INFO] 13-07-2025 12:56:15 [main] LogUtils - Get current url: https://cms.anhtester.com/profile
[INFO] 13-07-2025 12:56:15 [main] LogUtils - checkElementExist: true --- By.xpath: //button[normalize-space()='Update Profile']
[INFO] 13-07-2025 12:56:15 [main] LogUtils - checkElementExist: true --- By.xpath: //input[@placeholder='Your name' and @name='name']
[INFO] 13-07-2025 12:56:15 [main] LogUtils - Get attribute of element By.xpath: //input[@placeholder='Your name' and @name='name']
[INFO] 13-07-2025 12:56:15 [main] LogUtils - ==> Attribute value: User Test Tài
[INFO] 13-07-2025 12:56:16 [main] LogUtils - Clear text on element By.xpath: //input[@placeholder='Your name' and @name='name']
[INFO] 13-07-2025 12:56:16 [main] LogUtils - Set text [User Test] on element: By.xpath: //input[@placeholder='Your name' and @name='name']
[INFO] 13-07-2025 12:56:16 [main] LogUtils - checkElementExist: true --- By.xpath: //button[normalize-space()='Update Profile']
[INFO] 13-07-2025 12:56:18 [main] LogUtils - Click on element By.xpath: //button[normalize-space()='Update Profile']
[INFO] 13-07-2025 12:56:19 [main] LogUtils - checkElementExist: true --- By.xpath: //input[@placeholder='Your name' and @name='name']
[INFO] 13-07-2025 12:56:19 [main] LogUtils - checkElementExist: true --- By.xpath: //span[contains(normalize-space(), 'updated successfully')]
[INFO] 13-07-2025 12:56:19 [main] LogUtils - verifyUpdateUserProfileSuccess: profile updated successfully!
[INFO] 13-07-2025 12:56:19 [main] LogUtils - ✅ Đây là Test case chạy thành công: testUpdateUserWithDeletePart
[INFO] 13-07-2025 12:56:19 [main] LogUtils - ⭐️ Total test: 6
[INFO] 13-07-2025 12:56:19 [main] LogUtils - ⭐️ Passed: 6
[INFO] 13-07-2025 12:56:19 [main] LogUtils - ⭐️ Failed: 0
[INFO] 13-07-2025 12:56:19 [main] LogUtils - ⭐️ Skipped: 0
[INFO] 13-07-2025 12:56:19 [main] LogUtils - 🟢 Kết thúc toàn bộ suite: Update User Profile Test
[INFO] 13-07-2025 12:56:23 [main] LogUtils - ✅ Email with attachments sent!
[INFO] 13-07-2025 12:56:23 [main] LogUtils - ⚙\uFE0F Thời gian chạy toàn bộ test:Sun Jul 13 12:56:23 ICT 2025
[INFO] 13-07-2025 12:56:23 [main] LogUtils - ⚙️ Bắt đầu test suite cho class: UserSetInfoProductToExcelTest
[INFO] 13-07-2025 12:56:24 [TestNG-test=Save Data Product To Excel Test-1] LogUtils - Run with Edge browser
[INFO] 13-07-2025 12:56:24 [TestNG-test=Save Data Product To Excel Test-1] LogUtils - Bắt đầu chạy test: testSetInfoProduct
[INFO] 13-07-2025 12:56:27 [TestNG-test=Save Data Product To Excel Test-1] LogUtils - 🌐 Open URL: https://cms.anhtester.com/
[INFO] 13-07-2025 12:56:27 [TestNG-test=Save Data Product To Excel Test-1] LogUtils - checkElementExist: true --- By.xpath: //b[normalize-space()='Website Demo']
[INFO] 13-07-2025 12:56:27 [TestNG-test=Save Data Product To Excel Test-1] LogUtils - Click on element By.xpath: //b[normalize-space()='Website Demo']/following::button[@data-value='removed']
[INFO] 13-07-2025 12:56:28 [TestNG-test=Save Data Product To Excel Test-1] LogUtils - Click on element By.xpath: (//a[normalize-space()='Login'])[1]
[INFO] 13-07-2025 12:56:28 [TestNG-test=Save Data Product To Excel Test-1] LogUtils - checkElementExist: true --- By.xpath: //a[contains(normalize-space(), 'Forgot password')]
[INFO] 13-07-2025 12:56:29 [TestNG-test=Save Data Product To Excel Test-1] LogUtils - Clear text on element By.xpath: //input[@id='email']
[INFO] 13-07-2025 12:56:29 [TestNG-test=Save Data Product To Excel Test-1] LogUtils - Set text [customer@example.com] on element: By.xpath: //input[@id='email']
[INFO] 13-07-2025 12:56:29 [TestNG-test=Save Data Product To Excel Test-1] LogUtils - Clear text on element By.xpath: //input[@id='password']
[INFO] 13-07-2025 12:56:30 [TestNG-test=Save Data Product To Excel Test-1] LogUtils - Set text [123456] on element: By.xpath: //input[@id='password']
[INFO] 13-07-2025 12:56:31 [TestNG-test=Save Data Product To Excel Test-1] LogUtils - Click on element By.xpath: //button[normalize-space()='Login']
[INFO] 13-07-2025 12:56:31 [TestNG-test=Save Data Product To Excel Test-1] LogUtils - checkElementExist: true --- By.xpath: (//span[normalize-space()='Dashboard'])[1]
[INFO] 13-07-2025 12:56:31 [TestNG-test=Save Data Product To Excel Test-1] LogUtils - Verify login success !
[INFO] 13-07-2025 12:56:32 [TestNG-test=Save Data Product To Excel Test-1] LogUtils - Clear text on element By.xpath: //input[@id='search' and @name='keyword']
[INFO] 13-07-2025 12:56:32 [TestNG-test=Save Data Product To Excel Test-1] LogUtils - Set text [Laptop asus] on element: By.xpath: //input[@id='search' and @name='keyword']
[INFO] 13-07-2025 12:56:35 [TestNG-test=Save Data Product To Excel Test-1] LogUtils - Click on element By.xpath: (//div[normalize-space()='Products']/following-sibling::ul/li)[1]
[INFO] 13-07-2025 12:56:35 [TestNG-test=Save Data Product To Excel Test-1] LogUtils - Get current url: https://cms.anhtester.com/product/laptop-asus-7
[INFO] 13-07-2025 12:56:36 [TestNG-test=Save Data Product To Excel Test-1] LogUtils - formatSlug: laptop asus 7
[INFO] 13-07-2025 12:56:36 [TestNG-test=Save Data Product To Excel Test-1] LogUtils - Product Name: laptop asus
[INFO] 13-07-2025 12:56:36 [TestNG-test=Save Data Product To Excel Test-1] LogUtils - Search Words: [laptop, asus]
[INFO] 13-07-2025 12:56:36 [TestNG-test=Save Data Product To Excel Test-1] LogUtils - Matched Words: [laptop, laptop, asus, asus]
[INFO] 13-07-2025 12:56:36 [TestNG-test=Save Data Product To Excel Test-1] LogUtils - Total Matches: 4
[INFO] 13-07-2025 12:56:36 [TestNG-test=Save Data Product To Excel Test-1] LogUtils - verifyInfoProductPage: Passed - Product is correctly displayed on the page!
[INFO] 13-07-2025 12:56:36 [TestNG-test=Save Data Product To Excel Test-1] LogUtils - checkElementExist: true --- By.xpath: (//div[contains(normalize-space(), 'Price:')]/following-sibling::div/div/strong)[1]
[INFO] 13-07-2025 12:56:36 [TestNG-test=Save Data Product To Excel Test-1] LogUtils - checkElementExist: true --- By.xpath: (//div[contains(normalize-space(), 'Price:')]/following-sibling::div/div/strong)[1]
[INFO] 13-07-2025 12:56:37 [TestNG-test=Save Data Product To Excel Test-1] LogUtils - Get text of element: By.xpath: (//div[contains(normalize-space(), 'Price:')]/following-sibling::div/div/strong)[1] || ==> Text Return: $3,000.00
[INFO] 13-07-2025 12:56:37 [TestNG-test=Save Data Product To Excel Test-1] LogUtils - Get text of element: By.xpath: //div[@id='order_details']/following::div[@class='text-left']/h1 || ==> Text Return: Laptop Asus
[INFO] 13-07-2025 12:56:37 [TestNG-test=Save Data Product To Excel Test-1] LogUtils - Get text of element: By.xpath: //span[@id='available-quantity'] || ==> Text Return: 499
[INFO] 13-07-2025 12:56:37 [TestNG-test=Save Data Product To Excel Test-1] LogUtils - Get text of element: By.xpath: //div[@id='tab_default_1']/descendant::p || ==> Text Return: Laptop asus vừa mạnh vừa đẹp
[INFO] 13-07-2025 12:56:37 [TestNG-test=Save Data Product To Excel Test-1] LogUtils - Get attribute of element By.xpath: (//div[@data-fade='true']/descendant::img)[1]
[INFO] 13-07-2025 12:56:37 [TestNG-test=Save Data Product To Excel Test-1] LogUtils - ==> Attribute value: https://cms.anhtester.com/public/uploads/all/lBlf5f6r8uudgHJomw8hKYSCruMgPwpIAzKpojIH.webp
[INFO] 13-07-2025 12:56:37 [TestNG-test=Save Data Product To Excel Test-1] LogUtils - Data written successfully to Excel!
[INFO] 13-07-2025 12:56:37 [TestNG-test=Save Data Product To Excel Test-1] LogUtils - checkElementExist: true --- By.xpath: (//div[contains(normalize-space(), 'Price:')]/following-sibling::div/div/strong)[1]
[INFO] 13-07-2025 12:56:37 [TestNG-test=Save Data Product To Excel Test-1] LogUtils - checkElementExist: true --- By.xpath: (//div[contains(normalize-space(), 'Price:')]/following-sibling::div/div/strong)[1]
[INFO] 13-07-2025 12:56:37 [TestNG-test=Save Data Product To Excel Test-1] LogUtils - Get text of element: By.xpath: (//div[contains(normalize-space(), 'Price:')]/following-sibling::div/div/strong)[1] || ==> Text Return: $3,000.00
[INFO] 13-07-2025 12:56:37 [TestNG-test=Save Data Product To Excel Test-1] LogUtils - Get text of element: By.xpath: //div[@id='order_details']/following::div[@class='text-left']/h1 || ==> Text Return: Laptop Asus
[INFO] 13-07-2025 12:56:37 [TestNG-test=Save Data Product To Excel Test-1] LogUtils - Get text of element: By.xpath: //span[@id='available-quantity'] || ==> Text Return: 499
[INFO] 13-07-2025 12:56:37 [TestNG-test=Save Data Product To Excel Test-1] LogUtils - Get text of element: By.xpath: //div[@id='tab_default_1']/descendant::p || ==> Text Return: Laptop asus vừa mạnh vừa đẹp
[INFO] 13-07-2025 12:56:37 [TestNG-test=Save Data Product To Excel Test-1] LogUtils - Get attribute of element By.xpath: (//div[@data-fade='true']/descendant::img)[1]
[INFO] 13-07-2025 12:56:37 [TestNG-test=Save Data Product To Excel Test-1] LogUtils - ==> Attribute value: https://cms.anhtester.com/public/uploads/all/lBlf5f6r8uudgHJomw8hKYSCruMgPwpIAzKpojIH.webp
[INFO] 13-07-2025 12:56:37 [TestNG-test=Save Data Product To Excel Test-1] LogUtils - expectedDataProduct: {URL image=https://cms.anhtester.com/public/uploads/all/lBlf5f6r8uudgHJomw8hKYSCruMgPwpIAzKpojIH.webp, Description=Laptop asus vừa mạnh vừa đẹp, Price=$3,000.00, Available Quantity=499, Product Name=Laptop Asus, Time=13/07/2025 12:56, Color =Aqua}
[INFO] 13-07-2025 12:56:37 [TestNG-test=Save Data Product To Excel Test-1] LogUtils - actualData: {URL image=https://cms.anhtester.com/public/uploads/all/lBlf5f6r8uudgHJomw8hKYSCruMgPwpIAzKpojIH.webp, Description=Laptop asus vừa mạnh vừa đẹp, Price=$3,000.00, Available Quantity=499, Product Name=Laptop Asus, Time=13/07/2025 12:56, Color =Aqua}
[INFO] 13-07-2025 12:56:37 [TestNG-test=Save Data Product To Excel Test-1] LogUtils - ✅ Đây là Test case chạy thành công: testSetInfoProduct
[INFO] 13-07-2025 12:56:38 [main] LogUtils - ⭐️ Total test: 7
[INFO] 13-07-2025 12:56:38 [main] LogUtils - ⭐️ Passed: 7
[INFO] 13-07-2025 12:56:38 [main] LogUtils - ⭐️ Failed: 0
[INFO] 13-07-2025 12:56:38 [main] LogUtils - ⭐️ Skipped: 0
[INFO] 13-07-2025 12:56:38 [main] LogUtils - 🟢 Kết thúc toàn bộ suite: Save Data Product To Excel Test
[INFO] 13-07-2025 12:56:42 [main] LogUtils - ✅ Email with attachments sent!
[INFO] 13-07-2025 12:56:42 [main] LogUtils - ⚙\uFE0F Thời gian chạy toàn bộ test:Sun Jul 13 12:56:42 ICT 2025
[INFO] 13-07-2025 12:56:42 [main] LogUtils - ⚙️ Bắt đầu test suite cho class: AdminCheckDetailProduct
[INFO] 13-07-2025 12:56:42 [TestNG-test=User Add Product Test-1] LogUtils - ✅ Read data from Excel: [[Laptop Asus, Laptop, Asus, PC, Aqua, 5, laptop asus, 3000, 500, Laptop asus vừa mạnh vừa đẹp, laptop_asus.webp]]
[INFO] 13-07-2025 12:56:42 [TestNG-test=User Add Product Test-1] LogUtils - Run with Edge browser (default)
[INFO] 13-07-2025 12:56:43 [TestNG-test=User Add Product Test-1] LogUtils - Bắt đầu chạy test: testAdminCheckDetailProduct
[INFO] 13-07-2025 12:56:45 [TestNG-test=User Add Product Test-1] LogUtils - 🌐 Open URL: https://cms.anhtester.com/
[INFO] 13-07-2025 12:56:45 [TestNG-test=User Add Product Test-1] LogUtils - checkElementExist: true --- By.xpath: //b[normalize-space()='Website Demo']
[INFO] 13-07-2025 12:56:46 [TestNG-test=User Add Product Test-1] LogUtils - Click on element By.xpath: //b[normalize-space()='Website Demo']/following::button[@data-value='removed']
[INFO] 13-07-2025 12:56:48 [TestNG-test=User Add Product Test-1] LogUtils - Click on element By.xpath: (//a[normalize-space()='Login'])[1]
[INFO] 13-07-2025 12:56:48 [TestNG-test=User Add Product Test-1] LogUtils - checkElementExist: true --- By.xpath: //a[contains(normalize-space(), 'Forgot password')]
[INFO] 13-07-2025 12:56:48 [TestNG-test=User Add Product Test-1] LogUtils - Clear text on element By.xpath: //input[@id='email']
[INFO] 13-07-2025 12:56:49 [TestNG-test=User Add Product Test-1] LogUtils - Set text [admin@example.com] on element: By.xpath: //input[@id='email']
[INFO] 13-07-2025 12:56:49 [TestNG-test=User Add Product Test-1] LogUtils - Clear text on element By.xpath: //input[@id='password']
[INFO] 13-07-2025 12:56:49 [TestNG-test=User Add Product Test-1] LogUtils - Set text [123456] on element: By.xpath: //input[@id='password']
[INFO] 13-07-2025 12:56:51 [TestNG-test=User Add Product Test-1] LogUtils - Click on element By.xpath: //button[normalize-space()='Login']
[INFO] 13-07-2025 12:56:53 [TestNG-test=User Add Product Test-1] LogUtils - Get current url: https://cms.anhtester.com/admin
[INFO] 13-07-2025 12:56:53 [TestNG-test=User Add Product Test-1] LogUtils - checkElementExist: true --- By.xpath: (//span[normalize-space()='Dashboard'])[1]
[INFO] 13-07-2025 12:56:53 [TestNG-test=User Add Product Test-1] LogUtils - checkElementExist: true --- By.xpath: //span[normalize-space()='Admin Example']
[INFO] 13-07-2025 12:56:53 [TestNG-test=User Add Product Test-1] LogUtils - checkElementExist: true --- By.xpath: //span[normalize-space()='Clear Cache']
[INFO] 13-07-2025 12:56:53 [TestNG-test=User Add Product Test-1] LogUtils - Get text of element: By.xpath: //span[normalize-space()='Clear Cache'] || ==> Text Return: Clear Cache
[INFO] 13-07-2025 12:56:54 [TestNG-test=User Add Product Test-1] LogUtils - Click on element By.xpath: //ul[@id='main-menu']//span[normalize-space()='Products']
[INFO] 13-07-2025 12:56:55 [TestNG-test=User Add Product Test-1] LogUtils - Click on element By.xpath: //span[normalize-space()='Add New Product']
[INFO] 13-07-2025 12:56:55 [TestNG-test=User Add Product Test-1] LogUtils - Get current url: https://cms.anhtester.com/admin/products/create
[INFO] 13-07-2025 12:56:55 [TestNG-test=User Add Product Test-1] LogUtils - Get text of element: By.xpath: //h5[normalize-space()='Add New Product'] || ==> Text Return: Add New Product
[INFO] 13-07-2025 12:56:55 [TestNG-test=User Add Product Test-1] LogUtils - checkElementExist: true --- By.xpath: //h5[normalize-space()='Product Information']
[INFO] 13-07-2025 12:56:55 [TestNG-test=User Add Product Test-1] LogUtils - checkElementExist: true --- By.xpath: //h5[normalize-space()='Add New Product']
[INFO] 13-07-2025 12:56:55 [TestNG-test=User Add Product Test-1] LogUtils - Verify add new product page successfully
[INFO] 13-07-2025 12:56:55 [TestNG-test=User Add Product Test-1] LogUtils - Clear text on element By.xpath: //input[@name='name']
[INFO] 13-07-2025 12:56:56 [TestNG-test=User Add Product Test-1] LogUtils - Set text [Laptop Asus] on element: By.xpath: //input[@name='name']
[INFO] 13-07-2025 12:56:56 [TestNG-test=User Add Product Test-1] LogUtils - Click on element By.xpath: //button[@data-id='category_id']
[INFO] 13-07-2025 12:56:56 [TestNG-test=User Add Product Test-1] LogUtils - Set text [Laptop] on element: By.xpath: //button[@data-id='category_id']/following-sibling::div//input
[INFO] 13-07-2025 12:56:57 [TestNG-test=User Add Product Test-1] LogUtils - Click on element By.xpath: (//div[@id='bs-select-1']//li)[1]
[INFO] 13-07-2025 12:56:57 [TestNG-test=User Add Product Test-1] LogUtils - Click on element By.xpath: //button[@data-id='brand_id']
[INFO] 13-07-2025 12:56:57 [TestNG-test=User Add Product Test-1] LogUtils - Set text [Asus] on element: By.xpath: //button[@data-id='brand_id']/following-sibling::div//input
[INFO] 13-07-2025 12:56:58 [TestNG-test=User Add Product Test-1] LogUtils - Click on element By.xpath: (//div[@id='bs-select-2']//li)[1]
[INFO] 13-07-2025 12:56:58 [TestNG-test=User Add Product Test-1] LogUtils - Clear text on element By.xpath: //input[@name='unit']
[INFO] 13-07-2025 12:56:58 [TestNG-test=User Add Product Test-1] LogUtils - Set text [PC] on element: By.xpath: //input[@name='unit']
[INFO] 13-07-2025 12:56:59 [TestNG-test=User Add Product Test-1] LogUtils - Clear text on element By.xpath: //input[@name='weight']
[INFO] 13-07-2025 12:56:59 [TestNG-test=User Add Product Test-1] LogUtils - Set text [5] on element: By.xpath: //input[@name='weight']
[INFO] 13-07-2025 12:56:59 [TestNG-test=User Add Product Test-1] LogUtils - Set text [laptop asus] on element: By.xpath: //tags[@role='tagslist']
[INFO] 13-07-2025 12:57:00 [TestNG-test=User Add Product Test-1] LogUtils - Click on element By.xpath: //label[@for='signinSrEmail' and contains(normalize-space(), 'Gallery Images ')]/following-sibling::div/div
[INFO] 13-07-2025 12:57:02 [TestNG-test=User Add Product Test-1] LogUtils - Click on element By.xpath: //a[normalize-space()='Upload New']
[INFO] 13-07-2025 12:57:02 [TestNG-test=User Add Product Test-1] LogUtils - Click on element By.xpath: //button[normalize-space()='Browse']
[INFO] 13-07-2025 12:57:04 [TestNG-test=User Add Product Test-1] LogUtils - 📁 File path để upload: D:\LearnAutomationTest\EcommerceAutomationTesting\src\test\resources\datatest\laptop_asus.webp
[INFO] 13-07-2025 12:57:04 [TestNG-test=User Add Product Test-1] LogUtils - 📋 Đã copy đường dẫn file vào clipboard
[INFO] 13-07-2025 12:57:05 [TestNG-test=User Add Product Test-1] LogUtils - ⌨️ Đã thực hiện Ctrl + V
[INFO] 13-07-2025 12:57:07 [TestNG-test=User Add Product Test-1] LogUtils - ⏎ Đã nhấn Enter để xác nhận chọn file
[INFO] 13-07-2025 12:57:09 [TestNG-test=User Add Product Test-1] LogUtils - Click on element By.xpath: //a[normalize-space()='Select File']
[INFO] 13-07-2025 12:57:10 [TestNG-test=User Add Product Test-1] LogUtils - Click element with JavaScript: By.xpath: (//div[@title='laptop_asus.webp'])[25]
[INFO] 13-07-2025 12:57:11 [TestNG-test=User Add Product Test-1] LogUtils - Click on element By.xpath: //button[normalize-space()='Add Files']
[INFO] 13-07-2025 12:57:11 [TestNG-test=User Add Product Test-1] LogUtils - ✅ Upload file thành công và đã xác nhận trong UI
[INFO] 13-07-2025 12:57:12 [TestNG-test=User Add Product Test-1] LogUtils - Click on element By.xpath: //label[@for='signinSrEmail' and contains(normalize-space(), 'Thumbnail Image ')]/following-sibling::div/div[@data-type='image']
[INFO] 13-07-2025 12:57:14 [TestNG-test=User Add Product Test-1] LogUtils - Click on element By.xpath: //a[normalize-space()='Upload New']
[INFO] 13-07-2025 12:57:15 [TestNG-test=User Add Product Test-1] LogUtils - Click on element By.xpath: //button[normalize-space()='Browse']
[INFO] 13-07-2025 12:57:17 [TestNG-test=User Add Product Test-1] LogUtils - 📁 File path để upload: D:\LearnAutomationTest\EcommerceAutomationTesting\src\test\resources\datatest\laptop_asus.webp
[INFO] 13-07-2025 12:57:17 [TestNG-test=User Add Product Test-1] LogUtils - 📋 Đã copy đường dẫn file vào clipboard
[INFO] 13-07-2025 12:57:17 [TestNG-test=User Add Product Test-1] LogUtils - ⌨️ Đã thực hiện Ctrl + V
[INFO] 13-07-2025 12:57:19 [TestNG-test=User Add Product Test-1] LogUtils - ⏎ Đã nhấn Enter để xác nhận chọn file
[INFO] 13-07-2025 12:57:21 [TestNG-test=User Add Product Test-1] LogUtils - Click on element By.xpath: //a[normalize-space()='Select File']
[INFO] 13-07-2025 12:57:22 [TestNG-test=User Add Product Test-1] LogUtils - Click element with JavaScript: By.xpath: (//div[@title='laptop_asus.webp'])[27]
[INFO] 13-07-2025 12:57:23 [TestNG-test=User Add Product Test-1] LogUtils - Click on element By.xpath: //button[normalize-space()='Add Files']
[INFO] 13-07-2025 12:57:23 [TestNG-test=User Add Product Test-1] LogUtils - ✅ Upload file thành công và đã xác nhận trong UI
[INFO] 13-07-2025 12:57:24 [TestNG-test=User Add Product Test-1] LogUtils - Click on element By.xpath: //button[@data-id='colors']/parent::div/parent::div/following-sibling::div/label
[INFO] 13-07-2025 12:57:24 [TestNG-test=User Add Product Test-1] LogUtils - Click on element By.xpath: //button[@data-id='colors']
[INFO] 13-07-2025 12:57:25 [TestNG-test=User Add Product Test-1] LogUtils - Clear text on element By.xpath: //button[@data-id='colors']/following-sibling::div//input
[INFO] 13-07-2025 12:57:25 [TestNG-test=User Add Product Test-1] LogUtils - Set text [Aqua] on element: By.xpath: //button[@data-id='colors']/following-sibling::div//input
[INFO] 13-07-2025 12:57:25 [TestNG-test=User Add Product Test-1] LogUtils - Click on element By.xpath: (//button[@data-id='colors']/following-sibling::div//ul/li)[1]
[INFO] 13-07-2025 12:57:26 [TestNG-test=User Add Product Test-1] LogUtils - Click on element By.xpath: //h5[normalize-space()='Product Variation']
[INFO] 13-07-2025 12:57:27 [TestNG-test=User Add Product Test-1] LogUtils - Clear text on element By.xpath: //input[@name='unit_price']
[INFO] 13-07-2025 12:57:27 [TestNG-test=User Add Product Test-1] LogUtils - Set text [3000] on element: By.xpath: //input[@name='unit_price']
[INFO] 13-07-2025 12:57:29 [TestNG-test=User Add Product Test-1] LogUtils - Clear text on element By.xpath: //input[@name='qty_Aqua']
[INFO] 13-07-2025 12:57:29 [TestNG-test=User Add Product Test-1] LogUtils - Set text [500] on element: By.xpath: //input[@name='qty_Aqua']
[INFO] 13-07-2025 12:57:29 [TestNG-test=User Add Product Test-1] LogUtils - Clear text on element By.xpath: //input[@name='price_Aqua']
[INFO] 13-07-2025 12:57:30 [TestNG-test=User Add Product Test-1] LogUtils - Set text [3000] on element: By.xpath: //input[@name='price_Aqua']
[INFO] 13-07-2025 12:57:32 [TestNG-test=User Add Product Test-1] LogUtils - Set text [Laptop asus vừa mạnh vừa đẹp] on element: By.xpath: //div[@role='textbox']
[INFO] 13-07-2025 12:57:32 [TestNG-test=User Add Product Test-1] LogUtils - 📝 Product Name: Laptop Asus
[INFO] 13-07-2025 12:57:32 [TestNG-test=User Add Product Test-1] LogUtils - 📂 Category: Laptop
[INFO] 13-07-2025 12:57:32 [TestNG-test=User Add Product Test-1] LogUtils - 🏷️ Brand: Asus
[INFO] 13-07-2025 12:57:32 [TestNG-test=User Add Product Test-1] LogUtils - 📏 Unit: PC
[INFO] 13-07-2025 12:57:32 [TestNG-test=User Add Product Test-1] LogUtils - ⚖️ Weight: 5
[INFO] 13-07-2025 12:57:32 [TestNG-test=User Add Product Test-1] LogUtils - 🔖 Tag: laptop asus
[INFO] 13-07-2025 12:57:32 [TestNG-test=User Add Product Test-1] LogUtils - 💵 Price: 3000
[INFO] 13-07-2025 12:57:32 [TestNG-test=User Add Product Test-1] LogUtils - 💵 Color: Aqua
[INFO] 13-07-2025 12:57:32 [TestNG-test=User Add Product Test-1] LogUtils - 📦 Quantity: 500
[INFO] 13-07-2025 12:57:32 [TestNG-test=User Add Product Test-1] LogUtils - 🧾 Description: Laptop asus vừa mạnh vừa đẹp
[INFO] 13-07-2025 12:57:32 [TestNG-test=User Add Product Test-1] LogUtils - 🖼️ Image path: laptop_asus.webp
[INFO] 13-07-2025 12:57:32 [TestNG-test=User Add Product Test-1] LogUtils - Click on element By.xpath: //button[normalize-space()='Save & Publish']
[INFO] 13-07-2025 12:57:34 [TestNG-test=User Add Product Test-1] LogUtils - Get text of element: By.xpath: //span[normalize-space()='Product has been inserted successfully'] || ==> Text Return: Product has been inserted successfully
[INFO] 13-07-2025 12:57:34 [TestNG-test=User Add Product Test-1] LogUtils - checkElementExist: true --- By.xpath: //span[normalize-space()='Product has been inserted successfully']
[INFO] 13-07-2025 12:57:34 [TestNG-test=User Add Product Test-1] LogUtils - Get current url: https://cms.anhtester.com/admin/products/admin
[INFO] 13-07-2025 12:57:35 [TestNG-test=User Add Product Test-1] LogUtils - 🔍 Tìm kiếm với từ khóa [Laptop Asus] bằng element: By.xpath: //input[@id='search']
[INFO] 13-07-2025 12:57:36 [TestNG-test=User Add Product Test-1] LogUtils - Get text of element: By.xpath: (//tbody/tr)[1]/td[2]//span || ==> Text Return: Laptop Asus
[INFO] 13-07-2025 12:57:36 [TestNG-test=User Add Product Test-1] LogUtils - checkElementExist: true --- By.xpath: //h5[normalize-space()='All Product']
[INFO] 13-07-2025 12:57:36 [TestNG-test=User Add Product Test-1] LogUtils - Get text of element: By.xpath: //h5[normalize-space()='All Product'] || ==> Text Return: All Product
[INFO] 13-07-2025 12:57:36 [TestNG-test=User Add Product Test-1] LogUtils - ✅ Verify add new product successfully !
[INFO] 13-07-2025 12:57:36 [TestNG-test=User Add Product Test-1] LogUtils - Get attribute of element By.xpath: (//a[@title='View'])[1]
[INFO] 13-07-2025 12:57:36 [TestNG-test=User Add Product Test-1] LogUtils - ==> Attribute value: https://cms.anhtester.com/product/laptop-asus-4
[INFO] 13-07-2025 12:57:36 [TestNG-test=User Add Product Test-1] LogUtils - Click on element By.xpath: (//a[@title='View'])[1]
[INFO] 13-07-2025 12:57:37 [TestNG-test=User Add Product Test-1] LogUtils - ✅ Switched to new tab with URL: https://cms.anhtester.com/product/laptop-asus-4
[INFO] 13-07-2025 12:57:37 [TestNG-test=User Add Product Test-1] LogUtils - start verifyProductDetailPage
[INFO] 13-07-2025 12:57:37 [TestNG-test=User Add Product Test-1] LogUtils - Get current url: https://cms.anhtester.com/product/laptop-asus-4
[INFO] 13-07-2025 12:57:37 [TestNG-test=User Add Product Test-1] LogUtils - currentURL verify product detail page: https://cms.anhtester.com/product/laptop-asus-4
[INFO] 13-07-2025 12:57:37 [TestNG-test=User Add Product Test-1] LogUtils - href expected verify product detail page: https://cms.anhtester.com/product/laptop-asus-4
[INFO] 13-07-2025 12:57:37 [TestNG-test=User Add Product Test-1] LogUtils - title verify product detail page: Laptop Asus
[INFO] 13-07-2025 12:57:37 [TestNG-test=User Add Product Test-1] LogUtils - Get text of element: By.xpath: //div[@class='text-left']/h1 || ==> Text Return: Laptop Asus
[INFO] 13-07-2025 12:57:37 [TestNG-test=User Add Product Test-1] LogUtils - href expected verify product detail page: https://cms.anhtester.com/product/laptop-asus-4
[INFO] 13-07-2025 12:57:37 [TestNG-test=User Add Product Test-1] LogUtils - title verify product detail page: Laptop Asus
[INFO] 13-07-2025 12:57:37 [TestNG-test=User Add Product Test-1] LogUtils - Get text of element: By.xpath: //div[@class='text-left']/h1 || ==> Text Return: Laptop Asus
[INFO] 13-07-2025 12:57:37 [TestNG-test=User Add Product Test-1] LogUtils - Get text of element: By.xpath: (//div[@class='text-left']//strong)[1] || ==> Text Return: $3,000.00
[INFO] 13-07-2025 12:57:37 [TestNG-test=User Add Product Test-1] LogUtils - Get text of element: By.xpath: (//div[@class='text-left']//strong)[1]/following-sibling::span || ==> Text Return: /PC
[INFO] 13-07-2025 12:57:37 [TestNG-test=User Add Product Test-1] LogUtils - Get text of element: By.xpath: //span[@id='available-quantity'] || ==> Text Return: 500
[INFO] 13-07-2025 12:57:37 [TestNG-test=User Add Product Test-1] LogUtils - Get text of element: By.xpath: //div[@id='tab_default_1']//p || ==> Text Return: Laptop asus vừa mạnh vừa đẹp
[INFO] 13-07-2025 12:57:37 [TestNG-test=User Add Product Test-1] LogUtils - 🔍 nameProduct UI: Laptop Asus | expected: Laptop Asus
[INFO] 13-07-2025 12:57:37 [TestNG-test=User Add Product Test-1] LogUtils - 🔍 priceProduct UI: 3000 | expected: 3000
[INFO] 13-07-2025 12:57:38 [TestNG-test=User Add Product Test-1] LogUtils - 🔍 unitProduct UI: PC | expected: PC
[INFO] 13-07-2025 12:57:38 [TestNG-test=User Add Product Test-1] LogUtils - 🔍 quantityProduct UI: 500 | expected: 500
[INFO] 13-07-2025 12:57:38 [TestNG-test=User Add Product Test-1] LogUtils - 🔍 descriptionProduct UI: Laptop asus vừa mạnh vừa đẹp | expected: Laptop asus vừa mạnh vừa đẹp
[INFO] 13-07-2025 12:57:38 [TestNG-test=User Add Product Test-1] LogUtils - ✅ Verify info product detail with excel data successfully !
[INFO] 13-07-2025 12:57:41 [TestNG-test=User Add Product Test-1] LogUtils - ✅ Đây là Test case chạy thành công: testAdminCheckDetailProduct
[INFO] 13-07-2025 12:57:41 [main] LogUtils - ⭐️ Total test: 8
[INFO] 13-07-2025 12:57:41 [main] LogUtils - ⭐️ Passed: 8
[INFO] 13-07-2025 12:57:41 [main] LogUtils - ⭐️ Failed: 0
[INFO] 13-07-2025 12:57:41 [main] LogUtils - ⭐️ Skipped: 0
[INFO] 13-07-2025 12:57:41 [main] LogUtils - 🟢 Kết thúc toàn bộ suite: User Add Product Test
[INFO] 13-07-2025 12:57:45 [main] LogUtils - ✅ Email with attachments sent!
[INFO] 13-07-2025 12:57:45 [main] LogUtils - ⚙\uFE0F Thời gian chạy toàn bộ test:Sun Jul 13 12:57:45 ICT 2025
[INFO] 13-07-2025 12:57:45 [main] LogUtils - ⚙️ Bắt đầu test suite cho class: UserAddCartTest
[INFO] 13-07-2025 12:57:45 [TestNG-test=User Add Product Test-1] LogUtils - Run with Edge browser (default)
[INFO] 13-07-2025 12:57:46 [TestNG-test=User Add Product Test-1] LogUtils - Bắt đầu chạy test: testAddCart
[INFO] 13-07-2025 12:57:48 [TestNG-test=User Add Product Test-1] LogUtils - 🌐 Open URL: https://cms.anhtester.com/
[INFO] 13-07-2025 12:57:49 [TestNG-test=User Add Product Test-1] LogUtils - checkElementExist: true --- By.xpath: //b[normalize-space()='Website Demo']
[INFO] 13-07-2025 12:57:49 [TestNG-test=User Add Product Test-1] LogUtils - Click on element By.xpath: //b[normalize-space()='Website Demo']/following::button[@data-value='removed']
[INFO] 13-07-2025 12:57:50 [TestNG-test=User Add Product Test-1] LogUtils - Click on element By.xpath: (//a[normalize-space()='Login'])[1]
[INFO] 13-07-2025 12:57:50 [TestNG-test=User Add Product Test-1] LogUtils - checkElementExist: true --- By.xpath: //a[contains(normalize-space(), 'Forgot password')]
[INFO] 13-07-2025 12:57:50 [TestNG-test=User Add Product Test-1] LogUtils - Clear text on element By.xpath: //input[@id='email']
[INFO] 13-07-2025 12:57:51 [TestNG-test=User Add Product Test-1] LogUtils - Set text [customer@example.com] on element: By.xpath: //input[@id='email']
[INFO] 13-07-2025 12:57:51 [TestNG-test=User Add Product Test-1] LogUtils - Clear text on element By.xpath: //input[@id='password']
[INFO] 13-07-2025 12:57:51 [TestNG-test=User Add Product Test-1] LogUtils - Set text [123456] on element: By.xpath: //input[@id='password']
[INFO] 13-07-2025 12:57:53 [TestNG-test=User Add Product Test-1] LogUtils - Click on element By.xpath: //button[normalize-space()='Login']
[INFO] 13-07-2025 12:57:53 [TestNG-test=User Add Product Test-1] LogUtils - Clear text on element By.xpath: //input[@id='search' and @name='keyword']
[INFO] 13-07-2025 12:57:53 [TestNG-test=User Add Product Test-1] LogUtils - Set text [laptop asus] on element: By.xpath: //input[@id='search' and @name='keyword']
[INFO] 13-07-2025 12:57:53 [TestNG-test=User Add Product Test-1] LogUtils - Click on element By.xpath: //input[@id='search' and @name='keyword']/following-sibling::div/button[@type='submit']
[INFO] 13-07-2025 12:57:55 [TestNG-test=User Add Product Test-1] LogUtils - Get current url: https://cms.anhtester.com/search?keyword=laptop+asus
[INFO] 13-07-2025 12:57:55 [TestNG-test=User Add Product Test-1] LogUtils - verifyUserProductListPage: Passed - This Is Product List Page
[INFO] 13-07-2025 12:57:56 [TestNG-test=User Add Product Test-1] LogUtils - Get text of element: By.xpath: //div[@id='cart_items']//span[contains(@class, 'badge') and contains(@class, 'cart-count')] || ==> Text Return: 0
[INFO] 13-07-2025 12:57:57 [TestNG-test=User Add Product Test-1] LogUtils - Click on element By.xpath: ((//form[@id='search-form']/descendant::div[@class='col'])[1]/descendant::a[@data-title='Add to cart'])[1]
[INFO] 13-07-2025 12:57:57 [TestNG-test=User Add Product Test-1] LogUtils - Get text of element: By.xpath: (//form[@id='search-form']/descendant::div[@class='col'])[1]/descendant::div[contains(@class, 'rating')]/following-sibling::h3/a || ==> Text Return: Laptop Asus
[INFO] 13-07-2025 12:57:57 [TestNG-test=User Add Product Test-1] LogUtils - Get text of element: By.xpath: (//form[@id='search-form']/descendant::div[@class='col'])[2]/descendant::div[contains(@class, 'rating')]/following-sibling::h3/a || ==> Text Return: Laptop Asus
[INFO] 13-07-2025 12:57:57 [TestNG-test=User Add Product Test-1] LogUtils - Get text of element: By.xpath: //div[@id='addToCart-modal-body']//h2 || ==> Text Return: Laptop Asus
[INFO] 13-07-2025 12:57:57 [TestNG-test=User Add Product Test-1] LogUtils - ✅ verifyPopupAddCart: verify success !
[INFO] 13-07-2025 12:57:57 [TestNG-test=User Add Product Test-1] LogUtils - Get text of element: By.xpath: (//div[@id='addToCart-modal-body']//strong)[1] || ==> Text Return: $3,000.00
[INFO] 13-07-2025 12:57:57 [TestNG-test=User Add Product Test-1] LogUtils - 🔍 Raw price (popup): $3,000.00
[INFO] 13-07-2025 12:57:57 [TestNG-test=User Add Product Test-1] LogUtils - 💡 Formatted price range: 3000.00
[INFO] 13-07-2025 12:57:57 [TestNG-test=User Add Product Test-1] LogUtils - 📌 prices[0]: 3000.00
[INFO] 13-07-2025 12:57:57 [TestNG-test=User Add Product Test-1] LogUtils - 💲 Chỉ có một mức giá: 3000.0
[INFO] 13-07-2025 12:57:57 [TestNG-test=User Add Product Test-1] LogUtils - Get attribute of element By.xpath: //input[@name='quantity']
[INFO] 13-07-2025 12:57:57 [TestNG-test=User Add Product Test-1] LogUtils - ==> Attribute value: 1
[INFO] 13-07-2025 12:57:57 [TestNG-test=User Add Product Test-1] LogUtils - Get text of element: By.xpath: //div[@id='addToCart-modal-body']//h2 || ==> Text Return: Laptop Asus
[INFO] 13-07-2025 12:57:58 [TestNG-test=User Add Product Test-1] LogUtils - Click on element By.xpath: //span[normalize-space()='Add to cart']
[INFO] 13-07-2025 12:57:58 [TestNG-test=User Add Product Test-1] LogUtils - Click button add cart in popup add cart
[INFO] 13-07-2025 12:57:58 [TestNG-test=User Add Product Test-1] LogUtils - checkElementExist: true --- By.xpath: //h3[normalize-space()='Item added to your cart!']
[INFO] 13-07-2025 12:57:58 [TestNG-test=User Add Product Test-1] LogUtils - checkElementExist: true --- By.xpath: //span[normalize-space()='Frequently Bought Together']
[INFO] 13-07-2025 12:57:58 [TestNG-test=User Add Product Test-1] LogUtils - checkElementExist: true --- By.xpath: //h3[normalize-space()='Item added to your cart!']
[INFO] 13-07-2025 12:57:58 [TestNG-test=User Add Product Test-1] LogUtils - checkElementExist: true --- By.xpath: //span[normalize-space()='Frequently Bought Together']
[INFO] 13-07-2025 12:57:58 [TestNG-test=User Add Product Test-1] LogUtils - Get text of element: By.xpath: //div[@id='cart_items']//span[contains(@class, 'badge') and contains(@class, 'cart-count')] || ==> Text Return: 1
[INFO] 13-07-2025 12:57:58 [TestNG-test=User Add Product Test-1] LogUtils - verifyPopupAddCartSuccess countProductCart: 1
[INFO] 13-07-2025 12:57:58 [TestNG-test=User Add Product Test-1] LogUtils - verifyPopupAddCartSuccess getCartCount: 1
[INFO] 13-07-2025 12:57:58 [TestNG-test=User Add Product Test-1] LogUtils - verifyPopupAddCartSuccess: popup add cart success!
[INFO] 13-07-2025 12:57:59 [TestNG-test=User Add Product Test-1] LogUtils - Click on element By.xpath: //div[@id='addToCart']/descendant::button[contains(@class, 'close') and @aria-label='Close']
[INFO] 13-07-2025 12:57:59 [TestNG-test=User Add Product Test-1] LogUtils - Click button close popup add cart
[INFO] 13-07-2025 12:58:01 [TestNG-test=User Add Product Test-1] LogUtils - Click on element By.xpath: ((//form[@id='search-form']/descendant::div[@class='col'])[2]/descendant::a[@data-title='Add to cart'])[1]
[INFO] 13-07-2025 12:58:01 [TestNG-test=User Add Product Test-1] LogUtils - Get text of element: By.xpath: (//form[@id='search-form']/descendant::div[@class='col'])[1]/descendant::div[contains(@class, 'rating')]/following-sibling::h3/a || ==> Text Return: Laptop Asus
[INFO] 13-07-2025 12:58:01 [TestNG-test=User Add Product Test-1] LogUtils - Get text of element: By.xpath: (//form[@id='search-form']/descendant::div[@class='col'])[2]/descendant::div[contains(@class, 'rating')]/following-sibling::h3/a || ==> Text Return: Laptop Asus
[INFO] 13-07-2025 12:58:02 [TestNG-test=User Add Product Test-1] LogUtils - Get text of element: By.xpath: //div[@id='addToCart-modal-body']//h2 || ==> Text Return: Laptop Asus
[INFO] 13-07-2025 12:58:02 [TestNG-test=User Add Product Test-1] LogUtils - ✅ verifyPopupAddCart: verify success !
[INFO] 13-07-2025 12:58:02 [TestNG-test=User Add Product Test-1] LogUtils - Get text of element: By.xpath: (//div[@id='addToCart-modal-body']//strong)[1] || ==> Text Return: $3,000.00
[INFO] 13-07-2025 12:58:02 [TestNG-test=User Add Product Test-1] LogUtils - 🔍 Raw price (popup): $3,000.00
[INFO] 13-07-2025 12:58:02 [TestNG-test=User Add Product Test-1] LogUtils - 💡 Formatted price range: 3000.00
[INFO] 13-07-2025 12:58:02 [TestNG-test=User Add Product Test-1] LogUtils - 📌 prices[0]: 3000.00
[INFO] 13-07-2025 12:58:02 [TestNG-test=User Add Product Test-1] LogUtils - 💲 Chỉ có một mức giá: 3000.0
[INFO] 13-07-2025 12:58:02 [TestNG-test=User Add Product Test-1] LogUtils - Get attribute of element By.xpath: //input[@name='quantity']
[INFO] 13-07-2025 12:58:02 [TestNG-test=User Add Product Test-1] LogUtils - ==> Attribute value: 1
[INFO] 13-07-2025 12:58:02 [TestNG-test=User Add Product Test-1] LogUtils - Get text of element: By.xpath: //div[@id='addToCart-modal-body']//h2 || ==> Text Return: Laptop Asus
[INFO] 13-07-2025 12:58:02 [TestNG-test=User Add Product Test-1] LogUtils - Click on element By.xpath: //span[normalize-space()='Add to cart']
[INFO] 13-07-2025 12:58:02 [TestNG-test=User Add Product Test-1] LogUtils - Click button add cart in popup add cart
[INFO] 13-07-2025 12:58:03 [TestNG-test=User Add Product Test-1] LogUtils - checkElementExist: true --- By.xpath: //h3[normalize-space()='Item added to your cart!']
[INFO] 13-07-2025 12:58:03 [TestNG-test=User Add Product Test-1] LogUtils - checkElementExist: true --- By.xpath: //span[normalize-space()='Frequently Bought Together']
[INFO] 13-07-2025 12:58:03 [TestNG-test=User Add Product Test-1] LogUtils - checkElementExist: true --- By.xpath: //h3[normalize-space()='Item added to your cart!']
[INFO] 13-07-2025 12:58:03 [TestNG-test=User Add Product Test-1] LogUtils - checkElementExist: true --- By.xpath: //span[normalize-space()='Frequently Bought Together']
[INFO] 13-07-2025 12:58:03 [TestNG-test=User Add Product Test-1] LogUtils - Get text of element: By.xpath: //div[@id='cart_items']//span[contains(@class, 'badge') and contains(@class, 'cart-count')] || ==> Text Return: 2
[INFO] 13-07-2025 12:58:03 [TestNG-test=User Add Product Test-1] LogUtils - verifyPopupAddCartSuccess countProductCart: 2
[INFO] 13-07-2025 12:58:03 [TestNG-test=User Add Product Test-1] LogUtils - verifyPopupAddCartSuccess getCartCount: 2
[INFO] 13-07-2025 12:58:03 [TestNG-test=User Add Product Test-1] LogUtils - verifyPopupAddCartSuccess: popup add cart success!
[INFO] 13-07-2025 12:58:03 [TestNG-test=User Add Product Test-1] LogUtils - Click on element By.xpath: //div[@id='addToCart']/descendant::button[contains(@class, 'close') and @aria-label='Close']
[INFO] 13-07-2025 12:58:03 [TestNG-test=User Add Product Test-1] LogUtils - Click button close popup add cart
[INFO] 13-07-2025 12:58:04 [TestNG-test=User Add Product Test-1] LogUtils - Click on element By.xpath: //div[@id='cart_items']
[INFO] 13-07-2025 12:58:04 [TestNG-test=User Add Product Test-1] LogUtils - checkElementExist: true --- By.xpath: //div[normalize-space()='Cart Items']
[INFO] 13-07-2025 12:58:04 [TestNG-test=User Add Product Test-1] LogUtils - checkElementExist: true --- By.xpath: //span[normalize-space()='Subtotal']
[INFO] 13-07-2025 12:58:04 [TestNG-test=User Add Product Test-1] LogUtils - checkElementExist: true --- By.xpath: //a[normalize-space()='View cart']
[INFO] 13-07-2025 12:58:04 [TestNG-test=User Add Product Test-1] LogUtils - Get text of element: By.xpath: //div[normalize-space()='Cart Items'] || ==> Text Return: Cart Items
[INFO] 13-07-2025 12:58:04 [TestNG-test=User Add Product Test-1] LogUtils - 📦 Product: Laptop Asus
[INFO] 13-07-2025 12:58:04 [TestNG-test=User Add Product Test-1] LogUtils - Quantity: 1, Price: 3000.0, Subtotal: 3000.0
[INFO] 13-07-2025 12:58:04 [TestNG-test=User Add Product Test-1] LogUtils - 📦 Product: Laptop Asus
[INFO] 13-07-2025 12:58:04 [TestNG-test=User Add Product Test-1] LogUtils - Quantity: 1, Price: 3000.0, Subtotal: 3000.0
[INFO] 13-07-2025 12:58:04 [TestNG-test=User Add Product Test-1] LogUtils - Get text of element: By.xpath: //span[normalize-space()='Subtotal']/following-sibling::span || ==> Text Return: $6,000.00
[INFO] 13-07-2025 12:58:04 [TestNG-test=User Add Product Test-1] LogUtils - 🔢 Expected total: 6000.0 | Actual total: 6000.0
[INFO] 13-07-2025 12:58:04 [TestNG-test=User Add Product Test-1] LogUtils - ✅ verifyAddCartSuccess successfully! Sản phẩm còn lại: 2
[INFO] 13-07-2025 12:58:05 [TestNG-test=User Add Product Test-1] LogUtils - Click on element By.xpath: //a[normalize-space()='View cart']
[INFO] 13-07-2025 12:58:06 [TestNG-test=User Add Product Test-1] LogUtils - Get current url: https://cms.anhtester.com/cart
[INFO] 13-07-2025 12:58:06 [TestNG-test=User Add Product Test-1] LogUtils - checkElementExist: true --- By.xpath: //h3[contains(normalize-space(),'My Cart')]
[INFO] 13-07-2025 12:58:06 [TestNG-test=User Add Product Test-1] LogUtils - checkElementExist: true --- By.xpath: //section[@id='cart-summary']/descendant::span[normalize-space()='Subtotal']
[INFO] 13-07-2025 12:58:06 [TestNG-test=User Add Product Test-1] LogUtils - Get text of element: By.xpath: //h3[contains(normalize-space(),'My Cart')] || ==> Text Return: 1. My Cart
[INFO] 13-07-2025 12:58:06 [TestNG-test=User Add Product Test-1] LogUtils - Get text of element: By.xpath: //section[@id='cart-summary']/descendant::span[normalize-space()='Subtotal'] || ==> Text Return: Subtotal
[INFO] 13-07-2025 12:58:06 [TestNG-test=User Add Product Test-1] LogUtils - 🧾 Product: Laptop Asus - Aqua | Qty: 1 | Price: $3000.0 | Subtotal: $3000.0
[INFO] 13-07-2025 12:58:06 [TestNG-test=User Add Product Test-1] LogUtils - Total price each product actual: 3000.0, expected: 3000.0
[INFO] 13-07-2025 12:58:06 [TestNG-test=User Add Product Test-1] LogUtils - 🎯 Expected → Qty: 1 | Min: 3000.0 | Max: 3000.0
[INFO] 13-07-2025 12:58:06 [TestNG-test=User Add Product Test-1] LogUtils - 🧾 Product: Laptop Asus - Aqua | Qty: 1 | Price: $3000.0 | Subtotal: $3000.0
[INFO] 13-07-2025 12:58:06 [TestNG-test=User Add Product Test-1] LogUtils - Total price each product actual: 3000.0, expected: 3000.0
[INFO] 13-07-2025 12:58:06 [TestNG-test=User Add Product Test-1] LogUtils - 🎯 Expected → Qty: 1 | Min: 3000.0 | Max: 3000.0
[INFO] 13-07-2025 12:58:06 [TestNG-test=User Add Product Test-1] LogUtils - Get text of element: By.xpath: //section[@id='cart-summary']/descendant::span[normalize-space()='Subtotal']/following-sibling::span || ==> Text Return: $6,000.00
[INFO] 13-07-2025 12:58:06 [TestNG-test=User Add Product Test-1] LogUtils - 🔢 Expected total: 6000.0 | Actual total: 6000.0
[INFO] 13-07-2025 12:58:06 [TestNG-test=User Add Product Test-1] LogUtils - ✅ verifyProductInCart hoàn tất!
[INFO] 13-07-2025 12:58:07 [TestNG-test=User Add Product Test-1] LogUtils - Click on element By.xpath: //a[normalize-space()='Continue to Shipping']
[INFO] 13-07-2025 12:58:07 [TestNG-test=User Add Product Test-1] LogUtils - 🚛 Start verify shipping page
[INFO] 13-07-2025 12:58:07 [TestNG-test=User Add Product Test-1] LogUtils - Get current url: https://cms.anhtester.com/checkout
[INFO] 13-07-2025 12:58:07 [TestNG-test=User Add Product Test-1] LogUtils - Get CSS value color of element By.xpath: //h3[contains(normalize-space(), 'Shipping info')]
[INFO] 13-07-2025 12:58:07 [TestNG-test=User Add Product Test-1] LogUtils - ==> CSS value: rgba(230, 46, 4, 1)
[INFO] 13-07-2025 12:58:07 [TestNG-test=User Add Product Test-1] LogUtils - colorHeaderShippingPage: #e62e04
[INFO] 13-07-2025 12:58:08 [TestNG-test=User Add Product Test-1] LogUtils - 🔍 Trạng thái enabled của By.xpath: (//input[@name='address_id'])[1]/ancestor::label/parent::div: true
[INFO] 13-07-2025 12:58:08 [TestNG-test=User Add Product Test-1] LogUtils - 🔍 Trạng thái enabled của By.xpath: //div[text()='Add New Address']: true
[INFO] 13-07-2025 12:58:08 [TestNG-test=User Add Product Test-1] LogUtils - 🔍 Trạng thái enabled của By.xpath: //button[normalize-space()='Continue to Delivery Info']: true
[INFO] 13-07-2025 12:58:08 [TestNG-test=User Add Product Test-1] LogUtils - Get text of element: By.xpath: //button[normalize-space()='Continue to Delivery Info'] || ==> Text Return: Continue to Delivery Info
[INFO] 13-07-2025 12:58:09 [TestNG-test=User Add Product Test-1] LogUtils - ✅ An address option is already selected. No action taken.
[INFO] 13-07-2025 12:58:10 [TestNG-test=User Add Product Test-1] LogUtils - Click on element By.xpath: //button[normalize-space()='Continue to Delivery Info']
[INFO] 13-07-2025 12:58:10 [TestNG-test=User Add Product Test-1] LogUtils - Start verify delivery page
[INFO] 13-07-2025 12:58:10 [TestNG-test=User Add Product Test-1] LogUtils - Get current url: https://cms.anhtester.com/checkout/delivery_info
[INFO] 13-07-2025 12:58:10 [TestNG-test=User Add Product Test-1] LogUtils - Get text of element: By.xpath: //h3[normalize-space()='3. Delivery info'] || ==> Text Return: 3. Delivery info
[INFO] 13-07-2025 12:58:10 [TestNG-test=User Add Product Test-1] LogUtils - Get text of element: By.xpath: //h5[normalize-space()='Active eCommerce CMS Products'] || ==> Text Return: Active eCommerce CMS Products
[INFO] 13-07-2025 12:58:10 [TestNG-test=User Add Product Test-1] LogUtils - Get CSS value color of element By.xpath: //h3[normalize-space()='3. Delivery info']
[INFO] 13-07-2025 12:58:10 [TestNG-test=User Add Product Test-1] LogUtils - ==> CSS value: rgba(230, 46, 4, 1)
[INFO] 13-07-2025 12:58:10 [TestNG-test=User Add Product Test-1] LogUtils - checkElementExist: true --- By.xpath: //h5[normalize-space()='Active eCommerce CMS Products']
[INFO] 13-07-2025 12:58:11 [TestNG-test=User Add Product Test-1] LogUtils - checkElementExist: true --- By.xpath: //h3[normalize-space()='3. Delivery info']
[INFO] 13-07-2025 12:58:11 [TestNG-test=User Add Product Test-1] LogUtils - 🔍 Trạng thái enabled của By.xpath: //button[normalize-space()='Continue to Payment']: true
[INFO] 13-07-2025 12:58:11 [TestNG-test=User Add Product Test-1] LogUtils - Get text of element: By.xpath: //button[normalize-space()='Continue to Payment'] || ==> Text Return: Continue to Payment
[INFO] 13-07-2025 12:58:11 [TestNG-test=User Add Product Test-1] LogUtils - 🚛 Start verify product in delivery page
[INFO] 13-07-2025 12:58:11 [TestNG-test=User Add Product Test-1] LogUtils - 📦 nameProductActual: Laptop Asus
[INFO] 13-07-2025 12:58:11 [TestNG-test=User Add Product Test-1] LogUtils - 📦 nameProductActual: Laptop Asus
[INFO] 13-07-2025 12:58:12 [TestNG-test=User Add Product Test-1] LogUtils - Click on element By.xpath: //button[normalize-space()='Continue to Payment']
[INFO] 13-07-2025 12:58:12 [TestNG-test=User Add Product Test-1] LogUtils - 🚛 Start verify payment page
[INFO] 13-07-2025 12:58:12 [TestNG-test=User Add Product Test-1] LogUtils - Get current url: https://cms.anhtester.com/checkout/payment_select
[INFO] 13-07-2025 12:58:12 [TestNG-test=User Add Product Test-1] LogUtils - Get CSS value color of element By.xpath: //h3[normalize-space()='4. Payment']
[INFO] 13-07-2025 12:58:12 [TestNG-test=User Add Product Test-1] LogUtils - ==> CSS value: rgba(230, 46, 4, 1)
[INFO] 13-07-2025 12:58:12 [TestNG-test=User Add Product Test-1] LogUtils - Get text of element: By.xpath: //button[normalize-space()='Complete Order'] || ==> Text Return: Complete Order
[INFO] 13-07-2025 12:58:12 [TestNG-test=User Add Product Test-1] LogUtils - 🔍 Trạng thái enabled của By.xpath: //button[normalize-space()='Complete Order']: true
[INFO] 13-07-2025 12:58:12 [TestNG-test=User Add Product Test-1] LogUtils - 🚛 Start verify product in payment page
[INFO] 13-07-2025 12:58:12 [TestNG-test=User Add Product Test-1] LogUtils - Get text of element: By.xpath: //h3[normalize-space()='Summary']/following::span[contains(normalize-space(), 'Items')] || ==> Text Return: 2 Items
[INFO] 13-07-2025 12:58:12 [TestNG-test=User Add Product Test-1] LogUtils - countProductActual: 2
[INFO] 13-07-2025 12:58:12 [TestNG-test=User Add Product Test-1] LogUtils - countProductExpected: 2
[INFO] 13-07-2025 12:58:12 [TestNG-test=User Add Product Test-1] LogUtils - 🔍 Sản phẩm: Laptop Asus
[INFO] 13-07-2025 12:58:12 [TestNG-test=User Add Product Test-1] LogUtils -    Số lượng: 1
[INFO] 13-07-2025 12:58:12 [TestNG-test=User Add Product Test-1] LogUtils -    Giá: 3000.0
[INFO] 13-07-2025 12:58:13 [TestNG-test=User Add Product Test-1] LogUtils - 🔍 Sản phẩm: Laptop Asus
[INFO] 13-07-2025 12:58:13 [TestNG-test=User Add Product Test-1] LogUtils -    Số lượng: 1
[INFO] 13-07-2025 12:58:13 [TestNG-test=User Add Product Test-1] LogUtils -    Giá: 3000.0
[INFO] 13-07-2025 12:58:13 [TestNG-test=User Add Product Test-1] LogUtils - Get text of element: By.xpath: //th[normalize-space()='Subtotal']/following-sibling::td/span || ==> Text Return: $6,000.00
[INFO] 13-07-2025 12:58:13 [TestNG-test=User Add Product Test-1] LogUtils - 💰 Tổng tiền mong đợi (calculated): 6000.0
[INFO] 13-07-2025 12:58:13 [TestNG-test=User Add Product Test-1] LogUtils - 💰 Tổng tiền hiển thị UI: 6000.0
[INFO] 13-07-2025 12:58:13 [TestNG-test=User Add Product Test-1] LogUtils - Get text of element: By.xpath: //th[normalize-space()='Total Shipping']//following-sibling::td/span || ==> Text Return: $30,000.00
[INFO] 13-07-2025 12:58:13 [TestNG-test=User Add Product Test-1] LogUtils - Get text of element: By.xpath: //tr[@class='cart-total']/td//span || ==> Text Return: $36,000.00
[INFO] 13-07-2025 12:58:13 [TestNG-test=User Add Product Test-1] LogUtils - ✅ verifyProductPaymentPage: success!
[INFO] 13-07-2025 12:58:13 [TestNG-test=User Add Product Test-1] LogUtils - Click on element By.xpath: //input[@id='agree_checkbox']/ancestor::label[@class='aiz-checkbox']
[INFO] 13-07-2025 12:58:18 [TestNG-test=User Add Product Test-1] LogUtils - Click on element By.xpath: //button[normalize-space()='Complete Order']
[INFO] 13-07-2025 12:58:18 [TestNG-test=User Add Product Test-1] LogUtils - Get current url: https://cms.anhtester.com/checkout/order-confirmed
[INFO] 13-07-2025 12:58:18 [TestNG-test=User Add Product Test-1] LogUtils - Get CSS value color of element By.xpath: //h3[normalize-space()='5. Confirmation']
[INFO] 13-07-2025 12:58:18 [TestNG-test=User Add Product Test-1] LogUtils - ==> CSS value: rgba(230, 46, 4, 1)
[INFO] 13-07-2025 12:58:18 [TestNG-test=User Add Product Test-1] LogUtils - checkElementExist: true --- By.xpath: //span[normalize-space()='Your order has been placed successfully']
[INFO] 13-07-2025 12:58:18 [TestNG-test=User Add Product Test-1] LogUtils - Get text of element: By.xpath: //span[normalize-space()='Your order has been placed successfully'] || ==> Text Return: Your order has been placed successfully
[INFO] 13-07-2025 12:58:18 [TestNG-test=User Add Product Test-1] LogUtils - Verify order confirm page successfully!
[INFO] 13-07-2025 12:58:18 [TestNG-test=User Add Product Test-1] LogUtils - addProductToCart: success
[INFO] 13-07-2025 12:58:20 [TestNG-test=User Add Product Test-1] LogUtils - ✅ Đây là Test case chạy thành công: testAddCart
[INFO] 13-07-2025 12:58:20 [main] LogUtils - ⭐️ Total test: 9
[INFO] 13-07-2025 12:58:20 [main] LogUtils - ⭐️ Passed: 9
[INFO] 13-07-2025 12:58:20 [main] LogUtils - ⭐️ Failed: 0
[INFO] 13-07-2025 12:58:20 [main] LogUtils - ⭐️ Skipped: 0
[INFO] 13-07-2025 12:58:20 [main] LogUtils - 🟢 Kết thúc toàn bộ suite: User Add Product Test
[INFO] 13-07-2025 12:58:24 [main] LogUtils - ✅ Email with attachments sent!
[INFO] 13-07-2025 12:59:52 [main] LogUtils - ⚙\uFE0F Thời gian chạy toàn bộ test:Sun Jul 13 12:59:51 ICT 2025
[INFO] 13-07-2025 12:59:52 [main] LogUtils - ⚙️ Bắt đầu test suite cho class: UserLoginTest
[INFO] 13-07-2025 12:59:54 [TestNG-test=User Login Test-2] LogUtils - Login Data from Excel: [[Ljava.lang.Object;@3dd53131
[INFO] 13-07-2025 12:59:54 [TestNG-test=User Login Test-1] LogUtils - Login Data from Excel: [[Ljava.lang.Object;@25e83b05
[INFO] 13-07-2025 12:59:54 [TestNG-test=User Login Test-3] LogUtils - Login Data from Excel: [[Ljava.lang.Object;@3a0f0363
[INFO] 13-07-2025 12:59:59 [TestNG-test=User Login Test-1] LogUtils - Run with Edge browser
[INFO] 13-07-2025 12:59:59 [TestNG-test=User Login Test-3] LogUtils - Run with Edge browser
[INFO] 13-07-2025 12:59:59 [TestNG-test=User Login Test-2] LogUtils - Run with Edge browser
[INFO] 13-07-2025 12:59:59 [TestNG-test=User Login Test-1] LogUtils - Bắt đầu chạy test: testUserLoginPageSuccess
[INFO] 13-07-2025 12:59:59 [TestNG-test=User Login Test-2] LogUtils - Bắt đầu chạy test: testUserLoginPageFailWithInvalidEmail
[INFO] 13-07-2025 12:59:59 [TestNG-test=User Login Test-3] LogUtils - Bắt đầu chạy test: testUserLoginPageFailWithInvalidPassword
[INFO] 13-07-2025 13:00:01 [TestNG-test=User Login Test-2] LogUtils - 🌐 Open URL: https://cms.anhtester.com/
[INFO] 13-07-2025 13:00:03 [TestNG-test=User Login Test-3] LogUtils - 🌐 Open URL: https://cms.anhtester.com/
[INFO] 13-07-2025 13:00:03 [TestNG-test=User Login Test-3] LogUtils - checkElementExist: true --- By.xpath: //b[normalize-space()='Website Demo']
[INFO] 13-07-2025 13:00:03 [TestNG-test=User Login Test-2] LogUtils - checkElementExist: true --- By.xpath: //b[normalize-space()='Website Demo']
[INFO] 13-07-2025 13:00:03 [TestNG-test=User Login Test-1] LogUtils - 🌐 Open URL: https://cms.anhtester.com/
[INFO] 13-07-2025 13:00:03 [TestNG-test=User Login Test-1] LogUtils - checkElementExist: true --- By.xpath: //b[normalize-space()='Website Demo']
[INFO] 13-07-2025 13:00:04 [TestNG-test=User Login Test-2] LogUtils - Click on element By.xpath: //b[normalize-space()='Website Demo']/following::button[@data-value='removed']
[INFO] 13-07-2025 13:00:04 [TestNG-test=User Login Test-3] LogUtils - Click on element By.xpath: //b[normalize-space()='Website Demo']/following::button[@data-value='removed']
[INFO] 13-07-2025 13:00:04 [TestNG-test=User Login Test-1] LogUtils - Click on element By.xpath: //b[normalize-space()='Website Demo']/following::button[@data-value='removed']
[INFO] 13-07-2025 13:00:05 [TestNG-test=User Login Test-2] LogUtils - Click on element By.xpath: (//a[normalize-space()='Login'])[1]
[INFO] 13-07-2025 13:00:05 [TestNG-test=User Login Test-3] LogUtils - Click on element By.xpath: (//a[normalize-space()='Login'])[1]
[INFO] 13-07-2025 13:00:05 [TestNG-test=User Login Test-2] LogUtils - checkElementExist: true --- By.xpath: //a[contains(normalize-space(), 'Forgot password')]
[INFO] 13-07-2025 13:00:05 [TestNG-test=User Login Test-3] LogUtils - checkElementExist: true --- By.xpath: //a[contains(normalize-space(), 'Forgot password')]
[INFO] 13-07-2025 13:00:05 [TestNG-test=User Login Test-1] LogUtils - Click on element By.xpath: (//a[normalize-space()='Login'])[1]
[INFO] 13-07-2025 13:00:05 [TestNG-test=User Login Test-1] LogUtils - checkElementExist: true --- By.xpath: //a[contains(normalize-space(), 'Forgot password')]
[INFO] 13-07-2025 13:00:05 [TestNG-test=User Login Test-2] LogUtils - Clear text on element By.xpath: //input[@id='email']
[INFO] 13-07-2025 13:00:05 [TestNG-test=User Login Test-3] LogUtils - Clear text on element By.xpath: //input[@id='email']
[INFO] 13-07-2025 13:00:06 [TestNG-test=User Login Test-1] LogUtils - Clear text on element By.xpath: //input[@id='email']
[INFO] 13-07-2025 13:00:06 [TestNG-test=User Login Test-2] LogUtils - Set text [customer123@example.com] on element: By.xpath: //input[@id='email']
[INFO] 13-07-2025 13:00:06 [TestNG-test=User Login Test-3] LogUtils - Set text [customer@example.com] on element: By.xpath: //input[@id='email']
[INFO] 13-07-2025 13:00:06 [TestNG-test=User Login Test-1] LogUtils - Set text [customer@example.com] on element: By.xpath: //input[@id='email']
[INFO] 13-07-2025 13:00:06 [TestNG-test=User Login Test-2] LogUtils - Clear text on element By.xpath: //input[@id='password']
[INFO] 13-07-2025 13:00:06 [TestNG-test=User Login Test-3] LogUtils - Clear text on element By.xpath: //input[@id='password']
[INFO] 13-07-2025 13:00:06 [TestNG-test=User Login Test-1] LogUtils - Clear text on element By.xpath: //input[@id='password']
[INFO] 13-07-2025 13:00:06 [TestNG-test=User Login Test-2] LogUtils - Set text [123456] on element: By.xpath: //input[@id='password']
[INFO] 13-07-2025 13:00:06 [TestNG-test=User Login Test-3] LogUtils - Set text [123] on element: By.xpath: //input[@id='password']
[INFO] 13-07-2025 13:00:07 [TestNG-test=User Login Test-1] LogUtils - Set text [123456] on element: By.xpath: //input[@id='password']
[INFO] 13-07-2025 13:00:08 [TestNG-test=User Login Test-3] LogUtils - Click on element By.xpath: //button[normalize-space()='Login']
[INFO] 13-07-2025 13:00:08 [TestNG-test=User Login Test-2] LogUtils - Click on element By.xpath: //button[normalize-space()='Login']
[INFO] 13-07-2025 13:00:09 [TestNG-test=User Login Test-1] LogUtils - Click on element By.xpath: //button[normalize-space()='Login']
[INFO] 13-07-2025 13:00:10 [TestNG-test=User Login Test-2] LogUtils - Get text of element: By.xpath: //span[contains(normalize-space(), 'Invalid login')] || ==> Text Return: Invalid login credentials
[INFO] 13-07-2025 13:00:10 [TestNG-test=User Login Test-3] LogUtils - Get text of element: By.xpath: //span[contains(normalize-space(), 'Invalid login')] || ==> Text Return: Invalid login credentials
[INFO] 13-07-2025 13:00:10 [TestNG-test=User Login Test-3] LogUtils - Verify login fail success !
[INFO] 13-07-2025 13:00:10 [TestNG-test=User Login Test-2] LogUtils - Verify login fail success !
[INFO] 13-07-2025 13:00:10 [TestNG-test=User Login Test-3] LogUtils - ✅ Đây là Test case chạy thành công: testUserLoginPageFailWithInvalidPassword
[INFO] 13-07-2025 13:00:10 [TestNG-test=User Login Test-2] LogUtils - ✅ Đây là Test case chạy thành công: testUserLoginPageFailWithInvalidEmail
[INFO] 13-07-2025 13:00:11 [TestNG-test=User Login Test-1] LogUtils - checkElementExist: true --- By.xpath: (//span[normalize-space()='Dashboard'])[1]
[INFO] 13-07-2025 13:00:11 [TestNG-test=User Login Test-1] LogUtils - Verify login success !
[INFO] 13-07-2025 13:00:11 [TestNG-test=User Login Test-1] LogUtils - ✅ Đây là Test case chạy thành công: testUserLoginPageSuccess
[INFO] 13-07-2025 13:00:12 [main] LogUtils - ⭐️ Total test: 3
[INFO] 13-07-2025 13:00:12 [main] LogUtils - ⭐️ Passed: 3
[INFO] 13-07-2025 13:00:12 [main] LogUtils - ⭐️ Failed: 0
[INFO] 13-07-2025 13:00:12 [main] LogUtils - ⭐️ Skipped: 0
[INFO] 13-07-2025 13:00:12 [main] LogUtils - 🟢 Kết thúc toàn bộ suite: User Login Test
[INFO] 13-07-2025 13:00:15 [main] LogUtils - ✅ Email with attachments sent!
[INFO] 13-07-2025 13:00:16 [main] LogUtils - ⚙\uFE0F Thời gian chạy toàn bộ test:Sun Jul 13 13:00:16 ICT 2025
[INFO] 13-07-2025 13:00:16 [main] LogUtils - ⚙️ Bắt đầu test suite cho class: UserUpdateProfileTest
[INFO] 13-07-2025 13:00:17 [main] LogUtils - Run with Edge browser
[INFO] 13-07-2025 13:00:17 [main] LogUtils - Bắt đầu chạy test: testUpdateUserWithAddNewName
[INFO] 13-07-2025 13:00:19 [main] LogUtils - 🌐 Open URL: https://cms.anhtester.com/
[INFO] 13-07-2025 13:00:19 [main] LogUtils - checkElementExist: true --- By.xpath: //b[normalize-space()='Website Demo']
[INFO] 13-07-2025 13:00:20 [main] LogUtils - Click on element By.xpath: //b[normalize-space()='Website Demo']/following::button[@data-value='removed']
[INFO] 13-07-2025 13:00:21 [main] LogUtils - Click on element By.xpath: (//a[normalize-space()='Login'])[1]
[INFO] 13-07-2025 13:00:21 [main] LogUtils - checkElementExist: true --- By.xpath: //a[contains(normalize-space(), 'Forgot password')]
[INFO] 13-07-2025 13:00:21 [main] LogUtils - Clear text on element By.xpath: //input[@id='email']
[INFO] 13-07-2025 13:00:22 [main] LogUtils - Set text [customer@example.com] on element: By.xpath: //input[@id='email']
[INFO] 13-07-2025 13:00:22 [main] LogUtils - Clear text on element By.xpath: //input[@id='password']
[INFO] 13-07-2025 13:00:22 [main] LogUtils - Set text [123456] on element: By.xpath: //input[@id='password']
[INFO] 13-07-2025 13:00:24 [main] LogUtils - Click on element By.xpath: //button[normalize-space()='Login']
[INFO] 13-07-2025 13:00:24 [main] LogUtils - checkElementExist: true --- By.xpath: (//span[normalize-space()='Dashboard'])[1]
[INFO] 13-07-2025 13:00:24 [main] LogUtils - Verify login success !
[INFO] 13-07-2025 13:00:25 [main] LogUtils - checkElementExist: true --- By.xpath: (//span[normalize-space()='Manage Profile'])[1]
[INFO] 13-07-2025 13:00:26 [main] LogUtils - Click on element By.xpath: (//span[normalize-space()='Manage Profile'])[1]
[INFO] 13-07-2025 13:00:26 [main] LogUtils - Get current url: https://cms.anhtester.com/profile
[INFO] 13-07-2025 13:00:26 [main] LogUtils - checkElementExist: true --- By.xpath: //button[normalize-space()='Update Profile']
[INFO] 13-07-2025 13:00:26 [main] LogUtils - checkElementExist: true --- By.xpath: //input[@placeholder='Your name' and @name='name']
[INFO] 13-07-2025 13:00:27 [main] LogUtils - Get attribute of element By.xpath: //input[@placeholder='Your name' and @name='name']
[INFO] 13-07-2025 13:00:27 [main] LogUtils - ==> Attribute value: User Test
[INFO] 13-07-2025 13:00:27 [main] LogUtils - Clear text on element By.xpath: //input[@placeholder='Your name' and @name='name']
[INFO] 13-07-2025 13:00:27 [main] LogUtils - Set text [User Test Hoàng] on element: By.xpath: //input[@placeholder='Your name' and @name='name']
[INFO] 13-07-2025 13:00:27 [main] LogUtils - checkElementExist: true --- By.xpath: //button[normalize-space()='Update Profile']
[INFO] 13-07-2025 13:00:29 [main] LogUtils - Click on element By.xpath: //button[normalize-space()='Update Profile']
[INFO] 13-07-2025 13:00:30 [main] LogUtils - checkElementExist: true --- By.xpath: //input[@placeholder='Your name' and @name='name']
[INFO] 13-07-2025 13:00:30 [main] LogUtils - Get attribute of element By.xpath: //input[@placeholder='Your name' and @name='name']
[INFO] 13-07-2025 13:00:30 [main] LogUtils - ==> Attribute value: User Test Hoàng
[INFO] 13-07-2025 13:00:30 [main] LogUtils - checkElementExist: true --- By.xpath: //span[contains(normalize-space(), 'updated successfully')]
[INFO] 13-07-2025 13:00:30 [main] LogUtils - verifyUpdateUserProfileSuccess: profile updated successfully!
[INFO] 13-07-2025 13:00:30 [main] LogUtils - checkElementExist: true --- By.xpath: //span[contains(normalize-space(), 'updated successfully')]
[INFO] 13-07-2025 13:00:30 [main] LogUtils - verifyUpdateUserProfileSuccess: profile updated successfully!
[INFO] 13-07-2025 13:00:30 [main] LogUtils - ✅ Đây là Test case chạy thành công: testUpdateUserWithAddNewName
[INFO] 13-07-2025 13:00:32 [main] LogUtils - Run with Edge browser
[INFO] 13-07-2025 13:00:33 [main] LogUtils - Bắt đầu chạy test: testUpdateUserWithChangeValue
[INFO] 13-07-2025 13:00:35 [main] LogUtils - 🌐 Open URL: https://cms.anhtester.com/
[INFO] 13-07-2025 13:00:35 [main] LogUtils - checkElementExist: true --- By.xpath: //b[normalize-space()='Website Demo']
[INFO] 13-07-2025 13:00:35 [main] LogUtils - Click on element By.xpath: //b[normalize-space()='Website Demo']/following::button[@data-value='removed']
[INFO] 13-07-2025 13:00:36 [main] LogUtils - Click on element By.xpath: (//a[normalize-space()='Login'])[1]
[INFO] 13-07-2025 13:00:36 [main] LogUtils - checkElementExist: true --- By.xpath: //a[contains(normalize-space(), 'Forgot password')]
[INFO] 13-07-2025 13:00:37 [main] LogUtils - Clear text on element By.xpath: //input[@id='email']
[INFO] 13-07-2025 13:00:37 [main] LogUtils - Set text [customer@example.com] on element: By.xpath: //input[@id='email']
[INFO] 13-07-2025 13:00:37 [main] LogUtils - Clear text on element By.xpath: //input[@id='password']
[INFO] 13-07-2025 13:00:38 [main] LogUtils - Set text [123456] on element: By.xpath: //input[@id='password']
[INFO] 13-07-2025 13:00:39 [main] LogUtils - Click on element By.xpath: //button[normalize-space()='Login']
[INFO] 13-07-2025 13:00:39 [main] LogUtils - checkElementExist: true --- By.xpath: (//span[normalize-space()='Dashboard'])[1]
[INFO] 13-07-2025 13:00:39 [main] LogUtils - Verify login success !
[INFO] 13-07-2025 13:00:40 [main] LogUtils - checkElementExist: true --- By.xpath: (//span[normalize-space()='Manage Profile'])[1]
[INFO] 13-07-2025 13:00:42 [main] LogUtils - Click on element By.xpath: (//span[normalize-space()='Manage Profile'])[1]
[INFO] 13-07-2025 13:00:42 [main] LogUtils - Get current url: https://cms.anhtester.com/profile
[INFO] 13-07-2025 13:00:42 [main] LogUtils - checkElementExist: true --- By.xpath: //button[normalize-space()='Update Profile']
[INFO] 13-07-2025 13:00:42 [main] LogUtils - checkElementExist: true --- By.xpath: //input[@placeholder='Your name' and @name='name']
[INFO] 13-07-2025 13:00:42 [main] LogUtils - Get attribute of element By.xpath: //input[@placeholder='Your name' and @name='name']
[INFO] 13-07-2025 13:00:42 [main] LogUtils - ==> Attribute value: User Test Hoàng
[INFO] 13-07-2025 13:00:42 [main] LogUtils - Clear text on element By.xpath: //input[@placeholder='Your name' and @name='name']
[INFO] 13-07-2025 13:00:43 [main] LogUtils - Set text [User Test Tài] on element: By.xpath: //input[@placeholder='Your name' and @name='name']
[INFO] 13-07-2025 13:00:43 [main] LogUtils - checkElementExist: true --- By.xpath: //button[normalize-space()='Update Profile']
[INFO] 13-07-2025 13:00:44 [main] LogUtils - Click on element By.xpath: //button[normalize-space()='Update Profile']
[INFO] 13-07-2025 13:00:45 [main] LogUtils - checkElementExist: true --- By.xpath: //input[@placeholder='Your name' and @name='name']
[INFO] 13-07-2025 13:00:45 [main] LogUtils - Get attribute of element By.xpath: //input[@placeholder='Your name' and @name='name']
[INFO] 13-07-2025 13:00:45 [main] LogUtils - ==> Attribute value: User Test Tài
[INFO] 13-07-2025 13:00:45 [main] LogUtils - checkElementExist: true --- By.xpath: //span[contains(normalize-space(), 'updated successfully')]
[INFO] 13-07-2025 13:00:45 [main] LogUtils - verifyUpdateUserProfileSuccess: profile updated successfully!
[INFO] 13-07-2025 13:00:45 [main] LogUtils - checkElementExist: true --- By.xpath: //span[contains(normalize-space(), 'updated successfully')]
[INFO] 13-07-2025 13:00:45 [main] LogUtils - verifyUpdateUserProfileSuccess: profile updated successfully!
[INFO] 13-07-2025 13:00:45 [main] LogUtils - ✅ Đây là Test case chạy thành công: testUpdateUserWithChangeValue
[INFO] 13-07-2025 13:00:48 [main] LogUtils - Run with Edge browser
[INFO] 13-07-2025 13:00:48 [main] LogUtils - Bắt đầu chạy test: testUpdateUserWithDeletePart
[INFO] 13-07-2025 13:00:50 [main] LogUtils - 🌐 Open URL: https://cms.anhtester.com/
[INFO] 13-07-2025 13:00:50 [main] LogUtils - checkElementExist: true --- By.xpath: //b[normalize-space()='Website Demo']
[INFO] 13-07-2025 13:00:51 [main] LogUtils - Click on element By.xpath: //b[normalize-space()='Website Demo']/following::button[@data-value='removed']
[INFO] 13-07-2025 13:00:52 [main] LogUtils - Click on element By.xpath: (//a[normalize-space()='Login'])[1]
[INFO] 13-07-2025 13:00:52 [main] LogUtils - checkElementExist: true --- By.xpath: //a[contains(normalize-space(), 'Forgot password')]
[INFO] 13-07-2025 13:00:52 [main] LogUtils - Clear text on element By.xpath: //input[@id='email']
[INFO] 13-07-2025 13:00:52 [main] LogUtils - Set text [customer@example.com] on element: By.xpath: //input[@id='email']
[INFO] 13-07-2025 13:00:53 [main] LogUtils - Clear text on element By.xpath: //input[@id='password']
[INFO] 13-07-2025 13:00:53 [main] LogUtils - Set text [123456] on element: By.xpath: //input[@id='password']
[INFO] 13-07-2025 13:00:56 [main] LogUtils - Click on element By.xpath: //button[normalize-space()='Login']
[INFO] 13-07-2025 13:00:56 [main] LogUtils - checkElementExist: true --- By.xpath: (//span[normalize-space()='Dashboard'])[1]
[INFO] 13-07-2025 13:00:56 [main] LogUtils - Verify login success !
[INFO] 13-07-2025 13:00:57 [main] LogUtils - checkElementExist: true --- By.xpath: (//span[normalize-space()='Manage Profile'])[1]
[INFO] 13-07-2025 13:00:58 [main] LogUtils - Click on element By.xpath: (//span[normalize-space()='Manage Profile'])[1]
[INFO] 13-07-2025 13:00:59 [main] LogUtils - Get current url: https://cms.anhtester.com/profile
[INFO] 13-07-2025 13:00:59 [main] LogUtils - checkElementExist: true --- By.xpath: //button[normalize-space()='Update Profile']
[INFO] 13-07-2025 13:00:59 [main] LogUtils - checkElementExist: true --- By.xpath: //input[@placeholder='Your name' and @name='name']
[INFO] 13-07-2025 13:00:59 [main] LogUtils - Get attribute of element By.xpath: //input[@placeholder='Your name' and @name='name']
[INFO] 13-07-2025 13:00:59 [main] LogUtils - ==> Attribute value: User Test Tài
[INFO] 13-07-2025 13:00:59 [main] LogUtils - Clear text on element By.xpath: //input[@placeholder='Your name' and @name='name']
[INFO] 13-07-2025 13:01:00 [main] LogUtils - Set text [User Test] on element: By.xpath: //input[@placeholder='Your name' and @name='name']
[INFO] 13-07-2025 13:01:00 [main] LogUtils - checkElementExist: true --- By.xpath: //button[normalize-space()='Update Profile']
[INFO] 13-07-2025 13:01:01 [main] LogUtils - Click on element By.xpath: //button[normalize-space()='Update Profile']
[INFO] 13-07-2025 13:01:02 [main] LogUtils - checkElementExist: true --- By.xpath: //input[@placeholder='Your name' and @name='name']
[INFO] 13-07-2025 13:01:02 [main] LogUtils - checkElementExist: true --- By.xpath: //span[contains(normalize-space(), 'updated successfully')]
[INFO] 13-07-2025 13:01:02 [main] LogUtils - verifyUpdateUserProfileSuccess: profile updated successfully!
[INFO] 13-07-2025 13:01:02 [main] LogUtils - ✅ Đây là Test case chạy thành công: testUpdateUserWithDeletePart
[INFO] 13-07-2025 13:01:03 [main] LogUtils - ⭐️ Total test: 6
[INFO] 13-07-2025 13:01:03 [main] LogUtils - ⭐️ Passed: 6
[INFO] 13-07-2025 13:01:03 [main] LogUtils - ⭐️ Failed: 0
[INFO] 13-07-2025 13:01:03 [main] LogUtils - ⭐️ Skipped: 0
[INFO] 13-07-2025 13:01:03 [main] LogUtils - 🟢 Kết thúc toàn bộ suite: Update User Profile Test
[INFO] 13-07-2025 13:01:06 [main] LogUtils - ✅ Email with attachments sent!
[INFO] 13-07-2025 13:01:06 [main] LogUtils - ⚙\uFE0F Thời gian chạy toàn bộ test:Sun Jul 13 13:01:06 ICT 2025
[INFO] 13-07-2025 13:01:06 [main] LogUtils - ⚙️ Bắt đầu test suite cho class: UserSetInfoProductToExcelTest
[INFO] 13-07-2025 13:01:08 [TestNG-test=Save Data Product To Excel Test-1] LogUtils - Run with Edge browser
[INFO] 13-07-2025 13:01:08 [TestNG-test=Save Data Product To Excel Test-1] LogUtils - Bắt đầu chạy test: testSetInfoProduct
[INFO] 13-07-2025 13:01:10 [TestNG-test=Save Data Product To Excel Test-1] LogUtils - 🌐 Open URL: https://cms.anhtester.com/
[INFO] 13-07-2025 13:01:10 [TestNG-test=Save Data Product To Excel Test-1] LogUtils - checkElementExist: true --- By.xpath: //b[normalize-space()='Website Demo']
[INFO] 13-07-2025 13:01:11 [TestNG-test=Save Data Product To Excel Test-1] LogUtils - Click on element By.xpath: //b[normalize-space()='Website Demo']/following::button[@data-value='removed']
[INFO] 13-07-2025 13:01:12 [TestNG-test=Save Data Product To Excel Test-1] LogUtils - Click on element By.xpath: (//a[normalize-space()='Login'])[1]
[INFO] 13-07-2025 13:01:12 [TestNG-test=Save Data Product To Excel Test-1] LogUtils - checkElementExist: true --- By.xpath: //a[contains(normalize-space(), 'Forgot password')]
[INFO] 13-07-2025 13:01:12 [TestNG-test=Save Data Product To Excel Test-1] LogUtils - Clear text on element By.xpath: //input[@id='email']
[INFO] 13-07-2025 13:01:12 [TestNG-test=Save Data Product To Excel Test-1] LogUtils - Set text [customer@example.com] on element: By.xpath: //input[@id='email']
[INFO] 13-07-2025 13:01:13 [TestNG-test=Save Data Product To Excel Test-1] LogUtils - Clear text on element By.xpath: //input[@id='password']
[INFO] 13-07-2025 13:01:13 [TestNG-test=Save Data Product To Excel Test-1] LogUtils - Set text [123456] on element: By.xpath: //input[@id='password']
[INFO] 13-07-2025 13:01:13 [TestNG-test=Save Data Product To Excel Test-1] LogUtils - Click on element By.xpath: //button[normalize-space()='Login']
[ERROR] 13-07-2025 13:01:15 [TestNG-test=Save Data Product To Excel Test-1] LogUtils - ❌ Đây là Test case chạy thất bại: testSetInfoProduct
[ERROR] 13-07-2025 13:01:15 [TestNG-test=Save Data Product To Excel Test-1] LogUtils - java.lang.AssertionError: Login failed: Incorrect redirect! expected [https://cms.anhtester.com/dashboard] but found [https://cms.anhtester.com/users/login]
[INFO] 13-07-2025 13:01:15 [TestNG-test=Save Data Product To Excel Test-1] LogUtils - Screenshot taken: testSetInfoProduct
[INFO] 13-07-2025 13:01:15 [TestNG-test=Save Data Product To Excel Test-1] LogUtils - Screenshot taken current URL: https://cms.anhtester.com/dashboard
[INFO] 13-07-2025 13:01:16 [main] LogUtils - ⭐️ Total test: 7
[INFO] 13-07-2025 13:01:16 [main] LogUtils - ⭐️ Passed: 6
[INFO] 13-07-2025 13:01:16 [main] LogUtils - ⭐️ Failed: 1
[INFO] 13-07-2025 13:01:16 [main] LogUtils - ⭐️ Skipped: 0
[INFO] 13-07-2025 13:01:16 [main] LogUtils - 🟢 Kết thúc toàn bộ suite: Save Data Product To Excel Test
[INFO] 13-07-2025 13:01:19 [main] LogUtils - ✅ Email with attachments sent!
[INFO] 13-07-2025 13:01:19 [main] LogUtils - ⚙\uFE0F Thời gian chạy toàn bộ test:Sun Jul 13 13:01:19 ICT 2025
[INFO] 13-07-2025 13:01:19 [main] LogUtils - ⚙️ Bắt đầu test suite cho class: AdminCheckDetailProduct
[INFO] 13-07-2025 13:01:19 [TestNG-test=User Add Product Test-1] LogUtils - ✅ Read data from Excel: [[Laptop Asus, Laptop, Asus, PC, Aqua, 5, laptop asus, 3000, 500, Laptop asus vừa mạnh vừa đẹp, laptop_asus.webp]]
[INFO] 13-07-2025 13:01:19 [TestNG-test=User Add Product Test-1] LogUtils - Run with Edge browser (default)
[INFO] 13-07-2025 13:01:21 [TestNG-test=User Add Product Test-1] LogUtils - Bắt đầu chạy test: testAdminCheckDetailProduct
[INFO] 13-07-2025 13:01:23 [TestNG-test=User Add Product Test-1] LogUtils - 🌐 Open URL: https://cms.anhtester.com/
[INFO] 13-07-2025 13:01:23 [TestNG-test=User Add Product Test-1] LogUtils - checkElementExist: true --- By.xpath: //b[normalize-space()='Website Demo']
[INFO] 13-07-2025 13:01:24 [TestNG-test=User Add Product Test-1] LogUtils - Click on element By.xpath: //b[normalize-space()='Website Demo']/following::button[@data-value='removed']
[INFO] 13-07-2025 13:01:24 [TestNG-test=User Add Product Test-1] LogUtils - Click on element By.xpath: (//a[normalize-space()='Login'])[1]
[INFO] 13-07-2025 13:01:25 [TestNG-test=User Add Product Test-1] LogUtils - checkElementExist: true --- By.xpath: //a[contains(normalize-space(), 'Forgot password')]
[INFO] 13-07-2025 13:01:25 [TestNG-test=User Add Product Test-1] LogUtils - Clear text on element By.xpath: //input[@id='email']
[INFO] 13-07-2025 13:01:25 [TestNG-test=User Add Product Test-1] LogUtils - Set text [admin@example.com] on element: By.xpath: //input[@id='email']
[INFO] 13-07-2025 13:01:26 [TestNG-test=User Add Product Test-1] LogUtils - Clear text on element By.xpath: //input[@id='password']
[INFO] 13-07-2025 13:01:26 [TestNG-test=User Add Product Test-1] LogUtils - Set text [123456] on element: By.xpath: //input[@id='password']
[INFO] 13-07-2025 13:01:29 [TestNG-test=User Add Product Test-1] LogUtils - Click on element By.xpath: //button[normalize-space()='Login']
[INFO] 13-07-2025 13:01:31 [TestNG-test=User Add Product Test-1] LogUtils - Get current url: https://cms.anhtester.com/admin
[INFO] 13-07-2025 13:01:31 [TestNG-test=User Add Product Test-1] LogUtils - checkElementExist: true --- By.xpath: (//span[normalize-space()='Dashboard'])[1]
[INFO] 13-07-2025 13:01:31 [TestNG-test=User Add Product Test-1] LogUtils - checkElementExist: true --- By.xpath: //span[normalize-space()='Admin Example']
[INFO] 13-07-2025 13:01:31 [TestNG-test=User Add Product Test-1] LogUtils - checkElementExist: true --- By.xpath: //span[normalize-space()='Clear Cache']
[INFO] 13-07-2025 13:01:31 [TestNG-test=User Add Product Test-1] LogUtils - Get text of element: By.xpath: //span[normalize-space()='Clear Cache'] || ==> Text Return: Clear Cache
[INFO] 13-07-2025 13:01:32 [TestNG-test=User Add Product Test-1] LogUtils - Click on element By.xpath: //ul[@id='main-menu']//span[normalize-space()='Products']
[INFO] 13-07-2025 13:01:33 [TestNG-test=User Add Product Test-1] LogUtils - Click on element By.xpath: //span[normalize-space()='Add New Product']
[INFO] 13-07-2025 13:01:33 [TestNG-test=User Add Product Test-1] LogUtils - Get current url: https://cms.anhtester.com/admin/products/create
[INFO] 13-07-2025 13:01:33 [TestNG-test=User Add Product Test-1] LogUtils - Get text of element: By.xpath: //h5[normalize-space()='Add New Product'] || ==> Text Return: Add New Product
[INFO] 13-07-2025 13:01:33 [TestNG-test=User Add Product Test-1] LogUtils - checkElementExist: true --- By.xpath: //h5[normalize-space()='Product Information']
[INFO] 13-07-2025 13:01:33 [TestNG-test=User Add Product Test-1] LogUtils - checkElementExist: true --- By.xpath: //h5[normalize-space()='Add New Product']
[INFO] 13-07-2025 13:01:33 [TestNG-test=User Add Product Test-1] LogUtils - Verify add new product page successfully
[INFO] 13-07-2025 13:01:34 [TestNG-test=User Add Product Test-1] LogUtils - Clear text on element By.xpath: //input[@name='name']
[INFO] 13-07-2025 13:01:34 [TestNG-test=User Add Product Test-1] LogUtils - Set text [Laptop Asus] on element: By.xpath: //input[@name='name']
[INFO] 13-07-2025 13:01:35 [TestNG-test=User Add Product Test-1] LogUtils - Click on element By.xpath: //button[@data-id='category_id']
[INFO] 13-07-2025 13:01:35 [TestNG-test=User Add Product Test-1] LogUtils - Set text [Laptop] on element: By.xpath: //button[@data-id='category_id']/following-sibling::div//input
[INFO] 13-07-2025 13:01:35 [TestNG-test=User Add Product Test-1] LogUtils - Click on element By.xpath: (//div[@id='bs-select-1']//li)[1]
[INFO] 13-07-2025 13:01:36 [TestNG-test=User Add Product Test-1] LogUtils - Click on element By.xpath: //button[@data-id='brand_id']
[INFO] 13-07-2025 13:01:36 [TestNG-test=User Add Product Test-1] LogUtils - Set text [Asus] on element: By.xpath: //button[@data-id='brand_id']/following-sibling::div//input
[INFO] 13-07-2025 13:01:37 [TestNG-test=User Add Product Test-1] LogUtils - Click on element By.xpath: (//div[@id='bs-select-2']//li)[1]
[INFO] 13-07-2025 13:01:37 [TestNG-test=User Add Product Test-1] LogUtils - Clear text on element By.xpath: //input[@name='unit']
[INFO] 13-07-2025 13:01:37 [TestNG-test=User Add Product Test-1] LogUtils - Set text [PC] on element: By.xpath: //input[@name='unit']
[INFO] 13-07-2025 13:01:38 [TestNG-test=User Add Product Test-1] LogUtils - Clear text on element By.xpath: //input[@name='weight']
[INFO] 13-07-2025 13:01:38 [TestNG-test=User Add Product Test-1] LogUtils - Set text [5] on element: By.xpath: //input[@name='weight']
[INFO] 13-07-2025 13:01:38 [TestNG-test=User Add Product Test-1] LogUtils - Set text [laptop asus] on element: By.xpath: //tags[@role='tagslist']
[INFO] 13-07-2025 13:01:39 [TestNG-test=User Add Product Test-1] LogUtils - Click on element By.xpath: //label[@for='signinSrEmail' and contains(normalize-space(), 'Gallery Images ')]/following-sibling::div/div
[INFO] 13-07-2025 13:01:41 [TestNG-test=User Add Product Test-1] LogUtils - Click on element By.xpath: //a[normalize-space()='Upload New']
[INFO] 13-07-2025 13:01:41 [TestNG-test=User Add Product Test-1] LogUtils - Click on element By.xpath: //button[normalize-space()='Browse']
[INFO] 13-07-2025 13:01:43 [TestNG-test=User Add Product Test-1] LogUtils - 📁 File path để upload: D:\LearnAutomationTest\EcommerceAutomationTesting\src\test\resources\datatest\laptop_asus.webp
[INFO] 13-07-2025 13:01:43 [TestNG-test=User Add Product Test-1] LogUtils - 📋 Đã copy đường dẫn file vào clipboard
[INFO] 13-07-2025 13:01:44 [TestNG-test=User Add Product Test-1] LogUtils - ⌨️ Đã thực hiện Ctrl + V
[INFO] 13-07-2025 13:01:46 [TestNG-test=User Add Product Test-1] LogUtils - ⏎ Đã nhấn Enter để xác nhận chọn file
[INFO] 13-07-2025 13:01:48 [TestNG-test=User Add Product Test-1] LogUtils - Click on element By.xpath: //a[normalize-space()='Select File']
[INFO] 13-07-2025 13:01:49 [TestNG-test=User Add Product Test-1] LogUtils - Click element with JavaScript: By.xpath: (//div[@title='laptop_asus.webp'])[27]
[INFO] 13-07-2025 13:01:50 [TestNG-test=User Add Product Test-1] LogUtils - Click on element By.xpath: //button[normalize-space()='Add Files']
[INFO] 13-07-2025 13:01:50 [TestNG-test=User Add Product Test-1] LogUtils - ✅ Upload file thành công và đã xác nhận trong UI
[INFO] 13-07-2025 13:01:51 [TestNG-test=User Add Product Test-1] LogUtils - Click on element By.xpath: //label[@for='signinSrEmail' and contains(normalize-space(), 'Thumbnail Image ')]/following-sibling::div/div[@data-type='image']
[INFO] 13-07-2025 13:01:53 [TestNG-test=User Add Product Test-1] LogUtils - Click on element By.xpath: //a[normalize-space()='Upload New']
[INFO] 13-07-2025 13:01:54 [TestNG-test=User Add Product Test-1] LogUtils - Click on element By.xpath: //button[normalize-space()='Browse']
[INFO] 13-07-2025 13:01:56 [TestNG-test=User Add Product Test-1] LogUtils - 📁 File path để upload: D:\LearnAutomationTest\EcommerceAutomationTesting\src\test\resources\datatest\laptop_asus.webp
[INFO] 13-07-2025 13:01:56 [TestNG-test=User Add Product Test-1] LogUtils - 📋 Đã copy đường dẫn file vào clipboard
[INFO] 13-07-2025 13:01:56 [TestNG-test=User Add Product Test-1] LogUtils - ⌨️ Đã thực hiện Ctrl + V
[INFO] 13-07-2025 13:01:58 [TestNG-test=User Add Product Test-1] LogUtils - ⏎ Đã nhấn Enter để xác nhận chọn file
[INFO] 13-07-2025 13:02:00 [TestNG-test=User Add Product Test-1] LogUtils - Click on element By.xpath: //a[normalize-space()='Select File']
[INFO] 13-07-2025 13:02:01 [TestNG-test=User Add Product Test-1] LogUtils - Click element with JavaScript: By.xpath: (//div[@title='laptop_asus.webp'])[29]
[INFO] 13-07-2025 13:02:02 [TestNG-test=User Add Product Test-1] LogUtils - Click on element By.xpath: //button[normalize-space()='Add Files']
[INFO] 13-07-2025 13:02:02 [TestNG-test=User Add Product Test-1] LogUtils - ✅ Upload file thành công và đã xác nhận trong UI
[INFO] 13-07-2025 13:02:04 [TestNG-test=User Add Product Test-1] LogUtils - Click on element By.xpath: //button[@data-id='colors']/parent::div/parent::div/following-sibling::div/label
[INFO] 13-07-2025 13:02:04 [TestNG-test=User Add Product Test-1] LogUtils - Click on element By.xpath: //button[@data-id='colors']
[INFO] 13-07-2025 13:02:04 [TestNG-test=User Add Product Test-1] LogUtils - Clear text on element By.xpath: //button[@data-id='colors']/following-sibling::div//input
[INFO] 13-07-2025 13:02:05 [TestNG-test=User Add Product Test-1] LogUtils - Set text [Aqua] on element: By.xpath: //button[@data-id='colors']/following-sibling::div//input
[INFO] 13-07-2025 13:02:05 [TestNG-test=User Add Product Test-1] LogUtils - Click on element By.xpath: (//button[@data-id='colors']/following-sibling::div//ul/li)[1]
[INFO] 13-07-2025 13:02:06 [TestNG-test=User Add Product Test-1] LogUtils - Click on element By.xpath: //h5[normalize-space()='Product Variation']
[INFO] 13-07-2025 13:02:07 [TestNG-test=User Add Product Test-1] LogUtils - Clear text on element By.xpath: //input[@name='unit_price']
[INFO] 13-07-2025 13:02:07 [TestNG-test=User Add Product Test-1] LogUtils - Set text [3000] on element: By.xpath: //input[@name='unit_price']
[INFO] 13-07-2025 13:02:09 [TestNG-test=User Add Product Test-1] LogUtils - Clear text on element By.xpath: //input[@name='qty_Aqua']
[INFO] 13-07-2025 13:02:09 [TestNG-test=User Add Product Test-1] LogUtils - Set text [500] on element: By.xpath: //input[@name='qty_Aqua']
[INFO] 13-07-2025 13:02:09 [TestNG-test=User Add Product Test-1] LogUtils - Clear text on element By.xpath: //input[@name='price_Aqua']
[INFO] 13-07-2025 13:02:09 [TestNG-test=User Add Product Test-1] LogUtils - Set text [3000] on element: By.xpath: //input[@name='price_Aqua']
[INFO] 13-07-2025 13:02:12 [TestNG-test=User Add Product Test-1] LogUtils - Set text [Laptop asus vừa mạnh vừa đẹp] on element: By.xpath: //div[@role='textbox']
[INFO] 13-07-2025 13:02:12 [TestNG-test=User Add Product Test-1] LogUtils - 📝 Product Name: Laptop Asus
[INFO] 13-07-2025 13:02:12 [TestNG-test=User Add Product Test-1] LogUtils - 📂 Category: Laptop
[INFO] 13-07-2025 13:02:12 [TestNG-test=User Add Product Test-1] LogUtils - 🏷️ Brand: Asus
[INFO] 13-07-2025 13:02:12 [TestNG-test=User Add Product Test-1] LogUtils - 📏 Unit: PC
[INFO] 13-07-2025 13:02:12 [TestNG-test=User Add Product Test-1] LogUtils - ⚖️ Weight: 5
[INFO] 13-07-2025 13:02:12 [TestNG-test=User Add Product Test-1] LogUtils - 🔖 Tag: laptop asus
[INFO] 13-07-2025 13:02:12 [TestNG-test=User Add Product Test-1] LogUtils - 💵 Price: 3000
[INFO] 13-07-2025 13:02:12 [TestNG-test=User Add Product Test-1] LogUtils - 💵 Color: Aqua
[INFO] 13-07-2025 13:02:12 [TestNG-test=User Add Product Test-1] LogUtils - 📦 Quantity: 500
[INFO] 13-07-2025 13:02:12 [TestNG-test=User Add Product Test-1] LogUtils - 🧾 Description: Laptop asus vừa mạnh vừa đẹp
[INFO] 13-07-2025 13:02:12 [TestNG-test=User Add Product Test-1] LogUtils - 🖼️ Image path: laptop_asus.webp
[INFO] 13-07-2025 13:02:13 [TestNG-test=User Add Product Test-1] LogUtils - Click on element By.xpath: //button[normalize-space()='Save & Publish']
[INFO] 13-07-2025 13:02:14 [TestNG-test=User Add Product Test-1] LogUtils - Get text of element: By.xpath: //span[normalize-space()='Product has been inserted successfully'] || ==> Text Return: Product has been inserted successfully
[INFO] 13-07-2025 13:02:14 [TestNG-test=User Add Product Test-1] LogUtils - checkElementExist: true --- By.xpath: //span[normalize-space()='Product has been inserted successfully']
[INFO] 13-07-2025 13:02:14 [TestNG-test=User Add Product Test-1] LogUtils - Get current url: https://cms.anhtester.com/admin/products/admin
[INFO] 13-07-2025 13:02:14 [TestNG-test=User Add Product Test-1] LogUtils - 🔍 Tìm kiếm với từ khóa [Laptop Asus] bằng element: By.xpath: //input[@id='search']
[INFO] 13-07-2025 13:02:16 [TestNG-test=User Add Product Test-1] LogUtils - Get text of element: By.xpath: (//tbody/tr)[1]/td[2]//span || ==> Text Return: Laptop Asus
[INFO] 13-07-2025 13:02:16 [TestNG-test=User Add Product Test-1] LogUtils - checkElementExist: true --- By.xpath: //h5[normalize-space()='All Product']
[INFO] 13-07-2025 13:02:16 [TestNG-test=User Add Product Test-1] LogUtils - Get text of element: By.xpath: //h5[normalize-space()='All Product'] || ==> Text Return: All Product
[INFO] 13-07-2025 13:02:16 [TestNG-test=User Add Product Test-1] LogUtils - ✅ Verify add new product successfully !
[INFO] 13-07-2025 13:02:16 [TestNG-test=User Add Product Test-1] LogUtils - Get attribute of element By.xpath: (//a[@title='View'])[1]
[INFO] 13-07-2025 13:02:16 [TestNG-test=User Add Product Test-1] LogUtils - ==> Attribute value: https://cms.anhtester.com/product/laptop-asus-5
[INFO] 13-07-2025 13:02:16 [TestNG-test=User Add Product Test-1] LogUtils - Click on element By.xpath: (//a[@title='View'])[1]
[INFO] 13-07-2025 13:02:17 [TestNG-test=User Add Product Test-1] LogUtils - ✅ Switched to new tab with URL: https://cms.anhtester.com/product/laptop-asus-5
[INFO] 13-07-2025 13:02:17 [TestNG-test=User Add Product Test-1] LogUtils - start verifyProductDetailPage
[INFO] 13-07-2025 13:02:17 [TestNG-test=User Add Product Test-1] LogUtils - Get current url: https://cms.anhtester.com/product/laptop-asus-5
[INFO] 13-07-2025 13:02:17 [TestNG-test=User Add Product Test-1] LogUtils - currentURL verify product detail page: https://cms.anhtester.com/product/laptop-asus-5
[INFO] 13-07-2025 13:02:17 [TestNG-test=User Add Product Test-1] LogUtils - href expected verify product detail page: https://cms.anhtester.com/product/laptop-asus-5
[INFO] 13-07-2025 13:02:17 [TestNG-test=User Add Product Test-1] LogUtils - title verify product detail page: Laptop Asus
[INFO] 13-07-2025 13:02:17 [TestNG-test=User Add Product Test-1] LogUtils - Get text of element: By.xpath: //div[@class='text-left']/h1 || ==> Text Return: Laptop Asus
[INFO] 13-07-2025 13:02:17 [TestNG-test=User Add Product Test-1] LogUtils - href expected verify product detail page: https://cms.anhtester.com/product/laptop-asus-5
[INFO] 13-07-2025 13:02:17 [TestNG-test=User Add Product Test-1] LogUtils - title verify product detail page: Laptop Asus
[INFO] 13-07-2025 13:02:18 [TestNG-test=User Add Product Test-1] LogUtils - Get text of element: By.xpath: //div[@class='text-left']/h1 || ==> Text Return: Laptop Asus
[INFO] 13-07-2025 13:02:18 [TestNG-test=User Add Product Test-1] LogUtils - Get text of element: By.xpath: (//div[@class='text-left']//strong)[1] || ==> Text Return: $3,000.00
[INFO] 13-07-2025 13:02:18 [TestNG-test=User Add Product Test-1] LogUtils - Get text of element: By.xpath: (//div[@class='text-left']//strong)[1]/following-sibling::span || ==> Text Return: /PC
[INFO] 13-07-2025 13:02:18 [TestNG-test=User Add Product Test-1] LogUtils - Get text of element: By.xpath: //span[@id='available-quantity'] || ==> Text Return: 500
[INFO] 13-07-2025 13:02:18 [TestNG-test=User Add Product Test-1] LogUtils - Get text of element: By.xpath: //div[@id='tab_default_1']//p || ==> Text Return: Laptop asus vừa mạnh vừa đẹp
[INFO] 13-07-2025 13:02:18 [TestNG-test=User Add Product Test-1] LogUtils - 🔍 nameProduct UI: Laptop Asus | expected: Laptop Asus
[INFO] 13-07-2025 13:02:18 [TestNG-test=User Add Product Test-1] LogUtils - 🔍 priceProduct UI: 3000 | expected: 3000
[INFO] 13-07-2025 13:02:18 [TestNG-test=User Add Product Test-1] LogUtils - 🔍 unitProduct UI: PC | expected: PC
[INFO] 13-07-2025 13:02:18 [TestNG-test=User Add Product Test-1] LogUtils - 🔍 quantityProduct UI: 500 | expected: 500
[INFO] 13-07-2025 13:02:18 [TestNG-test=User Add Product Test-1] LogUtils - 🔍 descriptionProduct UI: Laptop asus vừa mạnh vừa đẹp | expected: Laptop asus vừa mạnh vừa đẹp
[INFO] 13-07-2025 13:02:18 [TestNG-test=User Add Product Test-1] LogUtils - ✅ Verify info product detail with excel data successfully !
[INFO] 13-07-2025 13:02:21 [TestNG-test=User Add Product Test-1] LogUtils - ✅ Đây là Test case chạy thành công: testAdminCheckDetailProduct
[INFO] 13-07-2025 13:02:22 [main] LogUtils - ⭐️ Total test: 8
[INFO] 13-07-2025 13:02:22 [main] LogUtils - ⭐️ Passed: 7
[INFO] 13-07-2025 13:02:22 [main] LogUtils - ⭐️ Failed: 1
[INFO] 13-07-2025 13:02:22 [main] LogUtils - ⭐️ Skipped: 0
[INFO] 13-07-2025 13:02:22 [main] LogUtils - 🟢 Kết thúc toàn bộ suite: User Add Product Test
[INFO] 13-07-2025 13:02:25 [main] LogUtils - ✅ Email with attachments sent!
[INFO] 13-07-2025 13:02:25 [main] LogUtils - ⚙\uFE0F Thời gian chạy toàn bộ test:Sun Jul 13 13:02:25 ICT 2025
[INFO] 13-07-2025 13:02:25 [main] LogUtils - ⚙️ Bắt đầu test suite cho class: UserAddCartTest
[INFO] 13-07-2025 13:02:25 [TestNG-test=User Add Product Test-1] LogUtils - Run with Edge browser (default)
[INFO] 13-07-2025 13:02:27 [TestNG-test=User Add Product Test-1] LogUtils - Bắt đầu chạy test: testAddCart
[INFO] 13-07-2025 13:02:29 [TestNG-test=User Add Product Test-1] LogUtils - 🌐 Open URL: https://cms.anhtester.com/
[INFO] 13-07-2025 13:02:29 [TestNG-test=User Add Product Test-1] LogUtils - checkElementExist: true --- By.xpath: //b[normalize-space()='Website Demo']
[INFO] 13-07-2025 13:02:30 [TestNG-test=User Add Product Test-1] LogUtils - Click on element By.xpath: //b[normalize-space()='Website Demo']/following::button[@data-value='removed']
[INFO] 13-07-2025 13:02:31 [TestNG-test=User Add Product Test-1] LogUtils - Click on element By.xpath: (//a[normalize-space()='Login'])[1]
[INFO] 13-07-2025 13:02:31 [TestNG-test=User Add Product Test-1] LogUtils - checkElementExist: true --- By.xpath: //a[contains(normalize-space(), 'Forgot password')]
[INFO] 13-07-2025 13:02:31 [TestNG-test=User Add Product Test-1] LogUtils - Clear text on element By.xpath: //input[@id='email']
[INFO] 13-07-2025 13:02:31 [TestNG-test=User Add Product Test-1] LogUtils - Set text [customer@example.com] on element: By.xpath: //input[@id='email']
[INFO] 13-07-2025 13:02:32 [TestNG-test=User Add Product Test-1] LogUtils - Clear text on element By.xpath: //input[@id='password']
[INFO] 13-07-2025 13:02:32 [TestNG-test=User Add Product Test-1] LogUtils - Set text [123456] on element: By.xpath: //input[@id='password']
[INFO] 13-07-2025 13:02:33 [TestNG-test=User Add Product Test-1] LogUtils - Click on element By.xpath: //button[normalize-space()='Login']
[INFO] 13-07-2025 13:02:34 [TestNG-test=User Add Product Test-1] LogUtils - Clear text on element By.xpath: //input[@id='search' and @name='keyword']
[INFO] 13-07-2025 13:02:34 [TestNG-test=User Add Product Test-1] LogUtils - Set text [laptop asus] on element: By.xpath: //input[@id='search' and @name='keyword']
[INFO] 13-07-2025 13:02:34 [TestNG-test=User Add Product Test-1] LogUtils - Click on element By.xpath: //input[@id='search' and @name='keyword']/following-sibling::div/button[@type='submit']
[INFO] 13-07-2025 13:02:35 [TestNG-test=User Add Product Test-1] LogUtils - Get current url: https://cms.anhtester.com/search?keyword=laptop+asus
[INFO] 13-07-2025 13:02:35 [TestNG-test=User Add Product Test-1] LogUtils - verifyUserProductListPage: Passed - This Is Product List Page
[INFO] 13-07-2025 13:02:36 [TestNG-test=User Add Product Test-1] LogUtils - Get text of element: By.xpath: //div[@id='cart_items']//span[contains(@class, 'badge') and contains(@class, 'cart-count')] || ==> Text Return: 0
[INFO] 13-07-2025 13:02:37 [TestNG-test=User Add Product Test-1] LogUtils - Click on element By.xpath: ((//form[@id='search-form']/descendant::div[@class='col'])[1]/descendant::a[@data-title='Add to cart'])[1]
[INFO] 13-07-2025 13:02:37 [TestNG-test=User Add Product Test-1] LogUtils - Get text of element: By.xpath: (//form[@id='search-form']/descendant::div[@class='col'])[1]/descendant::div[contains(@class, 'rating')]/following-sibling::h3/a || ==> Text Return: Laptop Asus
[INFO] 13-07-2025 13:02:37 [TestNG-test=User Add Product Test-1] LogUtils - Get text of element: By.xpath: (//form[@id='search-form']/descendant::div[@class='col'])[2]/descendant::div[contains(@class, 'rating')]/following-sibling::h3/a || ==> Text Return: Laptop Asus
[INFO] 13-07-2025 13:02:37 [TestNG-test=User Add Product Test-1] LogUtils - Get text of element: By.xpath: //div[@id='addToCart-modal-body']//h2 || ==> Text Return: Laptop Asus
[INFO] 13-07-2025 13:02:37 [TestNG-test=User Add Product Test-1] LogUtils - ✅ verifyPopupAddCart: verify success !
[INFO] 13-07-2025 13:02:37 [TestNG-test=User Add Product Test-1] LogUtils - Get text of element: By.xpath: (//div[@id='addToCart-modal-body']//strong)[1] || ==> Text Return: $3,000.00
[INFO] 13-07-2025 13:02:37 [TestNG-test=User Add Product Test-1] LogUtils - 🔍 Raw price (popup): $3,000.00
[INFO] 13-07-2025 13:02:37 [TestNG-test=User Add Product Test-1] LogUtils - 💡 Formatted price range: 3000.00
[INFO] 13-07-2025 13:02:37 [TestNG-test=User Add Product Test-1] LogUtils - 📌 prices[0]: 3000.00
[INFO] 13-07-2025 13:02:37 [TestNG-test=User Add Product Test-1] LogUtils - 💲 Chỉ có một mức giá: 3000.0
[INFO] 13-07-2025 13:02:37 [TestNG-test=User Add Product Test-1] LogUtils - Get attribute of element By.xpath: //input[@name='quantity']
[INFO] 13-07-2025 13:02:37 [TestNG-test=User Add Product Test-1] LogUtils - ==> Attribute value: 1
[INFO] 13-07-2025 13:02:38 [TestNG-test=User Add Product Test-1] LogUtils - Get text of element: By.xpath: //div[@id='addToCart-modal-body']//h2 || ==> Text Return: Laptop Asus
[INFO] 13-07-2025 13:02:38 [TestNG-test=User Add Product Test-1] LogUtils - Click on element By.xpath: //span[normalize-space()='Add to cart']
[INFO] 13-07-2025 13:02:38 [TestNG-test=User Add Product Test-1] LogUtils - Click button add cart in popup add cart
[INFO] 13-07-2025 13:02:39 [TestNG-test=User Add Product Test-1] LogUtils - checkElementExist: true --- By.xpath: //h3[normalize-space()='Item added to your cart!']
[INFO] 13-07-2025 13:02:39 [TestNG-test=User Add Product Test-1] LogUtils - checkElementExist: true --- By.xpath: //span[normalize-space()='Frequently Bought Together']
[INFO] 13-07-2025 13:02:39 [TestNG-test=User Add Product Test-1] LogUtils - checkElementExist: true --- By.xpath: //h3[normalize-space()='Item added to your cart!']
[INFO] 13-07-2025 13:02:39 [TestNG-test=User Add Product Test-1] LogUtils - checkElementExist: true --- By.xpath: //span[normalize-space()='Frequently Bought Together']
[INFO] 13-07-2025 13:02:39 [TestNG-test=User Add Product Test-1] LogUtils - Get text of element: By.xpath: //div[@id='cart_items']//span[contains(@class, 'badge') and contains(@class, 'cart-count')] || ==> Text Return: 1
[INFO] 13-07-2025 13:02:39 [TestNG-test=User Add Product Test-1] LogUtils - verifyPopupAddCartSuccess countProductCart: 1
[INFO] 13-07-2025 13:02:39 [TestNG-test=User Add Product Test-1] LogUtils - verifyPopupAddCartSuccess getCartCount: 1
[INFO] 13-07-2025 13:02:39 [TestNG-test=User Add Product Test-1] LogUtils - verifyPopupAddCartSuccess: popup add cart success!
[INFO] 13-07-2025 13:02:39 [TestNG-test=User Add Product Test-1] LogUtils - Click on element By.xpath: //div[@id='addToCart']/descendant::button[contains(@class, 'close') and @aria-label='Close']
[INFO] 13-07-2025 13:02:39 [TestNG-test=User Add Product Test-1] LogUtils - Click button close popup add cart
[INFO] 13-07-2025 13:02:42 [TestNG-test=User Add Product Test-1] LogUtils - Click on element By.xpath: ((//form[@id='search-form']/descendant::div[@class='col'])[2]/descendant::a[@data-title='Add to cart'])[1]
[INFO] 13-07-2025 13:02:42 [TestNG-test=User Add Product Test-1] LogUtils - Get text of element: By.xpath: (//form[@id='search-form']/descendant::div[@class='col'])[1]/descendant::div[contains(@class, 'rating')]/following-sibling::h3/a || ==> Text Return: Laptop Asus
[INFO] 13-07-2025 13:02:42 [TestNG-test=User Add Product Test-1] LogUtils - Get text of element: By.xpath: (//form[@id='search-form']/descendant::div[@class='col'])[2]/descendant::div[contains(@class, 'rating')]/following-sibling::h3/a || ==> Text Return: Laptop Asus
[INFO] 13-07-2025 13:02:42 [TestNG-test=User Add Product Test-1] LogUtils - Get text of element: By.xpath: //div[@id='addToCart-modal-body']//h2 || ==> Text Return: Laptop Asus
[INFO] 13-07-2025 13:02:42 [TestNG-test=User Add Product Test-1] LogUtils - ✅ verifyPopupAddCart: verify success !
[INFO] 13-07-2025 13:02:42 [TestNG-test=User Add Product Test-1] LogUtils - Get text of element: By.xpath: (//div[@id='addToCart-modal-body']//strong)[1] || ==> Text Return: $3,000.00
[INFO] 13-07-2025 13:02:42 [TestNG-test=User Add Product Test-1] LogUtils - 🔍 Raw price (popup): $3,000.00
[INFO] 13-07-2025 13:02:42 [TestNG-test=User Add Product Test-1] LogUtils - 💡 Formatted price range: 3000.00
[INFO] 13-07-2025 13:02:42 [TestNG-test=User Add Product Test-1] LogUtils - 📌 prices[0]: 3000.00
[INFO] 13-07-2025 13:02:42 [TestNG-test=User Add Product Test-1] LogUtils - 💲 Chỉ có một mức giá: 3000.0
[INFO] 13-07-2025 13:02:42 [TestNG-test=User Add Product Test-1] LogUtils - Get attribute of element By.xpath: //input[@name='quantity']
[INFO] 13-07-2025 13:02:42 [TestNG-test=User Add Product Test-1] LogUtils - ==> Attribute value: 1
[INFO] 13-07-2025 13:02:42 [TestNG-test=User Add Product Test-1] LogUtils - Get text of element: By.xpath: //div[@id='addToCart-modal-body']//h2 || ==> Text Return: Laptop Asus
[INFO] 13-07-2025 13:02:43 [TestNG-test=User Add Product Test-1] LogUtils - Click on element By.xpath: //span[normalize-space()='Add to cart']
[INFO] 13-07-2025 13:02:43 [TestNG-test=User Add Product Test-1] LogUtils - Click button add cart in popup add cart
[INFO] 13-07-2025 13:02:43 [TestNG-test=User Add Product Test-1] LogUtils - checkElementExist: true --- By.xpath: //h3[normalize-space()='Item added to your cart!']
[INFO] 13-07-2025 13:02:43 [TestNG-test=User Add Product Test-1] LogUtils - checkElementExist: true --- By.xpath: //span[normalize-space()='Frequently Bought Together']
[INFO] 13-07-2025 13:02:44 [TestNG-test=User Add Product Test-1] LogUtils - checkElementExist: true --- By.xpath: //h3[normalize-space()='Item added to your cart!']
[INFO] 13-07-2025 13:02:44 [TestNG-test=User Add Product Test-1] LogUtils - checkElementExist: true --- By.xpath: //span[normalize-space()='Frequently Bought Together']
[INFO] 13-07-2025 13:02:44 [TestNG-test=User Add Product Test-1] LogUtils - Get text of element: By.xpath: //div[@id='cart_items']//span[contains(@class, 'badge') and contains(@class, 'cart-count')] || ==> Text Return: 2
[INFO] 13-07-2025 13:02:44 [TestNG-test=User Add Product Test-1] LogUtils - verifyPopupAddCartSuccess countProductCart: 2
[INFO] 13-07-2025 13:02:44 [TestNG-test=User Add Product Test-1] LogUtils - verifyPopupAddCartSuccess getCartCount: 2
[INFO] 13-07-2025 13:02:44 [TestNG-test=User Add Product Test-1] LogUtils - verifyPopupAddCartSuccess: popup add cart success!
[INFO] 13-07-2025 13:02:44 [TestNG-test=User Add Product Test-1] LogUtils - Click on element By.xpath: //div[@id='addToCart']/descendant::button[contains(@class, 'close') and @aria-label='Close']
[INFO] 13-07-2025 13:02:44 [TestNG-test=User Add Product Test-1] LogUtils - Click button close popup add cart
[INFO] 13-07-2025 13:02:45 [TestNG-test=User Add Product Test-1] LogUtils - Click on element By.xpath: //div[@id='cart_items']
[INFO] 13-07-2025 13:02:45 [TestNG-test=User Add Product Test-1] LogUtils - checkElementExist: true --- By.xpath: //div[normalize-space()='Cart Items']
[INFO] 13-07-2025 13:02:45 [TestNG-test=User Add Product Test-1] LogUtils - checkElementExist: true --- By.xpath: //span[normalize-space()='Subtotal']
[INFO] 13-07-2025 13:02:45 [TestNG-test=User Add Product Test-1] LogUtils - checkElementExist: true --- By.xpath: //a[normalize-space()='View cart']
[INFO] 13-07-2025 13:02:45 [TestNG-test=User Add Product Test-1] LogUtils - Get text of element: By.xpath: //div[normalize-space()='Cart Items'] || ==> Text Return: Cart Items
[INFO] 13-07-2025 13:02:45 [TestNG-test=User Add Product Test-1] LogUtils - 📦 Product: Laptop Asus
[INFO] 13-07-2025 13:02:45 [TestNG-test=User Add Product Test-1] LogUtils - Quantity: 1, Price: 3000.0, Subtotal: 3000.0
[INFO] 13-07-2025 13:02:45 [TestNG-test=User Add Product Test-1] LogUtils - 📦 Product: Laptop Asus
[INFO] 13-07-2025 13:02:45 [TestNG-test=User Add Product Test-1] LogUtils - Quantity: 1, Price: 3000.0, Subtotal: 3000.0
[INFO] 13-07-2025 13:02:45 [TestNG-test=User Add Product Test-1] LogUtils - Get text of element: By.xpath: //span[normalize-space()='Subtotal']/following-sibling::span || ==> Text Return: $6,000.00
[INFO] 13-07-2025 13:02:45 [TestNG-test=User Add Product Test-1] LogUtils - 🔢 Expected total: 6000.0 | Actual total: 6000.0
[INFO] 13-07-2025 13:02:45 [TestNG-test=User Add Product Test-1] LogUtils - ✅ verifyAddCartSuccess successfully! Sản phẩm còn lại: 2
[INFO] 13-07-2025 13:02:47 [TestNG-test=User Add Product Test-1] LogUtils - Click on element By.xpath: //a[normalize-space()='View cart']
[INFO] 13-07-2025 13:02:47 [TestNG-test=User Add Product Test-1] LogUtils - Get current url: https://cms.anhtester.com/cart
[INFO] 13-07-2025 13:02:47 [TestNG-test=User Add Product Test-1] LogUtils - checkElementExist: true --- By.xpath: //h3[contains(normalize-space(),'My Cart')]
[INFO] 13-07-2025 13:02:47 [TestNG-test=User Add Product Test-1] LogUtils - checkElementExist: true --- By.xpath: //section[@id='cart-summary']/descendant::span[normalize-space()='Subtotal']
[INFO] 13-07-2025 13:02:47 [TestNG-test=User Add Product Test-1] LogUtils - Get text of element: By.xpath: //h3[contains(normalize-space(),'My Cart')] || ==> Text Return: 1. My Cart
[INFO] 13-07-2025 13:02:47 [TestNG-test=User Add Product Test-1] LogUtils - Get text of element: By.xpath: //section[@id='cart-summary']/descendant::span[normalize-space()='Subtotal'] || ==> Text Return: Subtotal
[INFO] 13-07-2025 13:02:47 [TestNG-test=User Add Product Test-1] LogUtils - 🧾 Product: Laptop Asus - Aqua | Qty: 1 | Price: $3000.0 | Subtotal: $3000.0
[INFO] 13-07-2025 13:02:47 [TestNG-test=User Add Product Test-1] LogUtils - Total price each product actual: 3000.0, expected: 3000.0
[INFO] 13-07-2025 13:02:47 [TestNG-test=User Add Product Test-1] LogUtils - 🎯 Expected → Qty: 1 | Min: 3000.0 | Max: 3000.0
[INFO] 13-07-2025 13:02:47 [TestNG-test=User Add Product Test-1] LogUtils - 🧾 Product: Laptop Asus - Aqua | Qty: 1 | Price: $3000.0 | Subtotal: $3000.0
[INFO] 13-07-2025 13:02:47 [TestNG-test=User Add Product Test-1] LogUtils - Total price each product actual: 3000.0, expected: 3000.0
[INFO] 13-07-2025 13:02:47 [TestNG-test=User Add Product Test-1] LogUtils - 🎯 Expected → Qty: 1 | Min: 3000.0 | Max: 3000.0
[INFO] 13-07-2025 13:02:48 [TestNG-test=User Add Product Test-1] LogUtils - Get text of element: By.xpath: //section[@id='cart-summary']/descendant::span[normalize-space()='Subtotal']/following-sibling::span || ==> Text Return: $6,000.00
[INFO] 13-07-2025 13:02:48 [TestNG-test=User Add Product Test-1] LogUtils - 🔢 Expected total: 6000.0 | Actual total: 6000.0
[INFO] 13-07-2025 13:02:48 [TestNG-test=User Add Product Test-1] LogUtils - ✅ verifyProductInCart hoàn tất!
[INFO] 13-07-2025 13:02:51 [TestNG-test=User Add Product Test-1] LogUtils - Click on element By.xpath: //a[normalize-space()='Continue to Shipping']
[INFO] 13-07-2025 13:02:51 [TestNG-test=User Add Product Test-1] LogUtils - 🚛 Start verify shipping page
[INFO] 13-07-2025 13:02:51 [TestNG-test=User Add Product Test-1] LogUtils - Get current url: https://cms.anhtester.com/checkout
[INFO] 13-07-2025 13:02:51 [TestNG-test=User Add Product Test-1] LogUtils - Get CSS value color of element By.xpath: //h3[contains(normalize-space(), 'Shipping info')]
[INFO] 13-07-2025 13:02:51 [TestNG-test=User Add Product Test-1] LogUtils - ==> CSS value: rgba(230, 46, 4, 1)
[INFO] 13-07-2025 13:02:51 [TestNG-test=User Add Product Test-1] LogUtils - colorHeaderShippingPage: #e62e04
[INFO] 13-07-2025 13:02:51 [TestNG-test=User Add Product Test-1] LogUtils - 🔍 Trạng thái enabled của By.xpath: (//input[@name='address_id'])[1]/ancestor::label/parent::div: true
[INFO] 13-07-2025 13:02:51 [TestNG-test=User Add Product Test-1] LogUtils - 🔍 Trạng thái enabled của By.xpath: //div[text()='Add New Address']: true
[INFO] 13-07-2025 13:02:51 [TestNG-test=User Add Product Test-1] LogUtils - 🔍 Trạng thái enabled của By.xpath: //button[normalize-space()='Continue to Delivery Info']: true
[INFO] 13-07-2025 13:02:51 [TestNG-test=User Add Product Test-1] LogUtils - Get text of element: By.xpath: //button[normalize-space()='Continue to Delivery Info'] || ==> Text Return: Continue to Delivery Info
[INFO] 13-07-2025 13:02:52 [TestNG-test=User Add Product Test-1] LogUtils - ✅ An address option is already selected. No action taken.
[INFO] 13-07-2025 13:02:55 [TestNG-test=User Add Product Test-1] LogUtils - Click on element By.xpath: //button[normalize-space()='Continue to Delivery Info']
[INFO] 13-07-2025 13:02:55 [TestNG-test=User Add Product Test-1] LogUtils - Start verify delivery page
[INFO] 13-07-2025 13:02:55 [TestNG-test=User Add Product Test-1] LogUtils - Get current url: https://cms.anhtester.com/checkout/delivery_info
[INFO] 13-07-2025 13:02:55 [TestNG-test=User Add Product Test-1] LogUtils - Get text of element: By.xpath: //h3[normalize-space()='3. Delivery info'] || ==> Text Return: 3. Delivery info
[INFO] 13-07-2025 13:02:55 [TestNG-test=User Add Product Test-1] LogUtils - Get text of element: By.xpath: //h5[normalize-space()='Active eCommerce CMS Products'] || ==> Text Return: Active eCommerce CMS Products
[INFO] 13-07-2025 13:02:55 [TestNG-test=User Add Product Test-1] LogUtils - Get CSS value color of element By.xpath: //h3[normalize-space()='3. Delivery info']
[INFO] 13-07-2025 13:02:55 [TestNG-test=User Add Product Test-1] LogUtils - ==> CSS value: rgba(230, 46, 4, 1)
[INFO] 13-07-2025 13:02:55 [TestNG-test=User Add Product Test-1] LogUtils - checkElementExist: true --- By.xpath: //h5[normalize-space()='Active eCommerce CMS Products']
[INFO] 13-07-2025 13:02:55 [TestNG-test=User Add Product Test-1] LogUtils - checkElementExist: true --- By.xpath: //h3[normalize-space()='3. Delivery info']
[INFO] 13-07-2025 13:02:55 [TestNG-test=User Add Product Test-1] LogUtils - 🔍 Trạng thái enabled của By.xpath: //button[normalize-space()='Continue to Payment']: true
[INFO] 13-07-2025 13:02:55 [TestNG-test=User Add Product Test-1] LogUtils - Get text of element: By.xpath: //button[normalize-space()='Continue to Payment'] || ==> Text Return: Continue to Payment
[INFO] 13-07-2025 13:02:55 [TestNG-test=User Add Product Test-1] LogUtils - 🚛 Start verify product in delivery page
[INFO] 13-07-2025 13:02:55 [TestNG-test=User Add Product Test-1] LogUtils - 📦 nameProductActual: Laptop Asus
[INFO] 13-07-2025 13:02:55 [TestNG-test=User Add Product Test-1] LogUtils - 📦 nameProductActual: Laptop Asus
[INFO] 13-07-2025 13:02:56 [TestNG-test=User Add Product Test-1] LogUtils - Click on element By.xpath: //button[normalize-space()='Continue to Payment']
[INFO] 13-07-2025 13:02:56 [TestNG-test=User Add Product Test-1] LogUtils - 🚛 Start verify payment page
[INFO] 13-07-2025 13:02:57 [TestNG-test=User Add Product Test-1] LogUtils - Get current url: https://cms.anhtester.com/checkout/payment_select
[INFO] 13-07-2025 13:02:57 [TestNG-test=User Add Product Test-1] LogUtils - Get CSS value color of element By.xpath: //h3[normalize-space()='4. Payment']
[INFO] 13-07-2025 13:02:57 [TestNG-test=User Add Product Test-1] LogUtils - ==> CSS value: rgba(230, 46, 4, 1)
[INFO] 13-07-2025 13:02:57 [TestNG-test=User Add Product Test-1] LogUtils - Get text of element: By.xpath: //button[normalize-space()='Complete Order'] || ==> Text Return: Complete Order
[INFO] 13-07-2025 13:02:57 [TestNG-test=User Add Product Test-1] LogUtils - 🔍 Trạng thái enabled của By.xpath: //button[normalize-space()='Complete Order']: true
[INFO] 13-07-2025 13:02:57 [TestNG-test=User Add Product Test-1] LogUtils - 🚛 Start verify product in payment page
[INFO] 13-07-2025 13:02:57 [TestNG-test=User Add Product Test-1] LogUtils - Get text of element: By.xpath: //h3[normalize-space()='Summary']/following::span[contains(normalize-space(), 'Items')] || ==> Text Return: 2 Items
[INFO] 13-07-2025 13:02:57 [TestNG-test=User Add Product Test-1] LogUtils - countProductActual: 2
[INFO] 13-07-2025 13:02:57 [TestNG-test=User Add Product Test-1] LogUtils - countProductExpected: 2
[INFO] 13-07-2025 13:02:57 [TestNG-test=User Add Product Test-1] LogUtils - 🔍 Sản phẩm: Laptop Asus
[INFO] 13-07-2025 13:02:57 [TestNG-test=User Add Product Test-1] LogUtils -    Số lượng: 1
[INFO] 13-07-2025 13:02:57 [TestNG-test=User Add Product Test-1] LogUtils -    Giá: 3000.0
[INFO] 13-07-2025 13:02:57 [TestNG-test=User Add Product Test-1] LogUtils - 🔍 Sản phẩm: Laptop Asus
[INFO] 13-07-2025 13:02:57 [TestNG-test=User Add Product Test-1] LogUtils -    Số lượng: 1
[INFO] 13-07-2025 13:02:57 [TestNG-test=User Add Product Test-1] LogUtils -    Giá: 3000.0
[INFO] 13-07-2025 13:02:57 [TestNG-test=User Add Product Test-1] LogUtils - Get text of element: By.xpath: //th[normalize-space()='Subtotal']/following-sibling::td/span || ==> Text Return: $6,000.00
[INFO] 13-07-2025 13:02:57 [TestNG-test=User Add Product Test-1] LogUtils - 💰 Tổng tiền mong đợi (calculated): 6000.0
[INFO] 13-07-2025 13:02:57 [TestNG-test=User Add Product Test-1] LogUtils - 💰 Tổng tiền hiển thị UI: 6000.0
[INFO] 13-07-2025 13:02:57 [TestNG-test=User Add Product Test-1] LogUtils - Get text of element: By.xpath: //th[normalize-space()='Total Shipping']//following-sibling::td/span || ==> Text Return: $30,000.00
[INFO] 13-07-2025 13:02:57 [TestNG-test=User Add Product Test-1] LogUtils - Get text of element: By.xpath: //tr[@class='cart-total']/td//span || ==> Text Return: $36,000.00
[INFO] 13-07-2025 13:02:57 [TestNG-test=User Add Product Test-1] LogUtils - ✅ verifyProductPaymentPage: success!
[INFO] 13-07-2025 13:02:58 [TestNG-test=User Add Product Test-1] LogUtils - Click on element By.xpath: //input[@id='agree_checkbox']/ancestor::label[@class='aiz-checkbox']
[INFO] 13-07-2025 13:03:02 [TestNG-test=User Add Product Test-1] LogUtils - Click on element By.xpath: //button[normalize-space()='Complete Order']
[INFO] 13-07-2025 13:03:02 [TestNG-test=User Add Product Test-1] LogUtils - Get current url: https://cms.anhtester.com/checkout/order-confirmed
[INFO] 13-07-2025 13:03:02 [TestNG-test=User Add Product Test-1] LogUtils - Get CSS value color of element By.xpath: //h3[normalize-space()='5. Confirmation']
[INFO] 13-07-2025 13:03:02 [TestNG-test=User Add Product Test-1] LogUtils - ==> CSS value: rgba(230, 46, 4, 1)
[INFO] 13-07-2025 13:03:02 [TestNG-test=User Add Product Test-1] LogUtils - checkElementExist: true --- By.xpath: //span[normalize-space()='Your order has been placed successfully']
[INFO] 13-07-2025 13:03:02 [TestNG-test=User Add Product Test-1] LogUtils - Get text of element: By.xpath: //span[normalize-space()='Your order has been placed successfully'] || ==> Text Return: Your order has been placed successfully
[INFO] 13-07-2025 13:03:02 [TestNG-test=User Add Product Test-1] LogUtils - Verify order confirm page successfully!
[INFO] 13-07-2025 13:03:02 [TestNG-test=User Add Product Test-1] LogUtils - addProductToCart: success
[INFO] 13-07-2025 13:03:04 [TestNG-test=User Add Product Test-1] LogUtils - ✅ Đây là Test case chạy thành công: testAddCart
[INFO] 13-07-2025 13:03:05 [main] LogUtils - ⭐️ Total test: 9
[INFO] 13-07-2025 13:03:05 [main] LogUtils - ⭐️ Passed: 8
[INFO] 13-07-2025 13:03:05 [main] LogUtils - ⭐️ Failed: 1
[INFO] 13-07-2025 13:03:05 [main] LogUtils - ⭐️ Skipped: 0
[INFO] 13-07-2025 13:03:05 [main] LogUtils - 🟢 Kết thúc toàn bộ suite: User Add Product Test
[INFO] 13-07-2025 13:03:08 [main] LogUtils - ✅ Email with attachments sent!
[INFO] 13-07-2025 13:05:42 [main] LogUtils - ⚙\uFE0F Thời gian chạy toàn bộ test:Sun Jul 13 13:05:41 ICT 2025
[INFO] 13-07-2025 13:05:42 [main] LogUtils - ⚙️ Bắt đầu test suite cho class: UserSetInfoProductToExcelTest
[INFO] 13-07-2025 13:05:45 [main] LogUtils - Run with Edge browser
[INFO] 13-07-2025 13:05:45 [main] LogUtils - Bắt đầu chạy test: testSetInfoProduct
[INFO] 13-07-2025 13:05:48 [main] LogUtils - 🌐 Open URL: https://cms.anhtester.com/
[INFO] 13-07-2025 13:05:48 [main] LogUtils - checkElementExist: true --- By.xpath: //b[normalize-space()='Website Demo']
[INFO] 13-07-2025 13:05:48 [main] LogUtils - Click on element By.xpath: //b[normalize-space()='Website Demo']/following::button[@data-value='removed']
[INFO] 13-07-2025 13:05:49 [main] LogUtils - Click on element By.xpath: (//a[normalize-space()='Login'])[1]
[INFO] 13-07-2025 13:05:49 [main] LogUtils - checkElementExist: true --- By.xpath: //a[contains(normalize-space(), 'Forgot password')]
[INFO] 13-07-2025 13:05:50 [main] LogUtils - Clear text on element By.xpath: //input[@id='email']
[INFO] 13-07-2025 13:05:50 [main] LogUtils - Set text [customer@example.com] on element: By.xpath: //input[@id='email']
[INFO] 13-07-2025 13:05:50 [main] LogUtils - Clear text on element By.xpath: //input[@id='password']
[INFO] 13-07-2025 13:05:51 [main] LogUtils - Set text [123456] on element: By.xpath: //input[@id='password']
[INFO] 13-07-2025 13:05:52 [main] LogUtils - Click on element By.xpath: //button[normalize-space()='Login']
[INFO] 13-07-2025 13:05:53 [main] LogUtils - checkElementExist: true --- By.xpath: (//span[normalize-space()='Dashboard'])[1]
[INFO] 13-07-2025 13:05:53 [main] LogUtils - Verify login success !
[INFO] 13-07-2025 13:05:53 [main] LogUtils - Clear text on element By.xpath: //input[@id='search' and @name='keyword']
[INFO] 13-07-2025 13:05:54 [main] LogUtils - Set text [Laptop asus] on element: By.xpath: //input[@id='search' and @name='keyword']
[INFO] 13-07-2025 13:05:57 [main] LogUtils - Click on element By.xpath: (//div[normalize-space()='Products']/following-sibling::ul/li)[1]
[INFO] 13-07-2025 13:05:57 [main] LogUtils - Get current url: https://cms.anhtester.com/product/laptop-asus-7
[INFO] 13-07-2025 13:05:58 [main] LogUtils - formatSlug: laptop asus 7
[INFO] 13-07-2025 13:05:58 [main] LogUtils - Product Name: laptop asus
[INFO] 13-07-2025 13:05:58 [main] LogUtils - Search Words: [laptop, asus]
[INFO] 13-07-2025 13:05:58 [main] LogUtils - Matched Words: [laptop, laptop, asus, asus]
[INFO] 13-07-2025 13:05:58 [main] LogUtils - Total Matches: 4
[INFO] 13-07-2025 13:05:58 [main] LogUtils - verifyInfoProductPage: Passed - Product is correctly displayed on the page!
[INFO] 13-07-2025 13:05:58 [main] LogUtils - checkElementExist: true --- By.xpath: (//div[contains(normalize-space(), 'Price:')]/following-sibling::div/div/strong)[1]
[INFO] 13-07-2025 13:05:58 [main] LogUtils - checkElementExist: true --- By.xpath: (//div[contains(normalize-space(), 'Price:')]/following-sibling::div/div/strong)[1]
[INFO] 13-07-2025 13:05:59 [main] LogUtils - Get text of element: By.xpath: (//div[contains(normalize-space(), 'Price:')]/following-sibling::div/div/strong)[1] || ==> Text Return: $3,000.00
[INFO] 13-07-2025 13:05:59 [main] LogUtils - Get text of element: By.xpath: //div[@id='order_details']/following::div[@class='text-left']/h1 || ==> Text Return: Laptop Asus
[INFO] 13-07-2025 13:05:59 [main] LogUtils - Get text of element: By.xpath: //span[@id='available-quantity'] || ==> Text Return: 499
[INFO] 13-07-2025 13:05:59 [main] LogUtils - Get text of element: By.xpath: //div[@id='tab_default_1']/descendant::p || ==> Text Return: Laptop asus vừa mạnh vừa đẹp
[INFO] 13-07-2025 13:05:59 [main] LogUtils - Get attribute of element By.xpath: (//div[@data-fade='true']/descendant::img)[1]
[INFO] 13-07-2025 13:05:59 [main] LogUtils - ==> Attribute value: https://cms.anhtester.com/public/uploads/all/lBlf5f6r8uudgHJomw8hKYSCruMgPwpIAzKpojIH.webp
[INFO] 13-07-2025 13:06:01 [main] LogUtils - Data written successfully to Excel!
[INFO] 13-07-2025 13:06:01 [main] LogUtils - checkElementExist: true --- By.xpath: (//div[contains(normalize-space(), 'Price:')]/following-sibling::div/div/strong)[1]
[INFO] 13-07-2025 13:06:01 [main] LogUtils - checkElementExist: true --- By.xpath: (//div[contains(normalize-space(), 'Price:')]/following-sibling::div/div/strong)[1]
[INFO] 13-07-2025 13:06:01 [main] LogUtils - Get text of element: By.xpath: (//div[contains(normalize-space(), 'Price:')]/following-sibling::div/div/strong)[1] || ==> Text Return: $3,000.00
[INFO] 13-07-2025 13:06:01 [main] LogUtils - Get text of element: By.xpath: //div[@id='order_details']/following::div[@class='text-left']/h1 || ==> Text Return: Laptop Asus
[INFO] 13-07-2025 13:06:01 [main] LogUtils - Get text of element: By.xpath: //span[@id='available-quantity'] || ==> Text Return: 499
[INFO] 13-07-2025 13:06:01 [main] LogUtils - Get text of element: By.xpath: //div[@id='tab_default_1']/descendant::p || ==> Text Return: Laptop asus vừa mạnh vừa đẹp
[INFO] 13-07-2025 13:06:01 [main] LogUtils - Get attribute of element By.xpath: (//div[@data-fade='true']/descendant::img)[1]
[INFO] 13-07-2025 13:06:01 [main] LogUtils - ==> Attribute value: https://cms.anhtester.com/public/uploads/all/lBlf5f6r8uudgHJomw8hKYSCruMgPwpIAzKpojIH.webp
[INFO] 13-07-2025 13:06:01 [main] LogUtils - expectedDataProduct: {URL image=https://cms.anhtester.com/public/uploads/all/lBlf5f6r8uudgHJomw8hKYSCruMgPwpIAzKpojIH.webp, Description=Laptop asus vừa mạnh vừa đẹp, Price=$3,000.00, Available Quantity=499, Product Name=Laptop Asus, Time=13/07/2025 13:06, Color =Aqua}
[INFO] 13-07-2025 13:06:01 [main] LogUtils - actualData: {URL image=https://cms.anhtester.com/public/uploads/all/lBlf5f6r8uudgHJomw8hKYSCruMgPwpIAzKpojIH.webp, Description=Laptop asus vừa mạnh vừa đẹp, Price=$3,000.00, Available Quantity=499, Product Name=Laptop Asus, Time=13/07/2025 13:05, Color =Aqua}
[ERROR] 13-07-2025 13:06:01 [main] LogUtils - ❌ Đây là Test case chạy thất bại: testSetInfoProduct
[ERROR] 13-07-2025 13:06:01 [main] LogUtils - java.lang.AssertionError: Dữ liệu sản phẩm trong Excel không khớp!
[INFO] 13-07-2025 13:06:02 [main] LogUtils - Screenshot taken: testSetInfoProduct
[INFO] 13-07-2025 13:06:02 [main] LogUtils - Screenshot taken current URL: https://cms.anhtester.com/product/laptop-asus-7
[INFO] 13-07-2025 13:06:03 [main] LogUtils - ⭐️ Total test: 1
[INFO] 13-07-2025 13:06:03 [main] LogUtils - ⭐️ Passed: 0
[INFO] 13-07-2025 13:06:03 [main] LogUtils - ⭐️ Failed: 1
[INFO] 13-07-2025 13:06:03 [main] LogUtils - ⭐️ Skipped: 0
[INFO] 13-07-2025 13:06:03 [main] LogUtils - 🟢 Kết thúc toàn bộ suite: EcommerceAutomationTesting
[INFO] 13-07-2025 13:06:06 [main] LogUtils - ✅ Email with attachments sent!
[INFO] 13-07-2025 13:15:05 [main] LogUtils - ⚙\uFE0F Thời gian chạy toàn bộ test:Sun Jul 13 13:15:04 ICT 2025
[INFO] 13-07-2025 13:15:05 [main] LogUtils - ⚙️ Bắt đầu test suite cho class: UserSetInfoProductToExcelTest
[INFO] 13-07-2025 13:15:08 [main] LogUtils - Run with Edge browser
[INFO] 13-07-2025 13:15:08 [main] LogUtils - Bắt đầu chạy test: testSetInfoProduct
[INFO] 13-07-2025 13:15:11 [main] LogUtils - 🌐 Open URL: https://cms.anhtester.com/
[INFO] 13-07-2025 13:15:11 [main] LogUtils - checkElementExist: true --- By.xpath: //b[normalize-space()='Website Demo']
[INFO] 13-07-2025 13:15:12 [main] LogUtils - Click on element By.xpath: //b[normalize-space()='Website Demo']/following::button[@data-value='removed']
[INFO] 13-07-2025 13:15:13 [main] LogUtils - Click on element By.xpath: (//a[normalize-space()='Login'])[1]
[INFO] 13-07-2025 13:15:13 [main] LogUtils - checkElementExist: true --- By.xpath: //a[contains(normalize-space(), 'Forgot password')]
[INFO] 13-07-2025 13:15:13 [main] LogUtils - Clear text on element By.xpath: //input[@id='email']
[INFO] 13-07-2025 13:15:14 [main] LogUtils - Set text [customer@example.com] on element: By.xpath: //input[@id='email']
[INFO] 13-07-2025 13:15:14 [main] LogUtils - Clear text on element By.xpath: //input[@id='password']
[INFO] 13-07-2025 13:15:14 [main] LogUtils - Set text [123456] on element: By.xpath: //input[@id='password']
[INFO] 13-07-2025 13:15:16 [main] LogUtils - Click on element By.xpath: //button[normalize-space()='Login']
[INFO] 13-07-2025 13:15:17 [main] LogUtils - checkElementExist: true --- By.xpath: (//span[normalize-space()='Dashboard'])[1]
[INFO] 13-07-2025 13:15:17 [main] LogUtils - Verify login success !
[INFO] 13-07-2025 13:15:17 [main] LogUtils - Clear text on element By.xpath: //input[@id='search' and @name='keyword']
[INFO] 13-07-2025 13:15:18 [main] LogUtils - Set text [Laptop asus] on element: By.xpath: //input[@id='search' and @name='keyword']
[INFO] 13-07-2025 13:15:21 [main] LogUtils - Click on element By.xpath: (//div[normalize-space()='Products']/following-sibling::ul/li)[1]
[INFO] 13-07-2025 13:15:21 [main] LogUtils - Get current url: https://cms.anhtester.com/product/laptop-asus-7
[INFO] 13-07-2025 13:15:22 [main] LogUtils - formatSlug: laptop asus 7
[INFO] 13-07-2025 13:15:22 [main] LogUtils - Product Name: laptop asus
[INFO] 13-07-2025 13:15:22 [main] LogUtils - Search Words: [laptop, asus]
[INFO] 13-07-2025 13:15:22 [main] LogUtils - Matched Words: [laptop, laptop, asus, asus]
[INFO] 13-07-2025 13:15:22 [main] LogUtils - Total Matches: 4
[INFO] 13-07-2025 13:15:22 [main] LogUtils - verifyInfoProductPage: Passed - Product is correctly displayed on the page!
[INFO] 13-07-2025 13:15:22 [main] LogUtils - checkElementExist: true --- By.xpath: (//div[contains(normalize-space(), 'Price:')]/following-sibling::div/div/strong)[1]
[INFO] 13-07-2025 13:15:22 [main] LogUtils - checkElementExist: true --- By.xpath: (//div[contains(normalize-space(), 'Price:')]/following-sibling::div/div/strong)[1]
[INFO] 13-07-2025 13:15:22 [main] LogUtils - Get text of element: By.xpath: (//div[contains(normalize-space(), 'Price:')]/following-sibling::div/div/strong)[1] || ==> Text Return: $3,000.00
[INFO] 13-07-2025 13:15:23 [main] LogUtils - Get text of element: By.xpath: //div[@id='order_details']/following::div[@class='text-left']/h1 || ==> Text Return: Laptop Asus
[INFO] 13-07-2025 13:15:23 [main] LogUtils - Get text of element: By.xpath: //span[@id='available-quantity'] || ==> Text Return: 499
[INFO] 13-07-2025 13:15:23 [main] LogUtils - Get text of element: By.xpath: //div[@id='tab_default_1']/descendant::p || ==> Text Return: Laptop asus vừa mạnh vừa đẹp
[INFO] 13-07-2025 13:15:23 [main] LogUtils - Get attribute of element By.xpath: (//div[@data-fade='true']/descendant::img)[1]
[INFO] 13-07-2025 13:15:23 [main] LogUtils - ==> Attribute value: https://cms.anhtester.com/public/uploads/all/lBlf5f6r8uudgHJomw8hKYSCruMgPwpIAzKpojIH.webp
[INFO] 13-07-2025 13:15:25 [main] LogUtils - Data written successfully to Excel!
[INFO] 13-07-2025 13:15:25 [main] LogUtils - checkElementExist: true --- By.xpath: (//div[contains(normalize-space(), 'Price:')]/following-sibling::div/div/strong)[1]
[INFO] 13-07-2025 13:15:25 [main] LogUtils - checkElementExist: true --- By.xpath: (//div[contains(normalize-space(), 'Price:')]/following-sibling::div/div/strong)[1]
[INFO] 13-07-2025 13:15:25 [main] LogUtils - Get text of element: By.xpath: (//div[contains(normalize-space(), 'Price:')]/following-sibling::div/div/strong)[1] || ==> Text Return: $3,000.00
[INFO] 13-07-2025 13:15:25 [main] LogUtils - Get text of element: By.xpath: //div[@id='order_details']/following::div[@class='text-left']/h1 || ==> Text Return: Laptop Asus
[INFO] 13-07-2025 13:15:25 [main] LogUtils - Get text of element: By.xpath: //span[@id='available-quantity'] || ==> Text Return: 499
[INFO] 13-07-2025 13:15:25 [main] LogUtils - Get text of element: By.xpath: //div[@id='tab_default_1']/descendant::p || ==> Text Return: Laptop asus vừa mạnh vừa đẹp
[INFO] 13-07-2025 13:15:25 [main] LogUtils - Get attribute of element By.xpath: (//div[@data-fade='true']/descendant::img)[1]
[INFO] 13-07-2025 13:15:25 [main] LogUtils - ==> Attribute value: https://cms.anhtester.com/public/uploads/all/lBlf5f6r8uudgHJomw8hKYSCruMgPwpIAzKpojIH.webp
[INFO] 13-07-2025 13:15:25 [main] LogUtils - expectedDataProduct: {URL image=https://cms.anhtester.com/public/uploads/all/lBlf5f6r8uudgHJomw8hKYSCruMgPwpIAzKpojIH.webp, Description=Laptop asus vừa mạnh vừa đẹp, Price=$3,000.00, Available Quantity=499, Product Name=Laptop Asus, Time=13/07/2025 13:15, Color =Aqua}
[INFO] 13-07-2025 13:15:25 [main] LogUtils - actualData: {URL image=https://cms.anhtester.com/public/uploads/all/lBlf5f6r8uudgHJomw8hKYSCruMgPwpIAzKpojIH.webp, Description=Laptop asus vừa mạnh vừa đẹp, Price=$3,000.00, Available Quantity=499, Product Name=Laptop Asus, Time=13/07/2025 13:15, Color =Aqua}
[INFO] 13-07-2025 13:15:25 [main] LogUtils - ✅ Đây là Test case chạy thành công: testSetInfoProduct
[INFO] 13-07-2025 13:15:26 [main] LogUtils - ⭐️ Total test: 1
[INFO] 13-07-2025 13:15:26 [main] LogUtils - ⭐️ Passed: 1
[INFO] 13-07-2025 13:15:26 [main] LogUtils - ⭐️ Failed: 0
[INFO] 13-07-2025 13:15:26 [main] LogUtils - ⭐️ Skipped: 0
[INFO] 13-07-2025 13:15:26 [main] LogUtils - 🟢 Kết thúc toàn bộ suite: EcommerceAutomationTesting
[INFO] 13-07-2025 13:15:30 [main] LogUtils - ✅ Email with attachments sent!
[INFO] 13-07-2025 13:15:52 [main] LogUtils - ⚙\uFE0F Thời gian chạy toàn bộ test:Sun Jul 13 13:15:51 ICT 2025
[INFO] 13-07-2025 13:15:53 [main] LogUtils - ⚙️ Bắt đầu test suite cho class: UserLoginTest
[INFO] 13-07-2025 13:15:54 [TestNG-test=User Login Test-3] LogUtils - Login Data from Excel: [[Ljava.lang.Object;@30654a2
[INFO] 13-07-2025 13:15:54 [TestNG-test=User Login Test-2] LogUtils - Login Data from Excel: [[Ljava.lang.Object;@5e19c096
[INFO] 13-07-2025 13:15:54 [TestNG-test=User Login Test-1] LogUtils - Login Data from Excel: [[Ljava.lang.Object;@3a65eade
[INFO] 13-07-2025 13:15:58 [TestNG-test=User Login Test-2] LogUtils - Run with Edge browser
[INFO] 13-07-2025 13:15:58 [TestNG-test=User Login Test-3] LogUtils - Run with Edge browser
[INFO] 13-07-2025 13:15:58 [TestNG-test=User Login Test-1] LogUtils - Run with Edge browser
[INFO] 13-07-2025 13:15:58 [TestNG-test=User Login Test-1] LogUtils - Bắt đầu chạy test: testUserLoginPageSuccess
[INFO] 13-07-2025 13:15:58 [TestNG-test=User Login Test-3] LogUtils - Bắt đầu chạy test: testUserLoginPageFailWithInvalidPassword
[INFO] 13-07-2025 13:15:58 [TestNG-test=User Login Test-2] LogUtils - Bắt đầu chạy test: testUserLoginPageFailWithInvalidEmail
[INFO] 13-07-2025 13:16:01 [TestNG-test=User Login Test-1] LogUtils - 🌐 Open URL: https://cms.anhtester.com/
[INFO] 13-07-2025 13:16:02 [TestNG-test=User Login Test-2] LogUtils - 🌐 Open URL: https://cms.anhtester.com/
[INFO] 13-07-2025 13:16:02 [TestNG-test=User Login Test-3] LogUtils - 🌐 Open URL: https://cms.anhtester.com/
[INFO] 13-07-2025 13:16:02 [TestNG-test=User Login Test-3] LogUtils - checkElementExist: true --- By.xpath: //b[normalize-space()='Website Demo']
[INFO] 13-07-2025 13:16:02 [TestNG-test=User Login Test-1] LogUtils - checkElementExist: true --- By.xpath: //b[normalize-space()='Website Demo']
[INFO] 13-07-2025 13:16:02 [TestNG-test=User Login Test-2] LogUtils - checkElementExist: true --- By.xpath: //b[normalize-space()='Website Demo']
[INFO] 13-07-2025 13:16:03 [TestNG-test=User Login Test-2] LogUtils - Click on element By.xpath: //b[normalize-space()='Website Demo']/following::button[@data-value='removed']
[INFO] 13-07-2025 13:16:03 [TestNG-test=User Login Test-3] LogUtils - Click on element By.xpath: //b[normalize-space()='Website Demo']/following::button[@data-value='removed']
[INFO] 13-07-2025 13:16:03 [TestNG-test=User Login Test-1] LogUtils - Click on element By.xpath: //b[normalize-space()='Website Demo']/following::button[@data-value='removed']
[INFO] 13-07-2025 13:16:04 [TestNG-test=User Login Test-3] LogUtils - Click on element By.xpath: (//a[normalize-space()='Login'])[1]
[INFO] 13-07-2025 13:16:04 [TestNG-test=User Login Test-3] LogUtils - checkElementExist: true --- By.xpath: //a[contains(normalize-space(), 'Forgot password')]
[INFO] 13-07-2025 13:16:04 [TestNG-test=User Login Test-1] LogUtils - Click on element By.xpath: (//a[normalize-space()='Login'])[1]
[INFO] 13-07-2025 13:16:04 [TestNG-test=User Login Test-2] LogUtils - Click on element By.xpath: (//a[normalize-space()='Login'])[1]
[INFO] 13-07-2025 13:16:04 [TestNG-test=User Login Test-1] LogUtils - checkElementExist: true --- By.xpath: //a[contains(normalize-space(), 'Forgot password')]
[INFO] 13-07-2025 13:16:04 [TestNG-test=User Login Test-3] LogUtils - Clear text on element By.xpath: //input[@id='email']
[INFO] 13-07-2025 13:16:04 [TestNG-test=User Login Test-2] LogUtils - checkElementExist: true --- By.xpath: //a[contains(normalize-space(), 'Forgot password')]
[INFO] 13-07-2025 13:16:05 [TestNG-test=User Login Test-1] LogUtils - Clear text on element By.xpath: //input[@id='email']
[INFO] 13-07-2025 13:16:05 [TestNG-test=User Login Test-3] LogUtils - Set text [customer@example.com] on element: By.xpath: //input[@id='email']
[INFO] 13-07-2025 13:16:05 [TestNG-test=User Login Test-2] LogUtils - Clear text on element By.xpath: //input[@id='email']
[INFO] 13-07-2025 13:16:05 [TestNG-test=User Login Test-1] LogUtils - Set text [customer@example.com] on element: By.xpath: //input[@id='email']
[INFO] 13-07-2025 13:16:05 [TestNG-test=User Login Test-3] LogUtils - Clear text on element By.xpath: //input[@id='password']
[INFO] 13-07-2025 13:16:05 [TestNG-test=User Login Test-2] LogUtils - Set text [customer123@example.com] on element: By.xpath: //input[@id='email']
[INFO] 13-07-2025 13:16:05 [TestNG-test=User Login Test-3] LogUtils - Set text [123] on element: By.xpath: //input[@id='password']
[INFO] 13-07-2025 13:16:05 [TestNG-test=User Login Test-1] LogUtils - Clear text on element By.xpath: //input[@id='password']
[INFO] 13-07-2025 13:16:05 [TestNG-test=User Login Test-2] LogUtils - Clear text on element By.xpath: //input[@id='password']
[INFO] 13-07-2025 13:16:06 [TestNG-test=User Login Test-1] LogUtils - Set text [123456] on element: By.xpath: //input[@id='password']
[INFO] 13-07-2025 13:16:06 [TestNG-test=User Login Test-2] LogUtils - Set text [123456] on element: By.xpath: //input[@id='password']
[INFO] 13-07-2025 13:16:07 [TestNG-test=User Login Test-3] LogUtils - Click on element By.xpath: //button[normalize-space()='Login']
[INFO] 13-07-2025 13:16:07 [TestNG-test=User Login Test-2] LogUtils - Click on element By.xpath: //button[normalize-space()='Login']
[INFO] 13-07-2025 13:16:09 [TestNG-test=User Login Test-3] LogUtils - Get text of element: By.xpath: //span[contains(normalize-space(), 'Invalid login')] || ==> Text Return: Invalid login credentials
[INFO] 13-07-2025 13:16:09 [TestNG-test=User Login Test-3] LogUtils - Verify login fail success !
[INFO] 13-07-2025 13:16:09 [TestNG-test=User Login Test-3] LogUtils - ✅ Đây là Test case chạy thành công: testUserLoginPageFailWithInvalidPassword
[INFO] 13-07-2025 13:16:09 [TestNG-test=User Login Test-2] LogUtils - Get text of element: By.xpath: //span[contains(normalize-space(), 'Invalid login')] || ==> Text Return: Invalid login credentials
[INFO] 13-07-2025 13:16:09 [TestNG-test=User Login Test-2] LogUtils - Verify login fail success !
[INFO] 13-07-2025 13:16:09 [TestNG-test=User Login Test-2] LogUtils - ✅ Đây là Test case chạy thành công: testUserLoginPageFailWithInvalidEmail
[INFO] 13-07-2025 13:16:09 [TestNG-test=User Login Test-1] LogUtils - Click on element By.xpath: //button[normalize-space()='Login']
[INFO] 13-07-2025 13:16:12 [TestNG-test=User Login Test-1] LogUtils - checkElementExist: true --- By.xpath: (//span[normalize-space()='Dashboard'])[1]
[INFO] 13-07-2025 13:16:12 [TestNG-test=User Login Test-1] LogUtils - Verify login success !
[INFO] 13-07-2025 13:16:12 [TestNG-test=User Login Test-1] LogUtils - ✅ Đây là Test case chạy thành công: testUserLoginPageSuccess
[INFO] 13-07-2025 13:16:13 [main] LogUtils - ⭐️ Total test: 3
[INFO] 13-07-2025 13:16:13 [main] LogUtils - ⭐️ Passed: 3
[INFO] 13-07-2025 13:16:13 [main] LogUtils - ⭐️ Failed: 0
[INFO] 13-07-2025 13:16:13 [main] LogUtils - ⭐️ Skipped: 0
[INFO] 13-07-2025 13:16:13 [main] LogUtils - 🟢 Kết thúc toàn bộ suite: User Login Test
[INFO] 13-07-2025 13:16:17 [main] LogUtils - ✅ Email with attachments sent!
[INFO] 13-07-2025 13:16:17 [main] LogUtils - ⚙\uFE0F Thời gian chạy toàn bộ test:Sun Jul 13 13:16:17 ICT 2025
[INFO] 13-07-2025 13:16:17 [main] LogUtils - ⚙️ Bắt đầu test suite cho class: UserUpdateProfileTest
[INFO] 13-07-2025 13:16:18 [main] LogUtils - Run with Edge browser
[INFO] 13-07-2025 13:16:18 [main] LogUtils - Bắt đầu chạy test: testUpdateUserWithAddNewName
[INFO] 13-07-2025 13:16:20 [main] LogUtils - 🌐 Open URL: https://cms.anhtester.com/
[INFO] 13-07-2025 13:16:20 [main] LogUtils - checkElementExist: true --- By.xpath: //b[normalize-space()='Website Demo']
[INFO] 13-07-2025 13:16:21 [main] LogUtils - Click on element By.xpath: //b[normalize-space()='Website Demo']/following::button[@data-value='removed']
[INFO] 13-07-2025 13:16:22 [main] LogUtils - Click on element By.xpath: (//a[normalize-space()='Login'])[1]
[INFO] 13-07-2025 13:16:22 [main] LogUtils - checkElementExist: true --- By.xpath: //a[contains(normalize-space(), 'Forgot password')]
[INFO] 13-07-2025 13:16:22 [main] LogUtils - Clear text on element By.xpath: //input[@id='email']
[INFO] 13-07-2025 13:16:22 [main] LogUtils - Set text [customer@example.com] on element: By.xpath: //input[@id='email']
[INFO] 13-07-2025 13:16:23 [main] LogUtils - Clear text on element By.xpath: //input[@id='password']
[INFO] 13-07-2025 13:16:23 [main] LogUtils - Set text [123456] on element: By.xpath: //input[@id='password']
[INFO] 13-07-2025 13:16:25 [main] LogUtils - Click on element By.xpath: //button[normalize-space()='Login']
[INFO] 13-07-2025 13:16:26 [main] LogUtils - checkElementExist: true --- By.xpath: (//span[normalize-space()='Dashboard'])[1]
[INFO] 13-07-2025 13:16:26 [main] LogUtils - Verify login success !
[INFO] 13-07-2025 13:16:27 [main] LogUtils - checkElementExist: true --- By.xpath: (//span[normalize-space()='Manage Profile'])[1]
[INFO] 13-07-2025 13:16:28 [main] LogUtils - Click on element By.xpath: (//span[normalize-space()='Manage Profile'])[1]
[INFO] 13-07-2025 13:16:28 [main] LogUtils - Get current url: https://cms.anhtester.com/profile
[INFO] 13-07-2025 13:16:29 [main] LogUtils - checkElementExist: true --- By.xpath: //button[normalize-space()='Update Profile']
[INFO] 13-07-2025 13:16:29 [main] LogUtils - checkElementExist: true --- By.xpath: //input[@placeholder='Your name' and @name='name']
[INFO] 13-07-2025 13:16:29 [main] LogUtils - Get attribute of element By.xpath: //input[@placeholder='Your name' and @name='name']
[INFO] 13-07-2025 13:16:29 [main] LogUtils - ==> Attribute value: User Test
[INFO] 13-07-2025 13:16:29 [main] LogUtils - Clear text on element By.xpath: //input[@placeholder='Your name' and @name='name']
[INFO] 13-07-2025 13:16:29 [main] LogUtils - Set text [User Test Hoàng] on element: By.xpath: //input[@placeholder='Your name' and @name='name']
[INFO] 13-07-2025 13:16:29 [main] LogUtils - checkElementExist: true --- By.xpath: //button[normalize-space()='Update Profile']
[INFO] 13-07-2025 13:16:31 [main] LogUtils - Click on element By.xpath: //button[normalize-space()='Update Profile']
[INFO] 13-07-2025 13:16:32 [main] LogUtils - checkElementExist: true --- By.xpath: //input[@placeholder='Your name' and @name='name']
[INFO] 13-07-2025 13:16:32 [main] LogUtils - Get attribute of element By.xpath: //input[@placeholder='Your name' and @name='name']
[INFO] 13-07-2025 13:16:32 [main] LogUtils - ==> Attribute value: User Test Hoàng
[INFO] 13-07-2025 13:16:32 [main] LogUtils - checkElementExist: true --- By.xpath: //span[contains(normalize-space(), 'updated successfully')]
[INFO] 13-07-2025 13:16:32 [main] LogUtils - verifyUpdateUserProfileSuccess: profile updated successfully!
[INFO] 13-07-2025 13:16:32 [main] LogUtils - checkElementExist: true --- By.xpath: //span[contains(normalize-space(), 'updated successfully')]
[INFO] 13-07-2025 13:16:32 [main] LogUtils - verifyUpdateUserProfileSuccess: profile updated successfully!
[INFO] 13-07-2025 13:16:32 [main] LogUtils - ✅ Đây là Test case chạy thành công: testUpdateUserWithAddNewName
[INFO] 13-07-2025 13:16:34 [main] LogUtils - Run with Edge browser
[INFO] 13-07-2025 13:16:34 [main] LogUtils - Bắt đầu chạy test: testUpdateUserWithChangeValue
[INFO] 13-07-2025 13:16:37 [main] LogUtils - 🌐 Open URL: https://cms.anhtester.com/
[INFO] 13-07-2025 13:16:37 [main] LogUtils - checkElementExist: true --- By.xpath: //b[normalize-space()='Website Demo']
[INFO] 13-07-2025 13:16:37 [main] LogUtils - Click on element By.xpath: //b[normalize-space()='Website Demo']/following::button[@data-value='removed']
[INFO] 13-07-2025 13:16:38 [main] LogUtils - Click on element By.xpath: (//a[normalize-space()='Login'])[1]
[INFO] 13-07-2025 13:16:38 [main] LogUtils - checkElementExist: true --- By.xpath: //a[contains(normalize-space(), 'Forgot password')]
[INFO] 13-07-2025 13:16:39 [main] LogUtils - Clear text on element By.xpath: //input[@id='email']
[INFO] 13-07-2025 13:16:39 [main] LogUtils - Set text [customer@example.com] on element: By.xpath: //input[@id='email']
[INFO] 13-07-2025 13:16:39 [main] LogUtils - Clear text on element By.xpath: //input[@id='password']
[INFO] 13-07-2025 13:16:40 [main] LogUtils - Set text [123456] on element: By.xpath: //input[@id='password']
[INFO] 13-07-2025 13:16:41 [main] LogUtils - Click on element By.xpath: //button[normalize-space()='Login']
[INFO] 13-07-2025 13:16:42 [main] LogUtils - checkElementExist: true --- By.xpath: (//span[normalize-space()='Dashboard'])[1]
[INFO] 13-07-2025 13:16:42 [main] LogUtils - Verify login success !
[INFO] 13-07-2025 13:16:43 [main] LogUtils - checkElementExist: true --- By.xpath: (//span[normalize-space()='Manage Profile'])[1]
[INFO] 13-07-2025 13:16:44 [main] LogUtils - Click on element By.xpath: (//span[normalize-space()='Manage Profile'])[1]
[INFO] 13-07-2025 13:16:44 [main] LogUtils - Get current url: https://cms.anhtester.com/profile
[INFO] 13-07-2025 13:16:44 [main] LogUtils - checkElementExist: true --- By.xpath: //button[normalize-space()='Update Profile']
[INFO] 13-07-2025 13:16:45 [main] LogUtils - checkElementExist: true --- By.xpath: //input[@placeholder='Your name' and @name='name']
[INFO] 13-07-2025 13:16:45 [main] LogUtils - Get attribute of element By.xpath: //input[@placeholder='Your name' and @name='name']
[INFO] 13-07-2025 13:16:45 [main] LogUtils - ==> Attribute value: User Test Hoàng
[INFO] 13-07-2025 13:16:45 [main] LogUtils - Clear text on element By.xpath: //input[@placeholder='Your name' and @name='name']
[INFO] 13-07-2025 13:16:45 [main] LogUtils - Set text [User Test Tài] on element: By.xpath: //input[@placeholder='Your name' and @name='name']
[INFO] 13-07-2025 13:16:45 [main] LogUtils - checkElementExist: true --- By.xpath: //button[normalize-space()='Update Profile']
[INFO] 13-07-2025 13:16:46 [main] LogUtils - Click on element By.xpath: //button[normalize-space()='Update Profile']
[INFO] 13-07-2025 13:16:47 [main] LogUtils - checkElementExist: true --- By.xpath: //input[@placeholder='Your name' and @name='name']
[INFO] 13-07-2025 13:16:47 [main] LogUtils - Get attribute of element By.xpath: //input[@placeholder='Your name' and @name='name']
[INFO] 13-07-2025 13:16:48 [main] LogUtils - ==> Attribute value: User Test Tài
[INFO] 13-07-2025 13:16:48 [main] LogUtils - checkElementExist: true --- By.xpath: //span[contains(normalize-space(), 'updated successfully')]
[INFO] 13-07-2025 13:16:48 [main] LogUtils - verifyUpdateUserProfileSuccess: profile updated successfully!
[INFO] 13-07-2025 13:16:48 [main] LogUtils - checkElementExist: true --- By.xpath: //span[contains(normalize-space(), 'updated successfully')]
[INFO] 13-07-2025 13:16:48 [main] LogUtils - verifyUpdateUserProfileSuccess: profile updated successfully!
[INFO] 13-07-2025 13:16:48 [main] LogUtils - ✅ Đây là Test case chạy thành công: testUpdateUserWithChangeValue
[INFO] 13-07-2025 13:16:50 [main] LogUtils - Run with Edge browser
[INFO] 13-07-2025 13:16:50 [main] LogUtils - Bắt đầu chạy test: testUpdateUserWithDeletePart
[INFO] 13-07-2025 13:16:52 [main] LogUtils - 🌐 Open URL: https://cms.anhtester.com/
[INFO] 13-07-2025 13:16:52 [main] LogUtils - checkElementExist: true --- By.xpath: //b[normalize-space()='Website Demo']
[INFO] 13-07-2025 13:16:53 [main] LogUtils - Click on element By.xpath: //b[normalize-space()='Website Demo']/following::button[@data-value='removed']
[INFO] 13-07-2025 13:16:54 [main] LogUtils - Click on element By.xpath: (//a[normalize-space()='Login'])[1]
[INFO] 13-07-2025 13:16:54 [main] LogUtils - checkElementExist: true --- By.xpath: //a[contains(normalize-space(), 'Forgot password')]
[INFO] 13-07-2025 13:16:54 [main] LogUtils - Clear text on element By.xpath: //input[@id='email']
[INFO] 13-07-2025 13:16:54 [main] LogUtils - Set text [customer@example.com] on element: By.xpath: //input[@id='email']
[INFO] 13-07-2025 13:16:55 [main] LogUtils - Clear text on element By.xpath: //input[@id='password']
[INFO] 13-07-2025 13:16:55 [main] LogUtils - Set text [123456] on element: By.xpath: //input[@id='password']
[INFO] 13-07-2025 13:16:56 [main] LogUtils - Click on element By.xpath: //button[normalize-space()='Login']
[INFO] 13-07-2025 13:16:57 [main] LogUtils - checkElementExist: true --- By.xpath: (//span[normalize-space()='Dashboard'])[1]
[INFO] 13-07-2025 13:16:57 [main] LogUtils - Verify login success !
[INFO] 13-07-2025 13:16:58 [main] LogUtils - checkElementExist: true --- By.xpath: (//span[normalize-space()='Manage Profile'])[1]
[INFO] 13-07-2025 13:17:00 [main] LogUtils - Click on element By.xpath: (//span[normalize-space()='Manage Profile'])[1]
[INFO] 13-07-2025 13:17:00 [main] LogUtils - Get current url: https://cms.anhtester.com/profile
[INFO] 13-07-2025 13:17:00 [main] LogUtils - checkElementExist: true --- By.xpath: //button[normalize-space()='Update Profile']
[INFO] 13-07-2025 13:17:00 [main] LogUtils - checkElementExist: true --- By.xpath: //input[@placeholder='Your name' and @name='name']
[INFO] 13-07-2025 13:17:00 [main] LogUtils - Get attribute of element By.xpath: //input[@placeholder='Your name' and @name='name']
[INFO] 13-07-2025 13:17:00 [main] LogUtils - ==> Attribute value: User Test Tài
[INFO] 13-07-2025 13:17:01 [main] LogUtils - Clear text on element By.xpath: //input[@placeholder='Your name' and @name='name']
[INFO] 13-07-2025 13:17:01 [main] LogUtils - Set text [User Test] on element: By.xpath: //input[@placeholder='Your name' and @name='name']
[INFO] 13-07-2025 13:17:01 [main] LogUtils - checkElementExist: true --- By.xpath: //button[normalize-space()='Update Profile']
[INFO] 13-07-2025 13:17:02 [main] LogUtils - Click on element By.xpath: //button[normalize-space()='Update Profile']
[INFO] 13-07-2025 13:17:03 [main] LogUtils - checkElementExist: true --- By.xpath: //input[@placeholder='Your name' and @name='name']
[INFO] 13-07-2025 13:17:03 [main] LogUtils - checkElementExist: true --- By.xpath: //span[contains(normalize-space(), 'updated successfully')]
[INFO] 13-07-2025 13:17:04 [main] LogUtils - verifyUpdateUserProfileSuccess: profile updated successfully!
[INFO] 13-07-2025 13:17:04 [main] LogUtils - ✅ Đây là Test case chạy thành công: testUpdateUserWithDeletePart
[INFO] 13-07-2025 13:17:04 [main] LogUtils - ⭐️ Total test: 6
[INFO] 13-07-2025 13:17:04 [main] LogUtils - ⭐️ Passed: 6
[INFO] 13-07-2025 13:17:04 [main] LogUtils - ⭐️ Failed: 0
[INFO] 13-07-2025 13:17:04 [main] LogUtils - ⭐️ Skipped: 0
[INFO] 13-07-2025 13:17:04 [main] LogUtils - 🟢 Kết thúc toàn bộ suite: Update User Profile Test
[INFO] 13-07-2025 13:17:07 [main] LogUtils - ✅ Email with attachments sent!
[INFO] 13-07-2025 13:17:07 [main] LogUtils - ⚙\uFE0F Thời gian chạy toàn bộ test:Sun Jul 13 13:17:07 ICT 2025
[INFO] 13-07-2025 13:17:08 [main] LogUtils - ⚙️ Bắt đầu test suite cho class: UserSetInfoProductToExcelTest
[INFO] 13-07-2025 13:17:09 [TestNG-test=Save Data Product To Excel Test-1] LogUtils - Run with Edge browser
[INFO] 13-07-2025 13:17:09 [TestNG-test=Save Data Product To Excel Test-1] LogUtils - Bắt đầu chạy test: testSetInfoProduct
[INFO] 13-07-2025 13:17:11 [TestNG-test=Save Data Product To Excel Test-1] LogUtils - 🌐 Open URL: https://cms.anhtester.com/
[INFO] 13-07-2025 13:17:11 [TestNG-test=Save Data Product To Excel Test-1] LogUtils - checkElementExist: true --- By.xpath: //b[normalize-space()='Website Demo']
[INFO] 13-07-2025 13:17:12 [TestNG-test=Save Data Product To Excel Test-1] LogUtils - Click on element By.xpath: //b[normalize-space()='Website Demo']/following::button[@data-value='removed']
[INFO] 13-07-2025 13:17:13 [TestNG-test=Save Data Product To Excel Test-1] LogUtils - Click on element By.xpath: (//a[normalize-space()='Login'])[1]
[INFO] 13-07-2025 13:17:13 [TestNG-test=Save Data Product To Excel Test-1] LogUtils - checkElementExist: true --- By.xpath: //a[contains(normalize-space(), 'Forgot password')]
[INFO] 13-07-2025 13:17:13 [TestNG-test=Save Data Product To Excel Test-1] LogUtils - Clear text on element By.xpath: //input[@id='email']
[INFO] 13-07-2025 13:17:13 [TestNG-test=Save Data Product To Excel Test-1] LogUtils - Set text [customer@example.com] on element: By.xpath: //input[@id='email']
[INFO] 13-07-2025 13:17:14 [TestNG-test=Save Data Product To Excel Test-1] LogUtils - Clear text on element By.xpath: //input[@id='password']
[INFO] 13-07-2025 13:17:14 [TestNG-test=Save Data Product To Excel Test-1] LogUtils - Set text [123456] on element: By.xpath: //input[@id='password']
[INFO] 13-07-2025 13:17:15 [TestNG-test=Save Data Product To Excel Test-1] LogUtils - Click on element By.xpath: //button[normalize-space()='Login']
[INFO] 13-07-2025 13:17:16 [TestNG-test=Save Data Product To Excel Test-1] LogUtils - checkElementExist: true --- By.xpath: (//span[normalize-space()='Dashboard'])[1]
[INFO] 13-07-2025 13:17:16 [TestNG-test=Save Data Product To Excel Test-1] LogUtils - Verify login success !
[INFO] 13-07-2025 13:17:17 [TestNG-test=Save Data Product To Excel Test-1] LogUtils - Clear text on element By.xpath: //input[@id='search' and @name='keyword']
[INFO] 13-07-2025 13:17:17 [TestNG-test=Save Data Product To Excel Test-1] LogUtils - Set text [Laptop asus] on element: By.xpath: //input[@id='search' and @name='keyword']
[INFO] 13-07-2025 13:17:21 [TestNG-test=Save Data Product To Excel Test-1] LogUtils - Click on element By.xpath: (//div[normalize-space()='Products']/following-sibling::ul/li)[1]
[INFO] 13-07-2025 13:17:21 [TestNG-test=Save Data Product To Excel Test-1] LogUtils - Get current url: https://cms.anhtester.com/product/laptop-asus-7
[INFO] 13-07-2025 13:17:22 [TestNG-test=Save Data Product To Excel Test-1] LogUtils - formatSlug: laptop asus 7
[INFO] 13-07-2025 13:17:22 [TestNG-test=Save Data Product To Excel Test-1] LogUtils - Product Name: laptop asus
[INFO] 13-07-2025 13:17:22 [TestNG-test=Save Data Product To Excel Test-1] LogUtils - Search Words: [laptop, asus]
[INFO] 13-07-2025 13:17:22 [TestNG-test=Save Data Product To Excel Test-1] LogUtils - Matched Words: [laptop, laptop, asus, asus]
[INFO] 13-07-2025 13:17:22 [TestNG-test=Save Data Product To Excel Test-1] LogUtils - Total Matches: 4
[INFO] 13-07-2025 13:17:22 [TestNG-test=Save Data Product To Excel Test-1] LogUtils - verifyInfoProductPage: Passed - Product is correctly displayed on the page!
[INFO] 13-07-2025 13:17:22 [TestNG-test=Save Data Product To Excel Test-1] LogUtils - checkElementExist: true --- By.xpath: (//div[contains(normalize-space(), 'Price:')]/following-sibling::div/div/strong)[1]
[INFO] 13-07-2025 13:17:22 [TestNG-test=Save Data Product To Excel Test-1] LogUtils - checkElementExist: true --- By.xpath: (//div[contains(normalize-space(), 'Price:')]/following-sibling::div/div/strong)[1]
[INFO] 13-07-2025 13:17:22 [TestNG-test=Save Data Product To Excel Test-1] LogUtils - Get text of element: By.xpath: (//div[contains(normalize-space(), 'Price:')]/following-sibling::div/div/strong)[1] || ==> Text Return: $3,000.00
[INFO] 13-07-2025 13:17:22 [TestNG-test=Save Data Product To Excel Test-1] LogUtils - Get text of element: By.xpath: //div[@id='order_details']/following::div[@class='text-left']/h1 || ==> Text Return: Laptop Asus
[INFO] 13-07-2025 13:17:22 [TestNG-test=Save Data Product To Excel Test-1] LogUtils - Get text of element: By.xpath: //span[@id='available-quantity'] || ==> Text Return: 499
[INFO] 13-07-2025 13:17:22 [TestNG-test=Save Data Product To Excel Test-1] LogUtils - Get text of element: By.xpath: //div[@id='tab_default_1']/descendant::p || ==> Text Return: Laptop asus vừa mạnh vừa đẹp
[INFO] 13-07-2025 13:17:22 [TestNG-test=Save Data Product To Excel Test-1] LogUtils - Get attribute of element By.xpath: (//div[@data-fade='true']/descendant::img)[1]
[INFO] 13-07-2025 13:17:22 [TestNG-test=Save Data Product To Excel Test-1] LogUtils - ==> Attribute value: https://cms.anhtester.com/public/uploads/all/lBlf5f6r8uudgHJomw8hKYSCruMgPwpIAzKpojIH.webp
[INFO] 13-07-2025 13:17:23 [TestNG-test=Save Data Product To Excel Test-1] LogUtils - Data written successfully to Excel!
[INFO] 13-07-2025 13:17:23 [TestNG-test=Save Data Product To Excel Test-1] LogUtils - checkElementExist: true --- By.xpath: (//div[contains(normalize-space(), 'Price:')]/following-sibling::div/div/strong)[1]
[INFO] 13-07-2025 13:17:23 [TestNG-test=Save Data Product To Excel Test-1] LogUtils - checkElementExist: true --- By.xpath: (//div[contains(normalize-space(), 'Price:')]/following-sibling::div/div/strong)[1]
[INFO] 13-07-2025 13:17:23 [TestNG-test=Save Data Product To Excel Test-1] LogUtils - Get text of element: By.xpath: (//div[contains(normalize-space(), 'Price:')]/following-sibling::div/div/strong)[1] || ==> Text Return: $3,000.00
[INFO] 13-07-2025 13:17:23 [TestNG-test=Save Data Product To Excel Test-1] LogUtils - Get text of element: By.xpath: //div[@id='order_details']/following::div[@class='text-left']/h1 || ==> Text Return: Laptop Asus
[INFO] 13-07-2025 13:17:23 [TestNG-test=Save Data Product To Excel Test-1] LogUtils - Get text of element: By.xpath: //span[@id='available-quantity'] || ==> Text Return: 499
[INFO] 13-07-2025 13:17:23 [TestNG-test=Save Data Product To Excel Test-1] LogUtils - Get text of element: By.xpath: //div[@id='tab_default_1']/descendant::p || ==> Text Return: Laptop asus vừa mạnh vừa đẹp
[INFO] 13-07-2025 13:17:23 [TestNG-test=Save Data Product To Excel Test-1] LogUtils - Get attribute of element By.xpath: (//div[@data-fade='true']/descendant::img)[1]
[INFO] 13-07-2025 13:17:23 [TestNG-test=Save Data Product To Excel Test-1] LogUtils - ==> Attribute value: https://cms.anhtester.com/public/uploads/all/lBlf5f6r8uudgHJomw8hKYSCruMgPwpIAzKpojIH.webp
[INFO] 13-07-2025 13:17:23 [TestNG-test=Save Data Product To Excel Test-1] LogUtils - expectedDataProduct: {URL image=https://cms.anhtester.com/public/uploads/all/lBlf5f6r8uudgHJomw8hKYSCruMgPwpIAzKpojIH.webp, Description=Laptop asus vừa mạnh vừa đẹp, Price=$3,000.00, Available Quantity=499, Product Name=Laptop Asus, Time=13/07/2025 13:17, Color =Aqua}
[INFO] 13-07-2025 13:17:23 [TestNG-test=Save Data Product To Excel Test-1] LogUtils - actualData: {URL image=https://cms.anhtester.com/public/uploads/all/lBlf5f6r8uudgHJomw8hKYSCruMgPwpIAzKpojIH.webp, Description=Laptop asus vừa mạnh vừa đẹp, Price=$3,000.00, Available Quantity=499, Product Name=Laptop Asus, Time=13/07/2025 13:17, Color =Aqua}
[INFO] 13-07-2025 13:17:23 [TestNG-test=Save Data Product To Excel Test-1] LogUtils - ✅ Đây là Test case chạy thành công: testSetInfoProduct
[INFO] 13-07-2025 13:17:24 [main] LogUtils - ⭐️ Total test: 7
[INFO] 13-07-2025 13:17:24 [main] LogUtils - ⭐️ Passed: 7
[INFO] 13-07-2025 13:17:24 [main] LogUtils - ⭐️ Failed: 0
[INFO] 13-07-2025 13:17:24 [main] LogUtils - ⭐️ Skipped: 0
[INFO] 13-07-2025 13:17:24 [main] LogUtils - 🟢 Kết thúc toàn bộ suite: Save Data Product To Excel Test
[INFO] 13-07-2025 13:17:27 [main] LogUtils - ✅ Email with attachments sent!
[INFO] 13-07-2025 13:17:27 [main] LogUtils - ⚙\uFE0F Thời gian chạy toàn bộ test:Sun Jul 13 13:17:27 ICT 2025
[INFO] 13-07-2025 13:17:27 [main] LogUtils - ⚙️ Bắt đầu test suite cho class: AdminCheckDetailProduct
[INFO] 13-07-2025 13:17:27 [TestNG-test=User Add Product Test-1] LogUtils - ✅ Read data from Excel: [[Laptop Asus, Laptop, Asus, PC, Aqua, 5, laptop asus, 3000, 500, Laptop asus vừa mạnh vừa đẹp, laptop_asus.webp]]
[INFO] 13-07-2025 13:17:27 [TestNG-test=User Add Product Test-1] LogUtils - Run with Edge browser (default)
[INFO] 13-07-2025 13:17:28 [TestNG-test=User Add Product Test-1] LogUtils - Bắt đầu chạy test: testAdminCheckDetailProduct
[INFO] 13-07-2025 13:17:31 [TestNG-test=User Add Product Test-1] LogUtils - 🌐 Open URL: https://cms.anhtester.com/
[INFO] 13-07-2025 13:17:31 [TestNG-test=User Add Product Test-1] LogUtils - checkElementExist: true --- By.xpath: //b[normalize-space()='Website Demo']
[INFO] 13-07-2025 13:17:31 [TestNG-test=User Add Product Test-1] LogUtils - Click on element By.xpath: //b[normalize-space()='Website Demo']/following::button[@data-value='removed']
[INFO] 13-07-2025 13:17:32 [TestNG-test=User Add Product Test-1] LogUtils - Click on element By.xpath: (//a[normalize-space()='Login'])[1]
[INFO] 13-07-2025 13:17:32 [TestNG-test=User Add Product Test-1] LogUtils - checkElementExist: true --- By.xpath: //a[contains(normalize-space(), 'Forgot password')]
[INFO] 13-07-2025 13:17:33 [TestNG-test=User Add Product Test-1] LogUtils - Clear text on element By.xpath: //input[@id='email']
[INFO] 13-07-2025 13:17:33 [TestNG-test=User Add Product Test-1] LogUtils - Set text [admin@example.com] on element: By.xpath: //input[@id='email']
[INFO] 13-07-2025 13:17:33 [TestNG-test=User Add Product Test-1] LogUtils - Clear text on element By.xpath: //input[@id='password']
[INFO] 13-07-2025 13:17:34 [TestNG-test=User Add Product Test-1] LogUtils - Set text [123456] on element: By.xpath: //input[@id='password']
[INFO] 13-07-2025 13:17:37 [TestNG-test=User Add Product Test-1] LogUtils - Click on element By.xpath: //button[normalize-space()='Login']
[INFO] 13-07-2025 13:17:39 [TestNG-test=User Add Product Test-1] LogUtils - Get current url: https://cms.anhtester.com/admin
[INFO] 13-07-2025 13:17:39 [TestNG-test=User Add Product Test-1] LogUtils - checkElementExist: true --- By.xpath: (//span[normalize-space()='Dashboard'])[1]
[INFO] 13-07-2025 13:17:39 [TestNG-test=User Add Product Test-1] LogUtils - checkElementExist: true --- By.xpath: //span[normalize-space()='Admin Example']
[INFO] 13-07-2025 13:17:39 [TestNG-test=User Add Product Test-1] LogUtils - checkElementExist: true --- By.xpath: //span[normalize-space()='Clear Cache']
[INFO] 13-07-2025 13:17:39 [TestNG-test=User Add Product Test-1] LogUtils - Get text of element: By.xpath: //span[normalize-space()='Clear Cache'] || ==> Text Return: Clear Cache
[INFO] 13-07-2025 13:17:39 [TestNG-test=User Add Product Test-1] LogUtils - Click on element By.xpath: //ul[@id='main-menu']//span[normalize-space()='Products']
[INFO] 13-07-2025 13:17:41 [TestNG-test=User Add Product Test-1] LogUtils - Click on element By.xpath: //span[normalize-space()='Add New Product']
[INFO] 13-07-2025 13:17:41 [TestNG-test=User Add Product Test-1] LogUtils - Get current url: https://cms.anhtester.com/admin/products/create
[INFO] 13-07-2025 13:17:41 [TestNG-test=User Add Product Test-1] LogUtils - Get text of element: By.xpath: //h5[normalize-space()='Add New Product'] || ==> Text Return: Add New Product
[INFO] 13-07-2025 13:17:41 [TestNG-test=User Add Product Test-1] LogUtils - checkElementExist: true --- By.xpath: //h5[normalize-space()='Product Information']
[INFO] 13-07-2025 13:17:41 [TestNG-test=User Add Product Test-1] LogUtils - checkElementExist: true --- By.xpath: //h5[normalize-space()='Add New Product']
[INFO] 13-07-2025 13:17:41 [TestNG-test=User Add Product Test-1] LogUtils - Verify add new product page successfully
[INFO] 13-07-2025 13:17:41 [TestNG-test=User Add Product Test-1] LogUtils - Clear text on element By.xpath: //input[@name='name']
[INFO] 13-07-2025 13:17:42 [TestNG-test=User Add Product Test-1] LogUtils - Set text [Laptop Asus] on element: By.xpath: //input[@name='name']
[INFO] 13-07-2025 13:17:42 [TestNG-test=User Add Product Test-1] LogUtils - Click on element By.xpath: //button[@data-id='category_id']
[INFO] 13-07-2025 13:17:42 [TestNG-test=User Add Product Test-1] LogUtils - Set text [Laptop] on element: By.xpath: //button[@data-id='category_id']/following-sibling::div//input
[INFO] 13-07-2025 13:17:43 [TestNG-test=User Add Product Test-1] LogUtils - Click on element By.xpath: (//div[@id='bs-select-1']//li)[1]
[INFO] 13-07-2025 13:17:43 [TestNG-test=User Add Product Test-1] LogUtils - Click on element By.xpath: //button[@data-id='brand_id']
[INFO] 13-07-2025 13:17:43 [TestNG-test=User Add Product Test-1] LogUtils - Set text [Asus] on element: By.xpath: //button[@data-id='brand_id']/following-sibling::div//input
[INFO] 13-07-2025 13:17:44 [TestNG-test=User Add Product Test-1] LogUtils - Click on element By.xpath: (//div[@id='bs-select-2']//li)[1]
[INFO] 13-07-2025 13:17:44 [TestNG-test=User Add Product Test-1] LogUtils - Clear text on element By.xpath: //input[@name='unit']
[INFO] 13-07-2025 13:17:44 [TestNG-test=User Add Product Test-1] LogUtils - Set text [PC] on element: By.xpath: //input[@name='unit']
[INFO] 13-07-2025 13:17:45 [TestNG-test=User Add Product Test-1] LogUtils - Clear text on element By.xpath: //input[@name='weight']
[INFO] 13-07-2025 13:17:45 [TestNG-test=User Add Product Test-1] LogUtils - Set text [5] on element: By.xpath: //input[@name='weight']
[INFO] 13-07-2025 13:17:45 [TestNG-test=User Add Product Test-1] LogUtils - Set text [laptop asus] on element: By.xpath: //tags[@role='tagslist']
[INFO] 13-07-2025 13:17:46 [TestNG-test=User Add Product Test-1] LogUtils - Click on element By.xpath: //label[@for='signinSrEmail' and contains(normalize-space(), 'Gallery Images ')]/following-sibling::div/div
[INFO] 13-07-2025 13:17:48 [TestNG-test=User Add Product Test-1] LogUtils - Click on element By.xpath: //a[normalize-space()='Upload New']
[INFO] 13-07-2025 13:17:48 [TestNG-test=User Add Product Test-1] LogUtils - Click on element By.xpath: //button[normalize-space()='Browse']
[INFO] 13-07-2025 13:17:50 [TestNG-test=User Add Product Test-1] LogUtils - 📁 File path để upload: D:\LearnAutomationTest\EcommerceAutomationTesting\src\test\resources\datatest\laptop_asus.webp
[INFO] 13-07-2025 13:17:50 [TestNG-test=User Add Product Test-1] LogUtils - 📋 Đã copy đường dẫn file vào clipboard
[INFO] 13-07-2025 13:17:51 [TestNG-test=User Add Product Test-1] LogUtils - ⌨️ Đã thực hiện Ctrl + V
[INFO] 13-07-2025 13:17:53 [TestNG-test=User Add Product Test-1] LogUtils - ⏎ Đã nhấn Enter để xác nhận chọn file
[INFO] 13-07-2025 13:17:55 [TestNG-test=User Add Product Test-1] LogUtils - Click on element By.xpath: //a[normalize-space()='Select File']
[INFO] 13-07-2025 13:17:56 [TestNG-test=User Add Product Test-1] LogUtils - Click element with JavaScript: By.xpath: (//div[@title='laptop_asus.webp'])[29]
[INFO] 13-07-2025 13:17:57 [TestNG-test=User Add Product Test-1] LogUtils - Click on element By.xpath: //button[normalize-space()='Add Files']
[INFO] 13-07-2025 13:17:57 [TestNG-test=User Add Product Test-1] LogUtils - ✅ Upload file thành công và đã xác nhận trong UI
[INFO] 13-07-2025 13:17:58 [TestNG-test=User Add Product Test-1] LogUtils - Click on element By.xpath: //label[@for='signinSrEmail' and contains(normalize-space(), 'Thumbnail Image ')]/following-sibling::div/div[@data-type='image']
[INFO] 13-07-2025 13:18:00 [TestNG-test=User Add Product Test-1] LogUtils - Click on element By.xpath: //a[normalize-space()='Upload New']
[INFO] 13-07-2025 13:18:00 [TestNG-test=User Add Product Test-1] LogUtils - Click on element By.xpath: //button[normalize-space()='Browse']
[INFO] 13-07-2025 13:18:02 [TestNG-test=User Add Product Test-1] LogUtils - 📁 File path để upload: D:\LearnAutomationTest\EcommerceAutomationTesting\src\test\resources\datatest\laptop_asus.webp
[INFO] 13-07-2025 13:18:02 [TestNG-test=User Add Product Test-1] LogUtils - 📋 Đã copy đường dẫn file vào clipboard
[INFO] 13-07-2025 13:18:03 [TestNG-test=User Add Product Test-1] LogUtils - ⌨️ Đã thực hiện Ctrl + V
[INFO] 13-07-2025 13:18:05 [TestNG-test=User Add Product Test-1] LogUtils - ⏎ Đã nhấn Enter để xác nhận chọn file
[INFO] 13-07-2025 13:18:07 [TestNG-test=User Add Product Test-1] LogUtils - Click on element By.xpath: //a[normalize-space()='Select File']
[INFO] 13-07-2025 13:18:08 [TestNG-test=User Add Product Test-1] LogUtils - Click element with JavaScript: By.xpath: (//div[@title='laptop_asus.webp'])[31]
[INFO] 13-07-2025 13:18:09 [TestNG-test=User Add Product Test-1] LogUtils - Click on element By.xpath: //button[normalize-space()='Add Files']
[INFO] 13-07-2025 13:18:09 [TestNG-test=User Add Product Test-1] LogUtils - ✅ Upload file thành công và đã xác nhận trong UI
[INFO] 13-07-2025 13:18:10 [TestNG-test=User Add Product Test-1] LogUtils - Click on element By.xpath: //button[@data-id='colors']/parent::div/parent::div/following-sibling::div/label
[INFO] 13-07-2025 13:18:10 [TestNG-test=User Add Product Test-1] LogUtils - Click on element By.xpath: //button[@data-id='colors']
[INFO] 13-07-2025 13:18:10 [TestNG-test=User Add Product Test-1] LogUtils - Clear text on element By.xpath: //button[@data-id='colors']/following-sibling::div//input
[INFO] 13-07-2025 13:18:11 [TestNG-test=User Add Product Test-1] LogUtils - Set text [Aqua] on element: By.xpath: //button[@data-id='colors']/following-sibling::div//input
[INFO] 13-07-2025 13:18:11 [TestNG-test=User Add Product Test-1] LogUtils - Click on element By.xpath: (//button[@data-id='colors']/following-sibling::div//ul/li)[1]
[INFO] 13-07-2025 13:18:11 [TestNG-test=User Add Product Test-1] LogUtils - Click on element By.xpath: //h5[normalize-space()='Product Variation']
[INFO] 13-07-2025 13:18:13 [TestNG-test=User Add Product Test-1] LogUtils - Clear text on element By.xpath: //input[@name='unit_price']
[INFO] 13-07-2025 13:18:13 [TestNG-test=User Add Product Test-1] LogUtils - Set text [3000] on element: By.xpath: //input[@name='unit_price']
[INFO] 13-07-2025 13:18:14 [TestNG-test=User Add Product Test-1] LogUtils - Clear text on element By.xpath: //input[@name='qty_Aqua']
[INFO] 13-07-2025 13:18:15 [TestNG-test=User Add Product Test-1] LogUtils - Set text [500] on element: By.xpath: //input[@name='qty_Aqua']
[INFO] 13-07-2025 13:18:15 [TestNG-test=User Add Product Test-1] LogUtils - Clear text on element By.xpath: //input[@name='price_Aqua']
[INFO] 13-07-2025 13:18:15 [TestNG-test=User Add Product Test-1] LogUtils - Set text [3000] on element: By.xpath: //input[@name='price_Aqua']
[INFO] 13-07-2025 13:18:18 [TestNG-test=User Add Product Test-1] LogUtils - Set text [Laptop asus vừa mạnh vừa đẹp] on element: By.xpath: //div[@role='textbox']
[INFO] 13-07-2025 13:18:18 [TestNG-test=User Add Product Test-1] LogUtils - 📝 Product Name: Laptop Asus
[INFO] 13-07-2025 13:18:18 [TestNG-test=User Add Product Test-1] LogUtils - 📂 Category: Laptop
[INFO] 13-07-2025 13:18:18 [TestNG-test=User Add Product Test-1] LogUtils - 🏷️ Brand: Asus
[INFO] 13-07-2025 13:18:18 [TestNG-test=User Add Product Test-1] LogUtils - 📏 Unit: PC
[INFO] 13-07-2025 13:18:18 [TestNG-test=User Add Product Test-1] LogUtils - ⚖️ Weight: 5
[INFO] 13-07-2025 13:18:18 [TestNG-test=User Add Product Test-1] LogUtils - 🔖 Tag: laptop asus
[INFO] 13-07-2025 13:18:18 [TestNG-test=User Add Product Test-1] LogUtils - 💵 Price: 3000
[INFO] 13-07-2025 13:18:18 [TestNG-test=User Add Product Test-1] LogUtils - 💵 Color: Aqua
[INFO] 13-07-2025 13:18:18 [TestNG-test=User Add Product Test-1] LogUtils - 📦 Quantity: 500
[INFO] 13-07-2025 13:18:18 [TestNG-test=User Add Product Test-1] LogUtils - 🧾 Description: Laptop asus vừa mạnh vừa đẹp
[INFO] 13-07-2025 13:18:18 [TestNG-test=User Add Product Test-1] LogUtils - 🖼️ Image path: laptop_asus.webp
[INFO] 13-07-2025 13:18:18 [TestNG-test=User Add Product Test-1] LogUtils - Click on element By.xpath: //button[normalize-space()='Save & Publish']
[INFO] 13-07-2025 13:18:19 [TestNG-test=User Add Product Test-1] LogUtils - Get text of element: By.xpath: //span[normalize-space()='Product has been inserted successfully'] || ==> Text Return: Product has been inserted successfully
[INFO] 13-07-2025 13:18:19 [TestNG-test=User Add Product Test-1] LogUtils - checkElementExist: true --- By.xpath: //span[normalize-space()='Product has been inserted successfully']
[INFO] 13-07-2025 13:18:19 [TestNG-test=User Add Product Test-1] LogUtils - Get current url: https://cms.anhtester.com/admin/products/admin
[INFO] 13-07-2025 13:18:21 [TestNG-test=User Add Product Test-1] LogUtils - 🔍 Tìm kiếm với từ khóa [Laptop Asus] bằng element: By.xpath: //input[@id='search']
[INFO] 13-07-2025 13:18:21 [TestNG-test=User Add Product Test-1] LogUtils - Get text of element: By.xpath: (//tbody/tr)[1]/td[2]//span || ==> Text Return: Laptop Asus
[INFO] 13-07-2025 13:18:21 [TestNG-test=User Add Product Test-1] LogUtils - checkElementExist: true --- By.xpath: //h5[normalize-space()='All Product']
[INFO] 13-07-2025 13:18:22 [TestNG-test=User Add Product Test-1] LogUtils - Get text of element: By.xpath: //h5[normalize-space()='All Product'] || ==> Text Return: All Product
[INFO] 13-07-2025 13:18:22 [TestNG-test=User Add Product Test-1] LogUtils - ✅ Verify add new product successfully !
[INFO] 13-07-2025 13:18:22 [TestNG-test=User Add Product Test-1] LogUtils - Get attribute of element By.xpath: (//a[@title='View'])[1]
[INFO] 13-07-2025 13:18:22 [TestNG-test=User Add Product Test-1] LogUtils - ==> Attribute value: https://cms.anhtester.com/product/laptop-asus-6
[INFO] 13-07-2025 13:18:22 [TestNG-test=User Add Product Test-1] LogUtils - Click on element By.xpath: (//a[@title='View'])[1]
[INFO] 13-07-2025 13:18:23 [TestNG-test=User Add Product Test-1] LogUtils - ✅ Switched to new tab with URL: https://cms.anhtester.com/product/laptop-asus-6
[INFO] 13-07-2025 13:18:23 [TestNG-test=User Add Product Test-1] LogUtils - start verifyProductDetailPage
[INFO] 13-07-2025 13:18:23 [TestNG-test=User Add Product Test-1] LogUtils - Get current url: https://cms.anhtester.com/product/laptop-asus-6
[INFO] 13-07-2025 13:18:23 [TestNG-test=User Add Product Test-1] LogUtils - currentURL verify product detail page: https://cms.anhtester.com/product/laptop-asus-6
[INFO] 13-07-2025 13:18:23 [TestNG-test=User Add Product Test-1] LogUtils - href expected verify product detail page: https://cms.anhtester.com/product/laptop-asus-6
[INFO] 13-07-2025 13:18:23 [TestNG-test=User Add Product Test-1] LogUtils - title verify product detail page: Laptop Asus
[INFO] 13-07-2025 13:18:23 [TestNG-test=User Add Product Test-1] LogUtils - Get text of element: By.xpath: //div[@class='text-left']/h1 || ==> Text Return: Laptop Asus
[INFO] 13-07-2025 13:18:23 [TestNG-test=User Add Product Test-1] LogUtils - href expected verify product detail page: https://cms.anhtester.com/product/laptop-asus-6
[INFO] 13-07-2025 13:18:23 [TestNG-test=User Add Product Test-1] LogUtils - title verify product detail page: Laptop Asus
[INFO] 13-07-2025 13:18:23 [TestNG-test=User Add Product Test-1] LogUtils - Get text of element: By.xpath: //div[@class='text-left']/h1 || ==> Text Return: Laptop Asus
[INFO] 13-07-2025 13:18:23 [TestNG-test=User Add Product Test-1] LogUtils - Get text of element: By.xpath: (//div[@class='text-left']//strong)[1] || ==> Text Return: $3,000.00
[INFO] 13-07-2025 13:18:23 [TestNG-test=User Add Product Test-1] LogUtils - Get text of element: By.xpath: (//div[@class='text-left']//strong)[1]/following-sibling::span || ==> Text Return: /PC
[INFO] 13-07-2025 13:18:23 [TestNG-test=User Add Product Test-1] LogUtils - Get text of element: By.xpath: //span[@id='available-quantity'] || ==> Text Return: 500
[INFO] 13-07-2025 13:18:23 [TestNG-test=User Add Product Test-1] LogUtils - Get text of element: By.xpath: //div[@id='tab_default_1']//p || ==> Text Return: Laptop asus vừa mạnh vừa đẹp
[INFO] 13-07-2025 13:18:23 [TestNG-test=User Add Product Test-1] LogUtils - 🔍 nameProduct UI: Laptop Asus | expected: Laptop Asus
[INFO] 13-07-2025 13:18:23 [TestNG-test=User Add Product Test-1] LogUtils - 🔍 priceProduct UI: 3000 | expected: 3000
[INFO] 13-07-2025 13:18:23 [TestNG-test=User Add Product Test-1] LogUtils - 🔍 unitProduct UI: PC | expected: PC
[INFO] 13-07-2025 13:18:23 [TestNG-test=User Add Product Test-1] LogUtils - 🔍 quantityProduct UI: 500 | expected: 500
[INFO] 13-07-2025 13:18:23 [TestNG-test=User Add Product Test-1] LogUtils - 🔍 descriptionProduct UI: Laptop asus vừa mạnh vừa đẹp | expected: Laptop asus vừa mạnh vừa đẹp
[INFO] 13-07-2025 13:18:23 [TestNG-test=User Add Product Test-1] LogUtils - ✅ Verify info product detail with excel data successfully !
[INFO] 13-07-2025 13:18:26 [TestNG-test=User Add Product Test-1] LogUtils - ✅ Đây là Test case chạy thành công: testAdminCheckDetailProduct
[INFO] 13-07-2025 13:18:27 [main] LogUtils - ⭐️ Total test: 8
[INFO] 13-07-2025 13:18:27 [main] LogUtils - ⭐️ Passed: 8
[INFO] 13-07-2025 13:18:27 [main] LogUtils - ⭐️ Failed: 0
[INFO] 13-07-2025 13:18:27 [main] LogUtils - ⭐️ Skipped: 0
[INFO] 13-07-2025 13:18:27 [main] LogUtils - 🟢 Kết thúc toàn bộ suite: User Add Product Test
[INFO] 13-07-2025 13:18:30 [main] LogUtils - ✅ Email with attachments sent!
[INFO] 13-07-2025 13:18:31 [main] LogUtils - ⚙\uFE0F Thời gian chạy toàn bộ test:Sun Jul 13 13:18:31 ICT 2025
[INFO] 13-07-2025 13:18:31 [main] LogUtils - ⚙️ Bắt đầu test suite cho class: UserAddCartTest
[INFO] 13-07-2025 13:18:31 [TestNG-test=User Add Product Test-1] LogUtils - Run with Edge browser (default)
[INFO] 13-07-2025 13:18:32 [TestNG-test=User Add Product Test-1] LogUtils - Bắt đầu chạy test: testAddCart
[INFO] 13-07-2025 13:18:43 [TestNG-test=User Add Product Test-1] LogUtils - 🌐 Open URL: https://cms.anhtester.com/
[INFO] 13-07-2025 13:18:43 [TestNG-test=User Add Product Test-1] LogUtils - checkElementExist: true --- By.xpath: //b[normalize-space()='Website Demo']
[INFO] 13-07-2025 13:18:43 [TestNG-test=User Add Product Test-1] LogUtils - Click on element By.xpath: //b[normalize-space()='Website Demo']/following::button[@data-value='removed']
[INFO] 13-07-2025 13:18:45 [TestNG-test=User Add Product Test-1] LogUtils - Click on element By.xpath: (//a[normalize-space()='Login'])[1]
[INFO] 13-07-2025 13:18:45 [TestNG-test=User Add Product Test-1] LogUtils - checkElementExist: true --- By.xpath: //a[contains(normalize-space(), 'Forgot password')]
[INFO] 13-07-2025 13:18:45 [TestNG-test=User Add Product Test-1] LogUtils - Clear text on element By.xpath: //input[@id='email']
[INFO] 13-07-2025 13:18:46 [TestNG-test=User Add Product Test-1] LogUtils - Set text [customer@example.com] on element: By.xpath: //input[@id='email']
[INFO] 13-07-2025 13:18:46 [TestNG-test=User Add Product Test-1] LogUtils - Clear text on element By.xpath: //input[@id='password']
[INFO] 13-07-2025 13:18:46 [TestNG-test=User Add Product Test-1] LogUtils - Set text [123456] on element: By.xpath: //input[@id='password']
[INFO] 13-07-2025 13:18:52 [TestNG-test=User Add Product Test-1] LogUtils - Click on element By.xpath: //button[normalize-space()='Login']
[INFO] 13-07-2025 13:18:52 [TestNG-test=User Add Product Test-1] LogUtils - Clear text on element By.xpath: //input[@id='search' and @name='keyword']
[INFO] 13-07-2025 13:18:52 [TestNG-test=User Add Product Test-1] LogUtils - Set text [laptop asus] on element: By.xpath: //input[@id='search' and @name='keyword']
[INFO] 13-07-2025 13:18:54 [TestNG-test=User Add Product Test-1] LogUtils - Click on element By.xpath: //input[@id='search' and @name='keyword']/following-sibling::div/button[@type='submit']
[INFO] 13-07-2025 13:18:55 [TestNG-test=User Add Product Test-1] LogUtils - Get current url: https://cms.anhtester.com/search?keyword=laptop+asus
[INFO] 13-07-2025 13:18:55 [TestNG-test=User Add Product Test-1] LogUtils - verifyUserProductListPage: Passed - This Is Product List Page
[INFO] 13-07-2025 13:18:55 [TestNG-test=User Add Product Test-1] LogUtils - Get text of element: By.xpath: //div[@id='cart_items']//span[contains(@class, 'badge') and contains(@class, 'cart-count')] || ==> Text Return: 0
[INFO] 13-07-2025 13:18:56 [TestNG-test=User Add Product Test-1] LogUtils - Click on element By.xpath: ((//form[@id='search-form']/descendant::div[@class='col'])[1]/descendant::a[@data-title='Add to cart'])[1]
[INFO] 13-07-2025 13:18:56 [TestNG-test=User Add Product Test-1] LogUtils - Get text of element: By.xpath: (//form[@id='search-form']/descendant::div[@class='col'])[1]/descendant::div[contains(@class, 'rating')]/following-sibling::h3/a || ==> Text Return: Laptop Asus
[INFO] 13-07-2025 13:18:56 [TestNG-test=User Add Product Test-1] LogUtils - Get text of element: By.xpath: (//form[@id='search-form']/descendant::div[@class='col'])[2]/descendant::div[contains(@class, 'rating')]/following-sibling::h3/a || ==> Text Return: Laptop Asus
[INFO] 13-07-2025 13:18:56 [TestNG-test=User Add Product Test-1] LogUtils - Get text of element: By.xpath: //div[@id='addToCart-modal-body']//h2 || ==> Text Return: Laptop Asus
[INFO] 13-07-2025 13:18:56 [TestNG-test=User Add Product Test-1] LogUtils - ✅ verifyPopupAddCart: verify success !
[INFO] 13-07-2025 13:18:56 [TestNG-test=User Add Product Test-1] LogUtils - Get text of element: By.xpath: (//div[@id='addToCart-modal-body']//strong)[1] || ==> Text Return: $3,000.00
[INFO] 13-07-2025 13:18:56 [TestNG-test=User Add Product Test-1] LogUtils - 🔍 Raw price (popup): $3,000.00
[INFO] 13-07-2025 13:18:56 [TestNG-test=User Add Product Test-1] LogUtils - 💡 Formatted price range: 3000.00
[INFO] 13-07-2025 13:18:56 [TestNG-test=User Add Product Test-1] LogUtils - 📌 prices[0]: 3000.00
[INFO] 13-07-2025 13:18:56 [TestNG-test=User Add Product Test-1] LogUtils - 💲 Chỉ có một mức giá: 3000.0
[INFO] 13-07-2025 13:18:56 [TestNG-test=User Add Product Test-1] LogUtils - Get attribute of element By.xpath: //input[@name='quantity']
[INFO] 13-07-2025 13:18:56 [TestNG-test=User Add Product Test-1] LogUtils - ==> Attribute value: 1
[INFO] 13-07-2025 13:18:56 [TestNG-test=User Add Product Test-1] LogUtils - Get text of element: By.xpath: //div[@id='addToCart-modal-body']//h2 || ==> Text Return: Laptop Asus
[INFO] 13-07-2025 13:18:57 [TestNG-test=User Add Product Test-1] LogUtils - Click on element By.xpath: //span[normalize-space()='Add to cart']
[INFO] 13-07-2025 13:18:57 [TestNG-test=User Add Product Test-1] LogUtils - Click button add cart in popup add cart
[INFO] 13-07-2025 13:18:57 [TestNG-test=User Add Product Test-1] LogUtils - checkElementExist: true --- By.xpath: //h3[normalize-space()='Item added to your cart!']
[INFO] 13-07-2025 13:18:57 [TestNG-test=User Add Product Test-1] LogUtils - checkElementExist: true --- By.xpath: //span[normalize-space()='Frequently Bought Together']
[INFO] 13-07-2025 13:18:58 [TestNG-test=User Add Product Test-1] LogUtils - checkElementExist: true --- By.xpath: //h3[normalize-space()='Item added to your cart!']
[INFO] 13-07-2025 13:18:58 [TestNG-test=User Add Product Test-1] LogUtils - checkElementExist: true --- By.xpath: //span[normalize-space()='Frequently Bought Together']
[INFO] 13-07-2025 13:18:58 [TestNG-test=User Add Product Test-1] LogUtils - Get text of element: By.xpath: //div[@id='cart_items']//span[contains(@class, 'badge') and contains(@class, 'cart-count')] || ==> Text Return: 1
[INFO] 13-07-2025 13:18:58 [TestNG-test=User Add Product Test-1] LogUtils - verifyPopupAddCartSuccess countProductCart: 1
[INFO] 13-07-2025 13:18:58 [TestNG-test=User Add Product Test-1] LogUtils - verifyPopupAddCartSuccess getCartCount: 1
[INFO] 13-07-2025 13:18:58 [TestNG-test=User Add Product Test-1] LogUtils - verifyPopupAddCartSuccess: popup add cart success!
[INFO] 13-07-2025 13:18:58 [TestNG-test=User Add Product Test-1] LogUtils - Click on element By.xpath: //div[@id='addToCart']/descendant::button[contains(@class, 'close') and @aria-label='Close']
[INFO] 13-07-2025 13:18:58 [TestNG-test=User Add Product Test-1] LogUtils - Click button close popup add cart
[INFO] 13-07-2025 13:19:01 [TestNG-test=User Add Product Test-1] LogUtils - Click on element By.xpath: ((//form[@id='search-form']/descendant::div[@class='col'])[2]/descendant::a[@data-title='Add to cart'])[1]
[INFO] 13-07-2025 13:19:01 [TestNG-test=User Add Product Test-1] LogUtils - Get text of element: By.xpath: (//form[@id='search-form']/descendant::div[@class='col'])[1]/descendant::div[contains(@class, 'rating')]/following-sibling::h3/a || ==> Text Return: Laptop Asus
[INFO] 13-07-2025 13:19:01 [TestNG-test=User Add Product Test-1] LogUtils - Get text of element: By.xpath: (//form[@id='search-form']/descendant::div[@class='col'])[2]/descendant::div[contains(@class, 'rating')]/following-sibling::h3/a || ==> Text Return: Laptop Asus
[INFO] 13-07-2025 13:19:01 [TestNG-test=User Add Product Test-1] LogUtils - Get text of element: By.xpath: //div[@id='addToCart-modal-body']//h2 || ==> Text Return: Laptop Asus
[INFO] 13-07-2025 13:19:01 [TestNG-test=User Add Product Test-1] LogUtils - ✅ verifyPopupAddCart: verify success !
[INFO] 13-07-2025 13:19:01 [TestNG-test=User Add Product Test-1] LogUtils - Get text of element: By.xpath: (//div[@id='addToCart-modal-body']//strong)[1] || ==> Text Return: $3,000.00
[INFO] 13-07-2025 13:19:01 [TestNG-test=User Add Product Test-1] LogUtils - 🔍 Raw price (popup): $3,000.00
[INFO] 13-07-2025 13:19:01 [TestNG-test=User Add Product Test-1] LogUtils - 💡 Formatted price range: 3000.00
[INFO] 13-07-2025 13:19:01 [TestNG-test=User Add Product Test-1] LogUtils - 📌 prices[0]: 3000.00
[INFO] 13-07-2025 13:19:01 [TestNG-test=User Add Product Test-1] LogUtils - 💲 Chỉ có một mức giá: 3000.0
[INFO] 13-07-2025 13:19:01 [TestNG-test=User Add Product Test-1] LogUtils - Get attribute of element By.xpath: //input[@name='quantity']
[INFO] 13-07-2025 13:19:01 [TestNG-test=User Add Product Test-1] LogUtils - ==> Attribute value: 1
[INFO] 13-07-2025 13:19:01 [TestNG-test=User Add Product Test-1] LogUtils - Get text of element: By.xpath: //div[@id='addToCart-modal-body']//h2 || ==> Text Return: Laptop Asus
[INFO] 13-07-2025 13:19:02 [TestNG-test=User Add Product Test-1] LogUtils - Click on element By.xpath: //span[normalize-space()='Add to cart']
[INFO] 13-07-2025 13:19:02 [TestNG-test=User Add Product Test-1] LogUtils - Click button add cart in popup add cart
[INFO] 13-07-2025 13:19:02 [TestNG-test=User Add Product Test-1] LogUtils - checkElementExist: true --- By.xpath: //h3[normalize-space()='Item added to your cart!']
[INFO] 13-07-2025 13:19:02 [TestNG-test=User Add Product Test-1] LogUtils - checkElementExist: true --- By.xpath: //span[normalize-space()='Frequently Bought Together']
[INFO] 13-07-2025 13:19:03 [TestNG-test=User Add Product Test-1] LogUtils - checkElementExist: true --- By.xpath: //h3[normalize-space()='Item added to your cart!']
[INFO] 13-07-2025 13:19:03 [TestNG-test=User Add Product Test-1] LogUtils - checkElementExist: true --- By.xpath: //span[normalize-space()='Frequently Bought Together']
[INFO] 13-07-2025 13:19:03 [TestNG-test=User Add Product Test-1] LogUtils - Get text of element: By.xpath: //div[@id='cart_items']//span[contains(@class, 'badge') and contains(@class, 'cart-count')] || ==> Text Return: 2
[INFO] 13-07-2025 13:19:03 [TestNG-test=User Add Product Test-1] LogUtils - verifyPopupAddCartSuccess countProductCart: 2
[INFO] 13-07-2025 13:19:03 [TestNG-test=User Add Product Test-1] LogUtils - verifyPopupAddCartSuccess getCartCount: 2
[INFO] 13-07-2025 13:19:03 [TestNG-test=User Add Product Test-1] LogUtils - verifyPopupAddCartSuccess: popup add cart success!
[INFO] 13-07-2025 13:19:03 [TestNG-test=User Add Product Test-1] LogUtils - Click on element By.xpath: //div[@id='addToCart']/descendant::button[contains(@class, 'close') and @aria-label='Close']
[INFO] 13-07-2025 13:19:03 [TestNG-test=User Add Product Test-1] LogUtils - Click button close popup add cart
[INFO] 13-07-2025 13:19:03 [TestNG-test=User Add Product Test-1] LogUtils - Click on element By.xpath: //div[@id='cart_items']
[INFO] 13-07-2025 13:19:04 [TestNG-test=User Add Product Test-1] LogUtils - checkElementExist: true --- By.xpath: //div[normalize-space()='Cart Items']
[INFO] 13-07-2025 13:19:04 [TestNG-test=User Add Product Test-1] LogUtils - checkElementExist: true --- By.xpath: //span[normalize-space()='Subtotal']
[INFO] 13-07-2025 13:19:04 [TestNG-test=User Add Product Test-1] LogUtils - checkElementExist: true --- By.xpath: //a[normalize-space()='View cart']
[INFO] 13-07-2025 13:19:04 [TestNG-test=User Add Product Test-1] LogUtils - Get text of element: By.xpath: //div[normalize-space()='Cart Items'] || ==> Text Return: Cart Items
[INFO] 13-07-2025 13:19:04 [TestNG-test=User Add Product Test-1] LogUtils - 📦 Product: Laptop Asus
[INFO] 13-07-2025 13:19:04 [TestNG-test=User Add Product Test-1] LogUtils - Quantity: 1, Price: 3000.0, Subtotal: 3000.0
[INFO] 13-07-2025 13:19:04 [TestNG-test=User Add Product Test-1] LogUtils - 📦 Product: Laptop Asus
[INFO] 13-07-2025 13:19:04 [TestNG-test=User Add Product Test-1] LogUtils - Quantity: 1, Price: 3000.0, Subtotal: 3000.0
[INFO] 13-07-2025 13:19:04 [TestNG-test=User Add Product Test-1] LogUtils - Get text of element: By.xpath: //span[normalize-space()='Subtotal']/following-sibling::span || ==> Text Return: $6,000.00
[INFO] 13-07-2025 13:19:04 [TestNG-test=User Add Product Test-1] LogUtils - 🔢 Expected total: 6000.0 | Actual total: 6000.0
[INFO] 13-07-2025 13:19:04 [TestNG-test=User Add Product Test-1] LogUtils - ✅ verifyAddCartSuccess successfully! Sản phẩm còn lại: 2
[INFO] 13-07-2025 13:19:05 [TestNG-test=User Add Product Test-1] LogUtils - Click on element By.xpath: //a[normalize-space()='View cart']
[INFO] 13-07-2025 13:19:05 [TestNG-test=User Add Product Test-1] LogUtils - Get current url: https://cms.anhtester.com/cart
[INFO] 13-07-2025 13:19:05 [TestNG-test=User Add Product Test-1] LogUtils - checkElementExist: true --- By.xpath: //h3[contains(normalize-space(),'My Cart')]
[INFO] 13-07-2025 13:19:06 [TestNG-test=User Add Product Test-1] LogUtils - checkElementExist: true --- By.xpath: //section[@id='cart-summary']/descendant::span[normalize-space()='Subtotal']
[INFO] 13-07-2025 13:19:06 [TestNG-test=User Add Product Test-1] LogUtils - Get text of element: By.xpath: //h3[contains(normalize-space(),'My Cart')] || ==> Text Return: 1. My Cart
[INFO] 13-07-2025 13:19:06 [TestNG-test=User Add Product Test-1] LogUtils - Get text of element: By.xpath: //section[@id='cart-summary']/descendant::span[normalize-space()='Subtotal'] || ==> Text Return: Subtotal
[INFO] 13-07-2025 13:19:06 [TestNG-test=User Add Product Test-1] LogUtils - 🧾 Product: Laptop Asus - Aqua | Qty: 1 | Price: $3000.0 | Subtotal: $3000.0
[INFO] 13-07-2025 13:19:06 [TestNG-test=User Add Product Test-1] LogUtils - Total price each product actual: 3000.0, expected: 3000.0
[INFO] 13-07-2025 13:19:06 [TestNG-test=User Add Product Test-1] LogUtils - 🎯 Expected → Qty: 1 | Min: 3000.0 | Max: 3000.0
[INFO] 13-07-2025 13:19:06 [TestNG-test=User Add Product Test-1] LogUtils - 🧾 Product: Laptop Asus - Aqua | Qty: 1 | Price: $3000.0 | Subtotal: $3000.0
[INFO] 13-07-2025 13:19:06 [TestNG-test=User Add Product Test-1] LogUtils - Total price each product actual: 3000.0, expected: 3000.0
[INFO] 13-07-2025 13:19:06 [TestNG-test=User Add Product Test-1] LogUtils - 🎯 Expected → Qty: 1 | Min: 3000.0 | Max: 3000.0
[INFO] 13-07-2025 13:19:06 [TestNG-test=User Add Product Test-1] LogUtils - Get text of element: By.xpath: //section[@id='cart-summary']/descendant::span[normalize-space()='Subtotal']/following-sibling::span || ==> Text Return: $6,000.00
[INFO] 13-07-2025 13:19:06 [TestNG-test=User Add Product Test-1] LogUtils - 🔢 Expected total: 6000.0 | Actual total: 6000.0
[INFO] 13-07-2025 13:19:06 [TestNG-test=User Add Product Test-1] LogUtils - ✅ verifyProductInCart hoàn tất!
[INFO] 13-07-2025 13:19:10 [TestNG-test=User Add Product Test-1] LogUtils - Click on element By.xpath: //a[normalize-space()='Continue to Shipping']
[INFO] 13-07-2025 13:19:10 [TestNG-test=User Add Product Test-1] LogUtils - 🚛 Start verify shipping page
[INFO] 13-07-2025 13:19:10 [TestNG-test=User Add Product Test-1] LogUtils - Get current url: https://cms.anhtester.com/checkout
[INFO] 13-07-2025 13:19:10 [TestNG-test=User Add Product Test-1] LogUtils - Get CSS value color of element By.xpath: //h3[contains(normalize-space(), 'Shipping info')]
[INFO] 13-07-2025 13:19:10 [TestNG-test=User Add Product Test-1] LogUtils - ==> CSS value: rgba(230, 46, 4, 1)
[INFO] 13-07-2025 13:19:10 [TestNG-test=User Add Product Test-1] LogUtils - colorHeaderShippingPage: #e62e04
[INFO] 13-07-2025 13:19:10 [TestNG-test=User Add Product Test-1] LogUtils - 🔍 Trạng thái enabled của By.xpath: (//input[@name='address_id'])[1]/ancestor::label/parent::div: true
[INFO] 13-07-2025 13:19:10 [TestNG-test=User Add Product Test-1] LogUtils - 🔍 Trạng thái enabled của By.xpath: //div[text()='Add New Address']: true
[INFO] 13-07-2025 13:19:10 [TestNG-test=User Add Product Test-1] LogUtils - 🔍 Trạng thái enabled của By.xpath: //button[normalize-space()='Continue to Delivery Info']: true
[INFO] 13-07-2025 13:19:11 [TestNG-test=User Add Product Test-1] LogUtils - Get text of element: By.xpath: //button[normalize-space()='Continue to Delivery Info'] || ==> Text Return: Continue to Delivery Info
[INFO] 13-07-2025 13:19:12 [TestNG-test=User Add Product Test-1] LogUtils - ✅ An address option is already selected. No action taken.
[INFO] 13-07-2025 13:19:13 [TestNG-test=User Add Product Test-1] LogUtils - Click on element By.xpath: //button[normalize-space()='Continue to Delivery Info']
[INFO] 13-07-2025 13:19:13 [TestNG-test=User Add Product Test-1] LogUtils - Start verify delivery page
[INFO] 13-07-2025 13:19:13 [TestNG-test=User Add Product Test-1] LogUtils - Get current url: https://cms.anhtester.com/checkout/delivery_info
[INFO] 13-07-2025 13:19:13 [TestNG-test=User Add Product Test-1] LogUtils - Get text of element: By.xpath: //h3[normalize-space()='3. Delivery info'] || ==> Text Return: 3. Delivery info
[INFO] 13-07-2025 13:19:13 [TestNG-test=User Add Product Test-1] LogUtils - Get text of element: By.xpath: //h5[normalize-space()='Active eCommerce CMS Products'] || ==> Text Return: Active eCommerce CMS Products
[INFO] 13-07-2025 13:19:13 [TestNG-test=User Add Product Test-1] LogUtils - Get CSS value color of element By.xpath: //h3[normalize-space()='3. Delivery info']
[INFO] 13-07-2025 13:19:13 [TestNG-test=User Add Product Test-1] LogUtils - ==> CSS value: rgba(230, 46, 4, 1)
[INFO] 13-07-2025 13:19:13 [TestNG-test=User Add Product Test-1] LogUtils - checkElementExist: true --- By.xpath: //h5[normalize-space()='Active eCommerce CMS Products']
[INFO] 13-07-2025 13:19:13 [TestNG-test=User Add Product Test-1] LogUtils - checkElementExist: true --- By.xpath: //h3[normalize-space()='3. Delivery info']
[INFO] 13-07-2025 13:19:13 [TestNG-test=User Add Product Test-1] LogUtils - 🔍 Trạng thái enabled của By.xpath: //button[normalize-space()='Continue to Payment']: true
[INFO] 13-07-2025 13:19:13 [TestNG-test=User Add Product Test-1] LogUtils - Get text of element: By.xpath: //button[normalize-space()='Continue to Payment'] || ==> Text Return: Continue to Payment
[INFO] 13-07-2025 13:19:13 [TestNG-test=User Add Product Test-1] LogUtils - 🚛 Start verify product in delivery page
[INFO] 13-07-2025 13:19:13 [TestNG-test=User Add Product Test-1] LogUtils - 📦 nameProductActual: Laptop Asus
[INFO] 13-07-2025 13:19:13 [TestNG-test=User Add Product Test-1] LogUtils - 📦 nameProductActual: Laptop Asus
[INFO] 13-07-2025 13:19:15 [TestNG-test=User Add Product Test-1] LogUtils - Click on element By.xpath: //button[normalize-space()='Continue to Payment']
[INFO] 13-07-2025 13:19:15 [TestNG-test=User Add Product Test-1] LogUtils - 🚛 Start verify payment page
[INFO] 13-07-2025 13:19:15 [TestNG-test=User Add Product Test-1] LogUtils - Get current url: https://cms.anhtester.com/checkout/payment_select
[INFO] 13-07-2025 13:19:15 [TestNG-test=User Add Product Test-1] LogUtils - Get CSS value color of element By.xpath: //h3[normalize-space()='4. Payment']
[INFO] 13-07-2025 13:19:15 [TestNG-test=User Add Product Test-1] LogUtils - ==> CSS value: rgba(230, 46, 4, 1)
[INFO] 13-07-2025 13:19:15 [TestNG-test=User Add Product Test-1] LogUtils - Get text of element: By.xpath: //button[normalize-space()='Complete Order'] || ==> Text Return: Complete Order
[INFO] 13-07-2025 13:19:15 [TestNG-test=User Add Product Test-1] LogUtils - 🔍 Trạng thái enabled của By.xpath: //button[normalize-space()='Complete Order']: true
[INFO] 13-07-2025 13:19:15 [TestNG-test=User Add Product Test-1] LogUtils - 🚛 Start verify product in payment page
[INFO] 13-07-2025 13:19:15 [TestNG-test=User Add Product Test-1] LogUtils - Get text of element: By.xpath: //h3[normalize-space()='Summary']/following::span[contains(normalize-space(), 'Items')] || ==> Text Return: 2 Items
[INFO] 13-07-2025 13:19:15 [TestNG-test=User Add Product Test-1] LogUtils - countProductActual: 2
[INFO] 13-07-2025 13:19:15 [TestNG-test=User Add Product Test-1] LogUtils - countProductExpected: 2
[INFO] 13-07-2025 13:19:15 [TestNG-test=User Add Product Test-1] LogUtils - 🔍 Sản phẩm: Laptop Asus
[INFO] 13-07-2025 13:19:15 [TestNG-test=User Add Product Test-1] LogUtils -    Số lượng: 1
[INFO] 13-07-2025 13:19:15 [TestNG-test=User Add Product Test-1] LogUtils -    Giá: 3000.0
[INFO] 13-07-2025 13:19:15 [TestNG-test=User Add Product Test-1] LogUtils - 🔍 Sản phẩm: Laptop Asus
[INFO] 13-07-2025 13:19:15 [TestNG-test=User Add Product Test-1] LogUtils -    Số lượng: 1
[INFO] 13-07-2025 13:19:15 [TestNG-test=User Add Product Test-1] LogUtils -    Giá: 3000.0
[INFO] 13-07-2025 13:19:15 [TestNG-test=User Add Product Test-1] LogUtils - Get text of element: By.xpath: //th[normalize-space()='Subtotal']/following-sibling::td/span || ==> Text Return: $6,000.00
[INFO] 13-07-2025 13:19:15 [TestNG-test=User Add Product Test-1] LogUtils - 💰 Tổng tiền mong đợi (calculated): 6000.0
[INFO] 13-07-2025 13:19:15 [TestNG-test=User Add Product Test-1] LogUtils - 💰 Tổng tiền hiển thị UI: 6000.0
[INFO] 13-07-2025 13:19:15 [TestNG-test=User Add Product Test-1] LogUtils - Get text of element: By.xpath: //th[normalize-space()='Total Shipping']//following-sibling::td/span || ==> Text Return: $30,000.00
[INFO] 13-07-2025 13:19:15 [TestNG-test=User Add Product Test-1] LogUtils - Get text of element: By.xpath: //tr[@class='cart-total']/td//span || ==> Text Return: $36,000.00
[INFO] 13-07-2025 13:19:15 [TestNG-test=User Add Product Test-1] LogUtils - ✅ verifyProductPaymentPage: success!
[INFO] 13-07-2025 13:19:16 [TestNG-test=User Add Product Test-1] LogUtils - Click on element By.xpath: //input[@id='agree_checkbox']/ancestor::label[@class='aiz-checkbox']
[INFO] 13-07-2025 13:19:16 [TestNG-test=User Add Product Test-1] LogUtils - Click on element By.xpath: //button[normalize-space()='Complete Order']
[INFO] 13-07-2025 13:19:19 [TestNG-test=User Add Product Test-1] LogUtils - Get current url: https://cms.anhtester.com/checkout/order-confirmed
[INFO] 13-07-2025 13:19:19 [TestNG-test=User Add Product Test-1] LogUtils - Get CSS value color of element By.xpath: //h3[normalize-space()='5. Confirmation']
[INFO] 13-07-2025 13:19:19 [TestNG-test=User Add Product Test-1] LogUtils - ==> CSS value: rgba(230, 46, 4, 1)
[INFO] 13-07-2025 13:19:20 [TestNG-test=User Add Product Test-1] LogUtils - checkElementExist: true --- By.xpath: //span[normalize-space()='Your order has been placed successfully']
[INFO] 13-07-2025 13:19:20 [TestNG-test=User Add Product Test-1] LogUtils - Get text of element: By.xpath: //span[normalize-space()='Your order has been placed successfully'] || ==> Text Return: Your order has been placed successfully
[INFO] 13-07-2025 13:19:20 [TestNG-test=User Add Product Test-1] LogUtils - Verify order confirm page successfully!
[INFO] 13-07-2025 13:19:20 [TestNG-test=User Add Product Test-1] LogUtils - addProductToCart: success
[INFO] 13-07-2025 13:19:22 [TestNG-test=User Add Product Test-1] LogUtils - ✅ Đây là Test case chạy thành công: testAddCart
[INFO] 13-07-2025 13:19:22 [main] LogUtils - ⭐️ Total test: 9
[INFO] 13-07-2025 13:19:22 [main] LogUtils - ⭐️ Passed: 9
[INFO] 13-07-2025 13:19:22 [main] LogUtils - ⭐️ Failed: 0
[INFO] 13-07-2025 13:19:22 [main] LogUtils - ⭐️ Skipped: 0
[INFO] 13-07-2025 13:19:22 [main] LogUtils - 🟢 Kết thúc toàn bộ suite: User Add Product Test
[INFO] 13-07-2025 13:19:26 [main] LogUtils - ✅ Email with attachments sent!
